targeted_pct,cum_true_uplift,share_of_oracle_positive_uplift
0.0002777777777777778,29.218599511772485,0.001284739557687348
0.0005555555555555556,38.52000003778929,0.0016937214184658894
0.0008333333333333334,85.80284284263458,0.0037727443547576193
0.0011111111111111111,120.22186966009174,0.005286146298326899
0.001388888888888889,153.39010315068418,0.006744550956182091
0.0016666666666666668,192.78985943425386,0.008476955188641895
0.0019444444444444444,224.02929089797544,0.009850550570752363
0.0022222222222222222,245.01649890938896,0.0107733564816521
0.0025,249.0390711131514,0.010950228669921937
0.002777777777777778,295.72065822050456,0.013002814439759407
0.0030555555555555557,333.13573486082856,0.014647952462009952
0.0033333333333333335,349.42431710876633,0.015364160161976474
0.003611111111111111,367.75554210216717,0.016170182705267783
0.0038888888888888888,383.7522883558548,0.016873558399168473
0.004166666666666667,420.8405900440077,0.018504328152079263
0.0044444444444444444,436.4992960752547,0.01919284024357889
0.004722222222222222,467.76016731585906,0.020567378331018484
0.005,500.53552921455594,0.022008508455404113
0.005277777777777778,527.614516178965,0.02319916941508698
0.005555555555555556,548.8254932967219,0.024131814436262753
0.005833333333333334,558.9045429420681,0.024574989468592885
0.006111111111111111,570.0830647377744,0.02506650820622532
0.006388888888888889,607.8137209049604,0.02672552223583181
0.006666666666666667,637.3393497039322,0.02802376184749931
0.006944444444444444,672.6740706843733,0.029577426792498723
0.007222222222222222,689.7064952169351,0.03032634118011302
0.0075,722.4578231191941,0.031766414531536606
0.0077777777777777776,745.567496849586,0.03278254509572467
0.008055555555555555,765.1133707822727,0.033641975658807444
0.008333333333333333,781.5556255692056,0.034364940328412356
0.008611111111111111,810.8537408580798,0.035653176188660735
0.008888888888888889,845.0968373633121,0.037158842490026475
0.009166666666666667,877.4239868654552,0.03858026475004761
0.009444444444444445,904.7277979429338,0.039780811208570556
0.009722222222222222,917.0138775030831,0.04032102917533033
0.01,946.2099620578191,0.04160477875210046
0.010277777777777778,967.6003794049839,0.04254531374626649
0.010555555555555556,1005.9838654396526,0.04423303265458754
0.010833333333333334,1032.1729013930383,0.04538456253723829
0.011111111111111112,1055.7576596094245,0.04642158252948244
0.01138888888888889,1086.5093792622142,0.04777373326103726
0.011666666666666667,1099.7586756152905,0.048356303795585344
0.011944444444444445,1128.9887261063438,0.04964154685194485
0.012222222222222223,1153.729730074825,0.050729406880362725
0.0125,1169.4704991443184,0.051421527277298644
0.012777777777777779,1193.7749340399255,0.052490191397392506
0.013055555555555556,1215.600575584623,0.053449863165817936
0.013333333333333334,1249.2752241445796,0.05493053485505357
0.01361111111111111,1257.0726417383325,0.05527338670277699
0.013888888888888888,1277.6748150564504,0.056179262668031665
0.014166666666666666,1303.6923542597992,0.05732325185186493
0.014444444444444444,1335.774671587055,0.058733908860117395
0.014722222222222222,1370.9400079539673,0.060280125976777996
0.015,1388.3990074505045,0.06104779683252203
0.015277777777777777,1392.7942846808924,0.06124105683194831
0.015555555555555555,1439.0624079100664,0.06327546262708311
0.015833333333333335,1466.6562978306238,0.06448876382987097
0.01611111111111111,1481.6759169205939,0.06514917531805697
0.01638888888888889,1501.3020336078064,0.06601213414884181
0.016666666666666666,1528.3536201018808,0.06720159031196611
0.016944444444444446,1535.4682933781755,0.06751442194492627
0.017222222222222222,1554.4385514564167,0.06834854272346785
0.0175,1576.6282101984282,0.06932422029986773
0.017777777777777778,1601.904122826885,0.07043560022063855
0.018055555555555554,1621.0883744138982,0.07127913027718803
0.018333333333333333,1645.4006798439973,0.07234814046407397
0.01861111111111111,1670.8187588202406,0.07346577142814682
0.01888888888888889,1699.8987759016188,0.0747444175271023
0.019166666666666665,1712.9634866034428,0.07531887184486014
0.019444444444444445,1749.1636733150722,0.07691059125103357
0.01972222222222222,1777.8656335262538,0.07817261421868527
0.02,1799.923015301854,0.07914247558711629
0.020277777777777777,1827.327527378508,0.08034744986077415
0.020555555555555556,1852.3994968627712,0.08144986241728921
0.020833333333333332,1862.0334935605465,0.08187346850598194
0.021111111111111112,1891.9001665100254,0.08318670380253496
0.021388888888888888,1912.6907560549976,0.08410086441469244
0.021666666666666667,1932.6685468260357,0.08497928632770757
0.021944444444444444,1951.1376262210638,0.08579137031836225
0.022222222222222223,1972.328082331528,0.08672311303243663
0.0225,1998.271576646524,0.08786384646826344
0.02277777777777778,2017.7851627935804,0.08872185733991259
0.023055555555555555,2035.1249660058468,0.08948428714426844
0.023333333333333334,2058.9161378892527,0.09053038312946565
0.02361111111111111,2096.2348112186314,0.09217128230559993
0.02388888888888889,2123.9814180020435,0.0933912984570203
0.024166666666666666,2142.103878766614,0.09418814165333775
0.024444444444444446,2166.3576490436512,0.09525457805407683
0.024722222222222222,2183.839193055864,0.09602324019042917
0.025,2211.564976238164,0.09724234072972132
0.025277777777777777,2240.2051081561444,0.09850164511210928
0.025555555555555557,2254.071356777209,0.09911134299010071
0.025833333333333333,2285.095572434102,0.10047547534985239
0.026111111111111113,2295.7662569750096,0.10094466452272097
0.02638888888888889,2315.4250428180767,0.10180905981375866
0.02666666666666667,2335.0072769240232,0.10267008913084374
0.026944444444444444,2362.1647718964273,0.10386420208155807
0.02722222222222222,2379.66300259811,0.10463359793035408
0.0275,2405.0014798687284,0.1057477288135954
0.027777777777777776,2415.97206935866,0.10623010478384631
0.028055555555555556,2443.8509985844207,0.10745593914280899
0.028333333333333332,2466.894429398585,0.10846915701110073
0.02861111111111111,2484.232256412681,0.1092314999221761
0.028888888888888888,2506.753274218348,0.11022174733094267
0.029166666666666667,2523.9066379979868,0.11097597940788476
0.029444444444444443,2541.8033161275393,0.11176289495922631
0.029722222222222223,2576.803090772095,0.11330183233977688
0.03,2595.6450249099867,0.1141303107245994
0.03027777777777778,2617.5528580763375,0.11509359645226357
0.030555555555555555,2642.499083318734,0.11619048004420206
0.030833333333333334,2660.9794141719176,0.11700305876060045
0.03111111111111111,2674.258459499989,0.11758693735527516
0.03138888888888889,2706.5374398120316,0.11900624161973805
0.03166666666666667,2723.2171393174362,0.11973964671522518
0.03194444444444444,2742.715540693711,0.12059698991367904
0.03222222222222222,2764.8561318177003,0.12157050999071456
0.0325,2780.173046753115,0.12224399355420058
0.03277777777777778,2809.391457514234,0.12352872481253631
0.03305555555555555,2827.0013594945653,0.12430303083880608
0.03333333333333333,2829.5614960198754,0.12441559984355324
0.03361111111111111,2853.3111138476315,0.1254598687001417
0.03388888888888889,2872.052112761413,0.12628390897097705
0.034166666666666665,2891.194014353019,0.1271255769015083
0.034444444444444444,2913.04926457116,0.12808655056101198
0.034722222222222224,2926.4690178264013,0.12867661607234718
0.035,2951.6079570250645,0.1297819732820179
0.035277777777777776,2970.2890558447707,0.13060337975035577
0.035555555555555556,2993.734918517049,0.1316342925162823
0.035833333333333335,3011.790219905323,0.13242818272002518
0.03611111111111111,3018.622374037071,0.13272859200807943
0.03638888888888889,3046.3254120055876,0.13394669244208304
0.03666666666666667,3071.2461505801625,0.13504245538721124
0.036944444444444446,3092.4682027376807,0.1359755873770276
0.03722222222222222,3112.5578855641206,0.13685892917505324
0.0375,3122.319600843929,0.13728815103990674
0.03777777777777778,3126.5880865465115,0.13747583602567484
0.03805555555555556,3147.71422496253,0.13840475069570554
0.03833333333333333,3165.560925133337,0.1391894687200716
0.03861111111111111,3175.4248599679686,0.13962318517083425
0.03888888888888889,3195.73536603574,0.14051623654967946
0.03916666666666667,3220.6328638199866,0.14161097759905683
0.03944444444444444,3229.8421807787076,0.14201591055251284
0.03972222222222222,3258.550889023173,0.1432782302306654
0.04,3284.429759086507,0.1444161221431515
0.04027777777777778,3300.4738985188797,0.1451215817114486
0.04055555555555555,3324.773745727705,0.14619004411130995
0.04083333333333333,3338.5213062292905,0.14679452328187975
0.04111111111111111,3366.780645635722,0.1480370842470255
0.04138888888888889,3386.046325050405,0.14888419467885142
0.041666666666666664,3408.0053571665485,0.14984973162037285
0.041944444444444444,3428.636591470857,0.1507568853949397
0.042222222222222223,3457.6778216288426,0.15203382603587748
0.0425,3475.154544634229,0.152802276192933
0.042777777777777776,3489.5577620829777,0.15343558454869197
0.043055555555555555,3508.133346476543,0.154252351555884
0.043333333333333335,3531.4504093584014,0.1552776010050007
0.043611111111111114,3546.778398654091,0.15595157150725036
0.04388888888888889,3560.5237948386766,0.15655595551296927
0.04416666666666667,3574.5206734836925,0.15717139718299716
0.044444444444444446,3591.4681167372814,0.15791657495035644
0.04472222222222222,3611.3923408518554,0.15879264154163533
0.045,3646.741908340927,0.16034695928646941
0.04527777777777778,3670.9132273143664,0.16140977030977477
0.04555555555555556,3694.911613157697,0.16246497747674213
0.04583333333333333,3708.6436981791758,0.1630687761916501
0.04611111111111111,3723.363568015047,0.1637160077283476
0.04638888888888889,3733.4496646054104,0.16415949261430438
0.04666666666666667,3755.8533352225922,0.16514458027628126
0.04694444444444444,3775.399295974338,0.16600401465679135
0.04722222222222222,3794.1961250719587,0.1668305097764863
0.0475,3809.4426363562247,0.16750089769688378
0.04777777777777778,3832.7459976841915,0.168525544689737
0.04805555555555555,3851.528485799146,0.16935140923753478
0.04833333333333333,3865.372373725131,0.16996012391749532
0.04861111111111111,3888.845039305858,0.17099221520523056
0.04888888888888889,3908.6534497510934,0.17186318947843787
0.049166666666666664,3927.2785780512045,0.17268213492736378
0.049444444444444444,3938.7199644437255,0.1731852118009605
0.04972222222222222,3960.1037419401414,0.17412545484140332
0.05,3981.3312969338836,0.17505882879050227
0.050277777777777775,3998.11453281785,0.17579678637253635
0.050555555555555555,4005.0242002890905,0.17610060391612503
0.050833333333333335,4029.4029686597373,0.17717253647335962
0.051111111111111114,4041.1774124692383,0.1776902578557872
0.05138888888888889,4067.3403090162315,0.17884063839076325
0.051666666666666666,4081.239493059675,0.179451784436726
0.051944444444444446,4097.833047395144,0.18018140173576258
0.052222222222222225,4119.952333694795,0.1811539850413219
0.0525,4136.67792321739,0.18188940791731092
0.05277777777777778,4152.433452394757,0.18258217731504695
0.05305555555555556,4174.867399097737,0.18356859621417163
0.05333333333333334,4184.168029778895,0.18397754422493137
0.05361111111111111,4206.938208525557,0.18497874722097712
0.05388888888888889,4223.581943000736,0.18571057093687054
0.05416666666666667,4251.315357531078,0.18693000702594512
0.05444444444444444,4258.350756686404,0.1872393529819457
0.05472222222222222,4267.24982878669,0.18763064449300332
0.055,4276.537548862436,0.18803902482544294
0.05527777777777778,4297.957270974499,0.18898084834785203
0.05555555555555555,4311.866017977921,0.1895924148764244
0.05583333333333333,4338.585317458298,0.19076726040529052
0.05611111111111111,4357.080844579659,0.1915805073004238
0.05638888888888889,4360.239504074331,0.191719393313781
0.056666666666666664,4382.371109880699,0.19269251830709652
0.05694444444444444,4416.383266857848,0.19418803021529765
0.05722222222222222,4430.933790885124,0.19482781562990625
0.0575,4450.511096850062,0.19568862825701286
0.057777777777777775,4478.768662543892,0.19693111123215287
0.058055555555555555,4495.539739802231,0.19766853420035976
0.058333333333333334,4518.51751798484,0.1986788653275265
0.058611111111111114,4543.309870786357,0.19976898316015623
0.058888888888888886,4561.8478599379105,0.20058409710746858
0.059166666666666666,4569.333531645343,0.20091324151271378
0.059444444444444446,4578.091639880826,0.201298334853553
0.059722222222222225,4596.279701711304,0.20209806252365795
0.06,4617.618665981388,0.20303633513000952
0.06027777777777778,4637.273052155856,0.20390053696795962
0.06055555555555556,4661.434611654928,0.20496291886793286
0.060833333333333336,4684.374797942695,0.20597159708239476
0.06111111111111111,4699.872260563084,0.2066530193136065
0.06138888888888889,4728.787166737046,0.20792440549875
0.06166666666666667,4752.4248938948185,0.20896375453124466
0.06194444444444445,4773.648977514202,0.2098969758442819
0.06222222222222222,4784.468439959131,0.21037270677006814
0.0625,4806.414910255613,0.21133769136935193
0.06277777777777778,4834.665035326805,0.21257984718089082
0.06305555555555556,4859.540762441377,0.21367363097560865
0.06333333333333334,4878.688246229413,0.2145155443548846
0.0636111111111111,4904.2833449672735,0.2156409588641664
0.06388888888888888,4922.120689966848,0.21642526554237787
0.06416666666666666,4936.484483994166,0.2170568404533497
0.06444444444444444,4951.144728734934,0.21770145027923316
0.06472222222222222,4969.135187269693,0.21849248934772877
0.065,4994.84083277791,0.2196227645899418
0.06527777777777778,5004.162763916708,0.22003264918017434
0.06555555555555556,5027.362996805238,0.22105276162353235
0.06583333333333333,5041.17145167478,0.22165991831474519
0.0661111111111111,5056.831170559666,0.22234847494134088
0.06638888888888889,5072.117485366515,0.22302061301954373
0.06666666666666667,5084.41343437794,0.22356126494531173
0.06694444444444445,5097.278275504451,0.224126931013322
0.06722222222222222,5123.431192462904,0.22527687274656283
0.0675,5134.263367652748,0.22575316265075843
0.06777777777777778,5145.586453014485,0.2262510378371935
0.06805555555555555,5171.052392210047,0.22737077321140323
0.06833333333333333,5193.886820317713,0.2283748012468765
0.06861111111111111,5214.417752226878,0.22927754473289688
0.06888888888888889,5228.022825475242,0.22987575874997748
0.06916666666666667,5242.477662556161,0.23051133681696526
0.06944444444444445,5265.865367303848,0.2315396923834516
0.06972222222222223,5289.550302639315,0.23258111715586346
0.07,5315.569264586554,0.2337251688976354
0.07027777777777777,5338.020198483259,0.23471233472235262
0.07055555555555555,5354.303318527822,0.23542830224965974
0.07083333333333333,5374.946638638825,0.23633598743621095
0.07111111111111111,5402.634727362192,0.2375534305530631
0.07138888888888889,5423.65769917466,0.23847780899552545
0.07166666666666667,5449.412353381452,0.23961023914641935
0.07194444444444445,5462.488324924401,0.24018518860248936
0.07222222222222222,5468.8585319365575,0.24046528611147083
0.0725,5482.3577299934295,0.2410588448045811
0.07277777777777777,5499.70001808753,0.24182138386899873
0.07305555555555555,5508.2086742958045,0.24219550882352053
0.07333333333333333,5528.7277582451825,0.2430977313556666
0.07361111111111111,5542.456059715612,0.243701363708128
0.07388888888888889,5565.093677519407,0.24469673800978212
0.07416666666666667,5575.488629248754,0.24515380323228061
0.07444444444444444,5593.324292881426,0.24593803598091962
0.07472222222222222,5610.6373809458655,0.2466992911222945
0.075,5635.02696291289,0.2477716991525243
0.07527777777777778,5674.726671023454,0.2495172922435872
0.07555555555555556,5685.397368776867,0.24998648199740858
0.07583333333333334,5692.419585730108,0.2502952483330044
0.07611111111111112,5716.3193717140575,0.25134612007179086
0.0763888888888889,5726.200203331624,0.2517805794727906
0.07666666666666666,5739.318502071032,0.2523573900524108
0.07694444444444444,5753.042996875603,0.25296085502606924
0.07722222222222222,5765.720117452791,0.2535182670360639
0.0775,5778.297569414995,0.25407129662477657
0.07777777777777778,5800.511102218814,0.2550480239418252
0.07805555555555556,5818.041209590238,0.25581882140532103
0.07833333333333334,5834.489919209226,0.2565420698933915
0.07861111111111112,5846.001994791899,0.25704825496520467
0.07888888888888888,5859.161029291995,0.25762685669306756
0.07916666666666666,5867.507144041366,0.2579938347122295
0.07944444444444444,5875.124782732656,0.25832878169553464
0.07972222222222222,5886.720450869784,0.2588386423254933
0.08,5908.181396400603,0.25978227843843255
0.08027777777777778,5927.909974792111,0.26064974250242007
0.08055555555555556,5942.694092271037,0.261299799003007
0.08083333333333333,5955.886538111557,0.26187986982492073
0.0811111111111111,5971.950225347178,0.2625861889086128
0.08138888888888889,5996.042271775562,0.2636455143242514
0.08166666666666667,6039.783298897182,0.2655688038992489
0.08194444444444444,6057.958002918193,0.2663679442275061
0.08222222222222222,6061.869213628095,0.2665399198595153
0.0825,6076.839876636086,0.2671981787525681
0.08277777777777778,6101.691506054209,0.26829090297343927
0.08305555555555555,6114.520202469546,0.2688549797612985
0.08333333333333333,6126.858317948414,0.2693974857433744
0.08361111111111111,6141.7544296247015,0.27005246662014587
0.08388888888888889,6168.599083580744,0.2712328239755989
0.08416666666666667,6178.230812799636,0.2716563303634207
0.08444444444444445,6198.099837440842,0.27252996983813055
0.08472222222222223,6213.786689640601,0.2732197195144799
0.085,6230.171769588857,0.2739401702108561
0.08527777777777777,6240.8390828830525,0.2744092111502678
0.08555555555555555,6259.855037861666,0.2752453412179797
0.08583333333333333,6278.397253061973,0.2760606409843285
0.08611111111111111,6298.036026523676,0.2769241563325075
0.08638888888888889,6311.1768164722735,0.27750195584885395
0.08666666666666667,6329.776013903267,0.278319761119473
0.08694444444444445,6351.213831564469,0.2792623803017763
0.08722222222222223,6364.939149729219,0.279865881478518
0.0875,6383.523556514409,0.2806830364055865
0.08777777777777777,6390.26448351969,0.2809794344439551
0.08805555555555555,6402.396552140966,0.2815128805616601
0.08833333333333333,6415.083991985891,0.28207074630905793
0.08861111111111111,6424.807211035943,0.28249827549767037
0.08888888888888889,6429.567981500186,0.28270760620628355
0.08916666666666667,6439.494104422632,0.2831440570624512
0.08944444444444444,6453.662904371343,0.283767058098888
0.08972222222222222,6465.42719218274,0.28428433292286553
0.09,6471.469555786709,0.28455001518257894
0.09027777777777778,6480.417555417074,0.284943458033345
0.09055555555555556,6503.928253395379,0.2859772216026563
0.09083333333333334,6518.369634746713,0.2866122080222563
0.09111111111111111,6531.773097412759,0.28720155723764623
0.0913888888888889,6542.706253934172,0.2876822872831704
0.09166666666666666,6565.415840499894,0.2886808260457128
0.09194444444444444,6574.115448338515,0.28906334712863263
0.09222222222222222,6588.803110675369,0.2897091625040926
0.0925,6619.424943932436,0.2910556021408866
0.09277777777777778,6624.427573763211,0.29127556738711524
0.09305555555555556,6644.401795166797,0.29215383235531994
0.09333333333333334,6654.333760179717,0.2925905400877533
0.09361111111111112,6663.928286062789,0.2930124106477804
0.09388888888888888,6680.849639970463,0.29375644126862027
0.09416666666666666,6704.377689125138,0.29479096776781283
0.09444444444444444,6714.439765068776,0.2952333964677934
0.09472222222222222,6739.762822131289,0.2963468493256785
0.095,6759.511037646064,0.2972151768324553
0.09527777777777778,6765.543964325884,0.2974804441513447
0.09555555555555556,6786.05284084162,0.2983822178634241
0.09583333333333334,6800.630379460944,0.2990231911075529
0.0961111111111111,6809.853014894603,0.2994287096733204
0.09638888888888889,6828.749898940139,0.30025960420132647
0.09666666666666666,6840.721192249201,0.3007859810410046
0.09694444444444444,6852.496393160289,0.30130373571313035
0.09722222222222222,6864.9932267227005,0.3018532205170477
0.0975,6873.34807077209,0.3022205823628554
0.09777777777777778,6889.971377684423,0.30295150788039243
0.09805555555555556,6898.845781604383,0.3033417147334716
0.09833333333333333,6909.6442552702,0.3038165227842658
0.09861111111111111,6913.407181202286,0.3039819783460784
0.09888888888888889,6935.40482841871,0.3049492131905686
0.09916666666666667,6951.032720666905,0.3056363704024138
0.09944444444444445,6964.16340054625,0.30621372537979824
0.09972222222222223,6981.8433157762,0.3069911098832315
0.1,6993.207978019102,0.30749081320191146
0.10027777777777777,7010.395798371694,0.3082465603316978
0.10055555555555555,7023.087889770326,0.3088046306075519
0.10083333333333333,7035.72258450498,0.309360177156536
0.10111111111111111,7044.428851001344,0.3097429910201211
0.10138888888888889,7057.714090661244,0.3103271419790866
0.10166666666666667,7070.268865897037,0.3108791744738952
0.10194444444444445,7084.226636828773,0.3114928965807989
0.10222222222222223,7102.150416303555,0.3122810037761913
0.1025,7116.421625973895,0.312908507760157
0.10277777777777777,7127.150946930478,0.3133802751716817
0.10305555555555555,7148.314720584071,0.3143108446601939
0.10333333333333333,7160.70332730574,0.3148555707383054
0.10361111111111111,7179.925115739269,0.31570075128708913
0.10388888888888889,7194.912510942181,0.3163597458934568
0.10416666666666667,7220.37528672779,0.3174793421727759
0.10444444444444445,7235.591526056116,0.3181483990376151
0.10472222222222222,7260.328730646605,0.3192360920076769
0.105,7285.634023132733,0.3203487637585142
0.10527777777777778,7300.683366867313,0.32101048223702167
0.10555555555555556,7318.142870761696,0.3217781752710999
0.10583333333333333,7324.559368083477,0.3220603081614106
0.10611111111111111,7337.122582077473,0.32261271170776384
0.1063888888888889,7346.040904915465,0.3230048496722675
0.10666666666666667,7349.73122973578,0.32316711296881817
0.10694444444444444,7366.117277387825,0.3238876062150551
0.10722222222222222,7386.1129830017335,0.32476681584232375
0.1075,7403.733619382589,0.3255415938593532
0.10777777777777778,7418.592174989782,0.3261949233986752
0.10805555555555556,7431.852889553463,0.3267779959910593
0.10833333333333334,7460.9180215665865,0.3280559875947164
0.10861111111111112,7486.796362316481,0.32919385623333147
0.10888888888888888,7513.767851364881,0.33037979051797267
0.10916666666666666,7524.333298826305,0.33084435242460647
0.10944444444444444,7536.318547304858,0.3313713428720064
0.10972222222222222,7552.6827071054795,0.33209087371111135
0.11,7566.629050857546,0.3327040933658099
0.11027777777777778,7571.767433227581,0.3329300276406765
0.11055555555555556,7584.122309862687,0.33347327060949405
0.11083333333333334,7601.148092302637,0.33422189294481064
0.1111111111111111,7613.715347724531,0.3347744741924355
0.11138888888888888,7627.828892665377,0.3353950456704558
0.11166666666666666,7646.018158745221,0.33619482629131203
0.11194444444444444,7657.998923388761,0.33672161958483376
0.11222222222222222,7684.636713686057,0.3378928811612323
0.1125,7694.95135417995,0.3383464151049276
0.11277777777777778,7719.767408805791,0.3394375751049373
0.11305555555555556,7734.914431021425,0.34010358849869193
0.11333333333333333,7743.791077125025,0.3404938939404121
0.11361111111111111,7757.819284522296,0.34111071313325037
0.11388888888888889,7778.630265688314,0.342025770363406
0.11416666666666667,7797.003794369759,0.3428336529965844
0.11444444444444445,7813.208794386388,0.3435461855923133
0.11472222222222223,7836.0461090996205,0.3445503405516098
0.115,7856.211863212741,0.34543702719821945
0.11527777777777778,7873.067291553891,0.3461781590770049
0.11555555555555555,7895.017323981804,0.34714330030293183
0.11583333333333333,7915.848892436526,0.3480592627545774
0.11611111111111111,7936.667157000511,0.3489746402351776
0.11638888888888889,7964.870043961847,0.35021471899068446
0.11666666666666667,7978.955315652742,0.350834047296094
0.11694444444444445,7989.974504309409,0.3513185601679425
0.11722222222222223,8006.248486389372,0.35203412589965394
0.1175,8030.105825135146,0.3530831312366651
0.11777777777777777,8048.88077363106,0.3539086642679976
0.11805555555555555,8055.853943515997,0.35421527400779856
0.11833333333333333,8068.282598005532,0.35476176098316164
0.11861111111111111,8081.5886447447165,0.3553468268277919
0.11888888888888889,8088.484240722937,0.35565002564892223
0.11916666666666667,8098.752007516284,0.3561014985596347
0.11944444444444445,8122.565638250918,0.3571485820587811
0.11972222222222222,8140.338685183587,0.3579300615559703
0.12,8159.790461423325,0.35878535465078154
0.12027777777777778,8172.877706343153,0.3593607997963598
0.12055555555555555,8186.448750150075,0.3599575175415357
0.12083333333333333,8200.882027802243,0.36059214764211095
0.12111111111111111,8213.37761562424,0.36114157767091876
0.1213888888888889,8228.65920297763,0.36181350788335903
0.12166666666666667,8246.496433952747,0.362597809547924
0.12194444444444444,8271.965021442484,0.3637176613674235
0.12222222222222222,8287.448513976517,0.3643984693350201
0.1225,8294.439059401355,0.3647058430759649
0.12277777777777778,8306.84460398877,0.36525131391072146
0.12305555555555556,8313.935472451643,0.3655630988478791
0.12333333333333334,8327.457253118197,0.3661576504965881
0.12361111111111112,8334.287006714014,0.3664579542332634
0.1238888888888889,8343.223221173459,0.3668508788909768
0.12416666666666666,8355.583580069579,0.36739436291438654
0.12444444444444444,8364.161446125685,0.36777153102055754
0.12472222222222222,8379.442669262298,0.36844344521841443
0.125,8389.898936407873,0.36890320647501584
0.12527777777777777,8397.744497810778,0.36924817520229913
0.12555555555555556,8405.133040168696,0.36957304883756836
0.12583333333333332,8418.263731144292,0.3701504043028541
0.12611111111111112,8425.798219382905,0.3704816951671947
0.12638888888888888,8445.525590666915,0.371349106154759
0.12666666666666668,8461.233013791694,0.37203976033308833
0.12694444444444444,8471.683175961454,0.37249925315437604
0.1272222222222222,8483.303057832913,0.373010178460358
0.1275,8486.497058343757,0.37315061841545927
0.12777777777777777,8495.45749065004,0.37354460793002253
0.12805555555555556,8515.609081750008,0.37443067183004064
0.12833333333333333,8521.15771166741,0.37467464465779315
0.12861111111111112,8539.069856075956,0.3754622402602242
0.1288888888888889,8544.236177644518,0.37568940301948617
0.12916666666666668,8555.681169961816,0.3761926384453161
0.12944444444444445,8567.965765790823,0.37673279117253244
0.1297222222222222,8577.627472488108,0.3771576156677576
0.13,8591.34755000275,0.37776088641351996
0.13027777777777777,8602.800390016753,0.3782644669019662
0.13055555555555556,8620.386228185014,0.37903771484428284
0.13083333333333333,8626.321438491475,0.3792986855818034
0.13111111111111112,8640.492589760255,0.37992179000560156
0.1313888888888889,8651.72843697112,0.3804158293372989
0.13166666666666665,8656.296777563079,0.38061669891933053
0.13194444444444445,8677.870635231993,0.3815652997702373
0.1322222222222222,8693.75546251566,0.38226375439569377
0.1325,8702.806424030625,0.3826617244725517
0.13277777777777777,8731.397742677636,0.3839188825391955
0.13305555555555557,8743.287870357808,0.3844416905324573
0.13333333333333333,8765.541044682934,0.3854201608841277
0.13361111111111112,8777.58735522589,0.38594983622577056
0.1338888888888889,8797.15223647276,0.3868101025389859
0.13416666666666666,8798.012644684397,0.3868479346214169
0.13444444444444445,8800.28383481454,0.38694779867554613
0.13472222222222222,8818.596559064226,0.38775300774256916
0.135,8841.709523904809,0.3887692830166174
0.13527777777777777,8852.667576388665,0.3892511077356821
0.13555555555555557,8874.092424818444,0.39019315666188414
0.13583333333333333,8887.321003320742,0.390774816234138
0.1361111111111111,8913.359084961388,0.3919197086673484
0.1363888888888889,8912.927622888383,0.391900737313413
0.13666666666666666,8924.918899268816,0.3924279928071918
0.13694444444444445,8951.619017482562,0.3936019949372497
0.13722222222222222,8958.235636392614,0.39389292715829816
0.1375,8972.81497305666,0.3945339794623141
0.13777777777777778,8984.48068347658,0.39504691984602275
0.13805555555555554,9001.745585138975,0.3958060562350315
0.13833333333333334,9012.037418569027,0.396258587353896
0.1386111111111111,9022.408681272454,0.3967146109717595
0.1388888888888889,9027.286906250885,0.3969291061462651
0.13916666666666666,9035.006388798458,0.39726853119604366
0.13944444444444445,9048.291162635382,0.39785266167280897
0.13972222222222222,9058.08447954907,0.3982832730590568
0.14,9066.012090195145,0.39863184948520797
0.14027777777777778,9082.380545719481,0.3993515692069519
0.14055555555555554,9096.029041856282,0.3999516925250742
0.14083333333333334,9114.858786800303,0.4007796349519862
0.1411111111111111,9129.032921514641,0.4014028705576545
0.1413888888888889,9140.037283582775,0.40188673150555343
0.14166666666666666,9157.136045516721,0.40263856274356913
0.14194444444444446,9167.416471077015,0.40309059225928384
0.14222222222222222,9185.047037741238,0.403865806910104
0.1425,9194.995910557127,0.4043032580773244
0.14277777777777778,9207.27764827494,0.40484328513361295
0.14305555555555555,9224.772247035358,0.4056125212862328
0.14333333333333334,9240.591341694146,0.40630808565326404
0.1436111111111111,9258.297693155238,0.40708663255573335
0.1438888888888889,9269.458435388853,0.40757736952739754
0.14416666666666667,9280.814288836249,0.40807668552402127
0.14444444444444443,9299.668582360067,0.4089057073500858
0.14472222222222222,9298.960225717941,0.4088745609633905
0.145,9307.86021433635,0.409265892773679
0.14527777777777778,9316.175607872428,0.4096315199834716
0.14555555555555555,9323.03025584757,0.40993291832407786
0.14583333333333334,9334.198576412186,0.41042398851436923
0.1461111111111111,9353.54803286875,0.4112747826162385
0.1463888888888889,9348.909727402503,0.41107083668410294
0.14666666666666667,9352.272881048111,0.4112187142894396
0.14694444444444443,9354.129098770221,0.41130033203892535
0.14722222222222223,9366.18580115693,0.4118304643091331
0.1475,9382.639943170743,0.41255395165918335
0.14777777777777779,9401.691772198727,0.41339165910606784
0.14805555555555555,9412.529463645096,0.41386819155963567
0.14833333333333334,9419.251790736942,0.414163771761251
0.1486111111111111,9428.310659898616,0.4145620895367223
0.14888888888888888,9442.940310981197,0.4152053541618247
0.14916666666666667,9463.8461251173,0.4161245811903305
0.14944444444444444,9475.282208267814,0.41662742488078697
0.14972222222222223,9490.608718928977,0.417301330367591
0.15,9506.162621289272,0.4179852342497954
0.1502777777777778,9518.986516133036,0.41854909991292444
0.15055555555555555,9531.960143762886,0.4191195493150615
0.15083333333333335,9540.235900435007,0.4194834336950156
0.1511111111111111,9552.599564311178,0.42002706303814236
0.15138888888888888,9557.811924992924,0.4202562501336455
0.15166666666666667,9568.035400259354,0.42070577554934957
0.15194444444444444,9566.521624233395,0.4206392149347231
0.15222222222222223,9572.324512072446,0.4208943674635994
0.1525,9586.809946833946,0.42153129090823266
0.1527777777777778,9598.557376122772,0.4220478244642783
0.15305555555555556,9618.891799426729,0.4229419274821463
0.15333333333333332,9629.206941618797,0.42339548348547157
0.15361111111111111,9637.662327780616,0.4237672661601762
0.15388888888888888,9655.437961242054,0.4245488593868351
0.15416666666666667,9669.775951118392,0.42517929969128676
0.15444444444444444,9677.406256172562,0.4255148036135868
0.15472222222222223,9677.523943987615,0.4255199783377003
0.155,9688.519716459214,0.4260034616017048
0.15527777777777776,9702.842954202235,0.426633253255997
0.15555555555555556,9711.682806841187,0.427021940891926
0.15583333333333332,9721.01092684086,0.4274320976058919
0.15611111111111112,9738.170439728754,0.4281866000586478
0.15638888888888888,9752.930837447986,0.42883561360323796
0.15666666666666668,9773.393919716544,0.42973537374581544
0.15694444444444444,9790.033509275225,0.43046701521005143
0.15722222222222224,9805.416274234445,0.4311433941939844
0.1575,9820.54398088653,0.43180855828390574
0.15777777777777777,9831.075387485922,0.4322716234164723
0.15805555555555556,9834.243557620744,0.43241092761194033
0.15833333333333333,9846.199496562034,0.4329366293212567
0.15861111111111112,9854.342870625649,0.43329469284816724
0.15888888888888889,9870.912967736867,0.4340232787348702
0.15916666666666668,9892.352578772652,0.434965976771715
0.15944444444444444,9908.924947441716,0.4356946625386405
0.1597222222222222,9924.73906454209,0.4363900080428137
0.16,9929.74616515896,0.4366101698691608
0.16027777777777777,9938.066323443609,0.436976006584579
0.16055555555555556,9946.359232937422,0.43734064517277454
0.16083333333333333,9962.534321986555,0.43805186258557915
0.16111111111111112,9982.055406385032,0.43891020315476253
0.1613888888888889,9980.934404323358,0.43886091278092715
0.16166666666666665,9990.706713379564,0.4392906004533084
0.16194444444444445,10001.982776819917,0.43978640808950187
0.1622222222222222,10010.910937001536,0.44017897860124294
0.1625,10033.711305001463,0.4411815090164168
0.16277777777777777,10052.836286278067,0.44202243296200777
0.16305555555555556,10068.363009928893,0.4427051417984617
0.16333333333333333,10078.340048196143,0.44314383139839725
0.16361111111111112,10083.336028978118,0.4433635042864651
0.1638888888888889,10095.89544255347,0.4439157407287049
0.16416666666666666,10112.75640778153,0.44465711606397895
0.16444444444444445,10124.729070975562,0.4451835531373932
0.16472222222222221,10132.329477357447,0.4455177424173884
0.165,10152.677778616031,0.4464124556478466
0.16527777777777777,10163.157997037642,0.44687327004020044
0.16555555555555557,10170.923514664464,0.44721471924884837
0.16583333333333333,10182.98899441549,0.4477452374590854
0.1661111111111111,10199.149661363219,0.4484558207332082
0.1663888888888889,10215.11000278223,0.4491575957093476
0.16666666666666666,10226.538770507996,0.44966011774114434
0.16694444444444445,10232.97320537762,0.44994303934404456
0.16722222222222222,10250.87987670458,0.4507303942955021
0.1675,10255.423935767927,0.45093019622060115
0.16777777777777778,10260.948780182878,0.4511731232016529
0.16805555555555557,10263.073041384812,0.4512665268021878
0.16833333333333333,10279.202836874061,0.4519757526606721
0.1686111111111111,10275.562234651283,0.4518156756628843
0.1688888888888889,10279.992280554923,0.4520104644381808
0.16916666666666666,10281.087364207246,0.45205861518156426
0.16944444444444445,10298.127270164166,0.45280785852682826
0.16972222222222222,10311.645469359915,0.45340225269854334
0.17,10333.957380639707,0.45438330570956154
0.17027777777777778,10346.866736810161,0.4549509291006065
0.17055555555555554,10358.667636048112,0.45546981372617423
0.17083333333333334,10373.097218882434,0.456104281365895
0.1711111111111111,10379.36658409138,0.45637994486859895
0.1713888888888889,10388.093780356847,0.4567636790125106
0.17166666666666666,10397.082070093373,0.4571588934161242
0.17194444444444446,10409.595615348055,0.4577091130318564
0.17222222222222222,10421.914020926648,0.45825075237114365
0.1725,10425.418130081933,0.4584048277793245
0.17277777777777778,10447.048524844893,0.4593559145618779
0.17305555555555555,10460.672144913342,0.4599549440812013
0.17333333333333334,10475.440316828066,0.46060429945656517
0.1736111111111111,10492.39753791255,0.4613499071543916
0.1738888888888889,10502.6428785424,0.4618003939884319
0.17416666666666666,10513.099429823622,0.46226016773845574
0.17444444444444446,10518.482131851146,0.4624968447297406
0.17472222222222222,10533.25877860447,0.4631465727431014
0.175,10537.268039421993,0.4633228596307492
0.17527777777777778,10550.224681590626,0.463892562183472
0.17555555555555555,10562.310134544328,0.4644239586138839
0.17583333333333334,10581.014444420342,0.46524638567057003
0.1761111111111111,10595.441628302788,0.46588074782856254
0.1763888888888889,10617.787730685042,0.46686330421970806
0.17666666666666667,10632.415582750318,0.46750648974215886
0.17694444444444443,10653.006735681382,0.46841188114184823
0.17722222222222223,10665.943617556126,0.4689807148359791
0.1775,10686.0903958269,0.4698665671162703
0.17777777777777778,10692.80973812206,0.4701620160766065
0.17805555555555555,10711.00934742215,0.470962251488056
0.17833333333333334,10716.95232007506,0.47122356353534867
0.1786111111111111,10725.282013517344,0.4715898195109098
0.17888888888888888,10734.635088732628,0.4720010735037734
0.17916666666666667,10742.753041092927,0.4723580192403579
0.17944444444444443,10763.107282910409,0.47325299367673074
0.17972222222222223,10780.040962442563,0.4739975662543245
0.18,10785.125859682006,0.47422114879214106
0.1802777777777778,10804.50051803116,0.4750730510192757
0.18055555555555555,10821.198763806617,0.4758072715928207
0.18083333333333335,10836.415618069952,0.4764763554963046
0.1811111111111111,10849.466978485618,0.477050222803014
0.18138888888888888,10865.06533962511,0.4777360815342966
0.18166666666666667,10867.714474850121,0.4778525638049771
0.18194444444444444,10883.719656513586,0.4785563104031924
0.18222222222222223,10891.123632143952,0.47888186263825594
0.1825,10900.010659415897,0.47927262453914427
0.1827777777777778,10909.519513390504,0.479690728111991
0.18305555555555555,10922.074515751243,0.4802427705934659
0.18333333333333332,10939.521016480903,0.4810098918793983
0.1836111111111111,10953.306078505368,0.48161601998902476
0.18388888888888888,10960.332923140428,0.4819249898034318
0.18416666666666667,10966.74035014987,0.4822067238728114
0.18444444444444444,10975.098683812075,0.4825742391566243
0.18472222222222223,10983.778814768239,0.48295590384253084
0.185,10999.61931808518,0.4836524095466031
0.1852777777777778,11020.313856945177,0.48456234681758087
0.18555555555555556,11025.000423182879,0.4847684147720998
0.18583333333333332,11039.506798610942,0.48540625897622014
0.18611111111111112,11044.045182076885,0.4856058113457408
0.18638888888888888,11058.363350598811,0.48623538010677403
0.18666666666666668,11061.568584386505,0.4863763139881884
0.18694444444444444,11062.907188898016,0.4864351723248908
0.18722222222222223,11074.274979301976,0.4869350131885702
0.1875,11087.397885815228,0.48751202637164953
0.18777777777777777,11093.800642374139,0.487793555081681
0.18805555555555556,11104.292159867453,0.4882548662933425
0.18833333333333332,11114.897888049138,0.48872119934012664
0.18861111111111112,11138.308334178355,0.48975055484339763
0.18888888888888888,11147.567094713617,0.4901576618270849
0.18916666666666668,11156.66061688694,0.4905575032927948
0.18944444444444444,11166.41701564169,0.4909864913904532
0.1897222222222222,11172.024666630614,0.49123305937014955
0.19,11178.571178218208,0.49152090897765904
0.19027777777777777,11202.612529260658,0.49257800532110424
0.19055555555555556,11203.210674610398,0.4926043057258087
0.19083333333333333,11213.813451166454,0.4930705089898425
0.19111111111111112,11230.778649979578,0.49381646746777946
0.1913888888888889,11248.401144220234,0.4945913271747605
0.19166666666666668,11262.490419143087,0.4952108315019692
0.19194444444444445,11270.329967918195,0.4955555358544739
0.1922222222222222,11272.897284038445,0.49566842054545457
0.1925,11279.947863184065,0.4959784339644528
0.19277777777777777,11292.976763681114,0.49655131371028
0.19305555555555556,11317.131279484878,0.49761338589951604
0.19333333333333333,11320.462454219121,0.49775985739459666
0.19361111111111112,11325.453376513959,0.49797930786137684
0.1938888888888889,11342.897113646462,0.4987463076321563
0.19416666666666665,11359.524850587146,0.4994774279376969
0.19444444444444445,11373.932138730897,0.5001109152815999
0.1947222222222222,11384.385454181285,0.5005705467523925
0.195,11394.099627569032,0.500997678203934
0.19527777777777777,11403.368773596523,0.5014052418369104
0.19555555555555557,11409.9527817796,0.5016947401668193
0.19583333333333333,11416.817411108674,0.5019965773867848
0.19611111111111112,11430.4960370417,0.5025980255097138
0.1963888888888889,11432.786202564354,0.5026987239103822
0.19666666666666666,11439.384324875407,0.5029888428374052
0.19694444444444445,11448.695893505164,0.5033982717889177
0.19722222222222222,11456.91007826725,0.5037594488567559
0.1975,11465.91184898799,0.5041552560182014
0.19777777777777777,11473.87026221856,0.5045051868316073
0.19805555555555557,11488.54591245946,0.5051504740361386
0.19833333333333333,11492.234861864303,0.5053126768557774
0.1986111111111111,11506.998326690147,0.5059618252608078
0.1988888888888889,11512.425596676554,0.5062004619017931
0.19916666666666666,11523.676251199804,0.5066951523098693
0.19944444444444445,11541.474291181186,0.5074777307494749
0.19972222222222222,11555.06924583569,0.5080754998527671
0.2,11569.72678846233,0.5087199908669017
0.20027777777777778,11582.95527984975,0.509301646608721
0.20055555555555554,11603.429084845935,0.5102018782288019
0.20083333333333334,11603.209491172347,0.5101922227119807
0.2011111111111111,11625.150939955276,0.5111569865157025
0.2013888888888889,11644.98727006407,0.5120291884143542
0.20166666666666666,11657.220173106516,0.5125670682137489
0.20194444444444445,11679.535565523262,0.5135482742900893
0.20222222222222222,11684.66925729555,0.5137740023197361
0.2025,11700.440584374941,0.5144674663500007
0.20277777777777778,11714.130989254421,0.515069432392293
0.20305555555555554,11715.505050000884,0.5151298497369002
0.20333333333333334,11723.044835599972,0.5154613735257707
0.2036111111111111,11726.575531069682,0.5156166179321378
0.2038888888888889,11732.069573836336,0.5158581905670994
0.20416666666666666,11743.668869551997,0.5163682107014053
0.20444444444444446,11753.32133472375,0.5167926288474685
0.20472222222222222,11770.66981140635,0.5175554400236432
0.205,11785.613470599139,0.5182125115610329
0.20527777777777778,11804.150492956782,0.5190275829984918
0.20555555555555555,11822.892798657622,0.519851680728653
0.20583333333333334,11827.24826739878,0.5200431903518907
0.2061111111111111,11848.971486167216,0.5209983585987762
0.2063888888888889,11858.49363985509,0.5214170469589853
0.20666666666666667,11878.4825586532,0.5222959581704889
0.20694444444444443,11886.912434314396,0.5226666191504569
0.20722222222222222,11904.549488290573,0.5234421190478812
0.2075,11912.203613982612,0.5237786703617835
0.20777777777777778,11926.61271800324,0.5244122375496522
0.20805555555555555,11934.792289858264,0.5247718926906475
0.20833333333333334,11944.81573101593,0.525212622622081
0.2086111111111111,11953.42049464197,0.5255909734123189
0.2088888888888889,11965.349798249052,0.5261155039680528
0.20916666666666667,11979.283473099273,0.5267281665721185
0.20944444444444443,11988.077585176145,0.5271148429990753
0.20972222222222223,11997.841433947871,0.5275441586734032
0.21,12010.573456778018,0.5281039847312086
0.21027777777777779,12020.77395442188,0.5285524998226279
0.21055555555555555,12042.151163369585,0.5294924540444925
0.21083333333333334,12051.582176429765,0.5299071349583603
0.2111111111111111,12064.951433604148,0.5304949801609309
0.21138888888888888,12081.291949688137,0.5312134713876465
0.21166666666666667,12104.03462443268,0.5322134650348491
0.21194444444444444,12120.050990040676,0.5329177033902394
0.21222222222222223,12134.671427924945,0.5335605629117254
0.2125,12144.962158180522,0.5340130455240938
0.2127777777777778,12148.845960165167,0.534183815996576
0.21305555555555555,12169.895255239822,0.5351093518708382
0.21333333333333335,12178.650502724175,0.5354943194246718
0.2136111111111111,12183.357841964003,0.5357013007664855
0.21388888888888888,12197.48368359203,0.5363224129288887
0.21416666666666667,12218.857309382222,0.537262209599595
0.21444444444444444,12238.940339940835,0.5381452588979195
0.21472222222222223,12247.619570880002,0.5385268840101485
0.215,12266.735696930884,0.5393674185921502
0.2152777777777778,12282.6263168241,0.5400661279182
0.21555555555555556,12298.151588749159,0.5407487729223843
0.21583333333333332,12312.304187889635,0.5413710616105378
0.21611111111111111,12316.081098090433,0.5415371320595627
0.21638888888888888,12322.310231041032,0.5418110265529831
0.21666666666666667,12340.477454666052,0.5426098379688078
0.21694444444444444,12347.194361095851,0.5429051798243327
0.21722222222222223,12346.855927352399,0.5428902989188432
0.2175,12359.158615188937,0.5434312471502296
0.21777777777777776,12371.725662415522,0.5439838192435229
0.21805555555555556,12382.250686104082,0.5444466037199945
0.21833333333333332,12398.598211132577,0.5451654031294574
0.21861111111111112,12400.875679674527,0.5452655432448674
0.21888888888888888,12412.841131283203,0.545791663225432
0.21916666666666668,12422.963700659915,0.54623675181698
0.21944444444444444,12427.814283320076,0.5464500315608921
0.21972222222222224,12438.964201685956,0.5469402926079303
0.22,12446.591446967443,0.5472756619922624
0.22027777777777777,12454.2553053767,0.5476126412529871
0.22055555555555556,12462.757626128803,0.5479864876379916
0.22083333333333333,12477.399149924666,0.5486302743053775
0.22111111111111112,12493.807124393677,0.5493517316720583
0.22138888888888889,12502.696994049236,0.549742618552334
0.22166666666666668,12511.601354875169,0.5501341426082487
0.22194444444444444,12521.703683100295,0.5505783411979289
0.2222222222222222,12524.099662042005,0.5506836922064384
0.2225,12528.232721948827,0.550865422530455
0.22277777777777777,12533.155845156427,0.55108189187662
0.22305555555555556,12548.414075159899,0.5517527950681934
0.22333333333333333,12549.041346796397,0.551780376153471
0.22361111111111112,12553.516408744417,0.5519771442807526
0.2238888888888889,12560.627651071483,0.5522898250551409
0.22416666666666665,12575.421979003508,0.5529403305085597
0.22444444444444445,12590.44966277813,0.5536010966003053
0.2247222222222222,12604.090713901718,0.5542008925617733
0.225,12611.700461317032,0.5545354925662849
0.22527777777777777,12623.323336287292,0.5550465494785893
0.22555555555555556,12631.73642337034,0.5554164722660763
0.22583333333333333,12644.426010468214,0.5559744324280201
0.22611111111111112,12649.972000875052,0.5562182891966975
0.2263888888888889,12656.892175408313,0.5565225687349894
0.22666666666666666,12666.627682178701,0.5569506382137135
0.22694444444444445,12670.909632087089,0.557138915219568
0.22722222222222221,12681.38406017323,0.5575994750113198
0.2275,12685.757464734592,0.5577917732711829
0.22777777777777777,12692.816638680662,0.5581021646028913
0.22805555555555557,12704.638074209854,0.5586219522075944
0.22833333333333333,12712.646221740419,0.5589740698343193
0.2286111111111111,12713.343242554332,0.5590047177855261
0.2288888888888889,12717.254501000734,0.5591766955165055
0.22916666666666666,12726.731390493678,0.559593393613569
0.22944444444444445,12727.687919355236,0.5596354521135329
0.22972222222222222,12736.726890938406,0.5600328949940184
0.23,12743.317652706315,0.5603226902785294
0.23027777777777778,12749.22034329142,0.5605822311264204
0.23055555555555557,12760.120556566833,0.5610615126599693
0.23083333333333333,12770.927528882603,0.5615366943957437
0.2311111111111111,12770.173672371835,0.561503547383348
0.2313888888888889,12783.963207711824,0.5621098721843115
0.23166666666666666,12791.660287658608,0.5624483121934684
0.23194444444444445,12796.791394888012,0.5626739265809648
0.23222222222222222,12817.537958077286,0.5635861513576719
0.2325,12824.260178747241,0.563881726879925
0.23277777777777778,12843.177616199746,0.5647135251396436
0.23305555555555554,12862.611330571654,0.5655680240555252
0.23333333333333334,12875.010593467052,0.5661132186847703
0.2336111111111111,12882.121076473719,0.5664258660718995
0.2338888888888889,12892.342036644106,0.5668752808990254
0.23416666666666666,12901.360245632115,0.5672718108498096
0.23444444444444446,12906.856835229437,0.5675134954687183
0.23472222222222222,12919.286787180012,0.5680600394933429
0.235,12929.586991810442,0.5685129386932397
0.23527777777777778,12933.958514635675,0.568705154213311
0.23555555555555555,12938.151637028905,0.5688895254802034
0.23583333333333334,12954.571395047797,0.5696115009686599
0.2361111111111111,12963.87641676576,0.5700206420529678
0.2363888888888889,12983.537930618995,0.5708851572944014
0.23666666666666666,12993.82200477418,0.5713373472385509
0.23694444444444446,13004.984930066381,0.5718281801991321
0.23722222222222222,13026.540250324453,0.5727759659615197
0.2375,13031.568880329769,0.5729970744334093
0.23777777777777778,13043.104352235296,0.5735042882397264
0.23805555555555555,13063.119581471836,0.5743843563191703
0.23833333333333334,13061.49956484349,0.5743131243134847
0.2386111111111111,13073.786562101346,0.5748533826313416
0.2388888888888889,13074.76983615978,0.5748966171155409
0.23916666666666667,13096.475406219664,0.575851009350078
0.23944444444444443,13099.586054584253,0.5759877843177637
0.23972222222222223,13119.308182992387,0.5768549647764818
0.24,13122.20809745583,0.5769824737908544
0.24027777777777778,13143.01927059062,0.5778975394618621
0.24055555555555555,13153.286822658336,0.5783490029311051
0.24083333333333334,13165.314504470998,0.5788778591689197
0.2411111111111111,13179.259010178048,0.5794909980049212
0.24138888888888888,13183.059368978908,0.5796580994870748
0.24166666666666667,13204.345864808047,0.5805940650601416
0.24194444444444443,13212.648330423437,0.5809591238302627
0.24222222222222223,13236.467872869263,0.5820064672668923
0.2425,13246.989905741326,0.5824691202373942
0.2427777777777778,13265.712275729033,0.5832923413957928
0.24305555555555555,13276.672669714435,0.5837742690704991
0.24333333333333335,13287.85257707403,0.5842658487312685
0.2436111111111111,13294.970712274728,0.5845788325847765
0.24388888888888888,13305.157106946668,0.5850267275696126
0.24416666666666667,13325.236296425797,0.5859096079759696
0.24444444444444444,13335.592211934556,0.586364956778872
0.24472222222222223,13347.897014561135,0.5869059979974127
0.245,13360.211571503143,0.5874474681124474
0.2452777777777778,13371.018047402875,0.587922628020847
0.24555555555555555,13396.849225047767,0.5890584229013878
0.24583333333333332,13402.405513391352,0.5893027324695463
0.2461111111111111,13415.625613545606,0.5898840192494934
0.24638888888888888,13415.194246754483,0.5898650520850951
0.24666666666666667,13414.524170984281,0.5898355889053736
0.24694444444444444,13426.475186793503,0.5903610741449542
0.24722222222222223,13430.282820871296,0.5905284955204712
0.2475,13438.49342956141,0.5908895153487017
0.2477777777777778,13448.575185270214,0.5913328093664326
0.24805555555555556,13459.332761784839,0.5918058191726562
0.24833333333333332,13467.865240903811,0.5921809916187163
0.24861111111111112,13478.670226390344,0.5926560859937631
0.24888888888888888,13487.086765833596,0.5930261605812608
0.24916666666666668,13497.499764184884,0.5934840193123284
0.24944444444444444,13505.346861564687,0.593829055576397
0.24972222222222223,13523.397390472284,0.5946227359345342
0.25,13526.42670773285,0.5947559347798747
0.25027777777777777,13533.754802869214,0.5950781505554935
0.25055555555555553,13536.810716894463,0.5952125188585173
0.25083333333333335,13543.531215088571,0.5955080186436408
0.2511111111111111,13558.735358833499,0.5961765436666147
0.2513888888888889,13566.281255556081,0.5965083361611119
0.25166666666666665,13581.716622353513,0.5971870280437972
0.25194444444444447,13592.818238000142,0.5976751652240108
0.25222222222222224,13600.490052223591,0.5980124943012693
0.2525,13610.54470559406,0.5984545966312824
0.25277777777777777,13613.668000297519,0.5985919276575088
0.25305555555555553,13615.881549167683,0.5986892572299009
0.25333333333333335,13626.021903045455,0.599135127804583
0.2536111111111111,13632.029022054472,0.5993992603621859
0.2538888888888889,13631.013846020564,0.5993546231505956
0.25416666666666665,13639.471704745298,0.5997265145437002
0.2544444444444444,13663.468929121895,0.6007816706410652
0.25472222222222224,13686.818686625778,0.6018083576701804
0.255,13695.153191000378,0.6021748251820627
0.25527777777777777,13716.10509287568,0.6030960786848919
0.25555555555555554,13729.745772965089,0.6036958583320157
0.25583333333333336,13738.33036337536,0.6040733221075185
0.2561111111111111,13750.65887181085,0.6046154056686411
0.2563888888888889,13757.633137641365,0.6049220635970842
0.25666666666666665,13765.660655887905,0.6052750329526905
0.2569444444444444,13785.776023213364,0.6061595040961488
0.25722222222222224,13790.701960281278,0.6063760971675339
0.2575,13803.536866715505,0.6069404470094428
0.2577777777777778,13803.673074677075,0.6069464360629644
0.25805555555555554,13805.690152569112,0.6070351268216638
0.25833333333333336,13815.978258254048,0.6074874940318644
0.2586111111111111,13827.832450588407,0.6080087219507537
0.2588888888888889,13838.820707256364,0.6084918747454542
0.25916666666666666,13845.680866662075,0.6087935154232358
0.2594444444444444,13857.21380953134,0.6093006180280244
0.25972222222222224,13863.545722091294,0.6095790317329082
0.26,13874.100365444507,0.6100431185837406
0.2602777777777778,13895.182444113976,0.6109700959501279
0.26055555555555554,13894.421495778583,0.6109366371107525
0.2608333333333333,13907.983681484217,0.6115329653659007
0.2611111111111111,13923.028423319962,0.6121944814992728
0.2613888888888889,13925.989664432169,0.6123246870416421
0.26166666666666666,13944.8208465437,0.6131526926606983
0.2619444444444444,13961.795346169225,0.6138990600946361
0.26222222222222225,13959.449133700733,0.6137958973140999
0.2625,13961.925326479468,0.6139047753188112
0.2627777777777778,13967.568289124467,0.6141528959492905
0.26305555555555554,13970.213379884886,0.6142692003851761
0.2633333333333333,13977.132325072376,0.6145734258692297
0.26361111111111113,13981.241335802119,0.6147540987527926
0.2638888888888889,13984.886578780472,0.6149143798042436
0.26416666666666666,14000.80906240895,0.6156144901762651
0.2644444444444444,14021.107260364863,0.6165070003683851
0.26472222222222225,14029.31002337602,0.6168676752227197
0.265,14022.12069423711,0.616551560977262
0.2652777777777778,14025.586365400906,0.6167039462699341
0.26555555555555554,14045.64079546616,0.6175857380067805
0.2658333333333333,14061.29319409044,0.6182739727620842
0.26611111111111113,14076.238810127692,0.6189311303417734
0.2663888888888889,14077.056865480294,0.6189671001722727
0.26666666666666666,14090.561328130005,0.6195608903491224
0.26694444444444443,14101.803607557094,0.6200552125048691
0.26722222222222225,14112.80133165284,0.6205387815816361
0.2675,14125.141902923822,0.6210813955447011
0.2677777777777778,14141.806953544217,0.6218141565298488
0.26805555555555555,14156.479823803034,0.6224593214987831
0.2683333333333333,14172.93880753097,0.6231830217386284
0.26861111111111113,14198.233678329085,0.6242952352486508
0.2688888888888889,14207.458524253294,0.6247008510095167
0.26916666666666667,14213.474188179714,0.624965359286476
0.26944444444444443,14225.824880728329,0.6255084182813346
0.2697222222222222,14227.535957277192,0.6255836541846732
0.27,14242.091874042337,0.6262236767175482
0.2702777777777778,14248.626829033163,0.6265110181823929
0.27055555555555555,14251.850572919815,0.6266527659514249
0.2708333333333333,14252.65924151852,0.6266883230470823
0.27111111111111114,14257.072932716117,0.6268823927072207
0.2713888888888889,14258.123910000942,0.6269286040970411
0.27166666666666667,14266.149897767255,0.6272815061575503
0.27194444444444443,14260.168908260166,0.6270185225121235
0.2722222222222222,14269.949376232165,0.6274485689314004
0.2725,14273.768131105577,0.6276164792874394
0.2727777777777778,14292.439327989949,0.6284374503684474
0.27305555555555555,14300.932229495655,0.6288108825899175
0.2733333333333333,14314.500218949286,0.6294074660354156
0.27361111111111114,14326.437486894825,0.6299323467824949
0.2738888888888889,14334.721943045279,0.6302966136778375
0.27416666666666667,14341.93232736726,0.6306136537180641
0.27444444444444444,14340.455300123125,0.6305487089445284
0.2747222222222222,14338.594761766395,0.630466901217073
0.275,14342.840928274662,0.6306536048295956
0.2752777777777778,14346.559489594414,0.6308171096828398
0.27555555555555555,14356.69134531891,0.6312626065943805
0.2758333333333333,14368.33538894172,0.6317745942906982
0.2761111111111111,14371.469549787564,0.6319124031003637
0.2763888888888889,14374.963323817461,0.6320660240738817
0.27666666666666667,14396.024831518189,0.6329920969363664
0.27694444444444444,14411.420387129052,0.6336690383242615
0.2772222222222222,14412.369223221514,0.6337107585737641
0.2775,14429.485429993563,0.6344633568599601
0.2777777777777778,14441.351147425603,0.6349850915365021
0.27805555555555556,14447.379192260814,0.6352501442010621
0.2783333333333333,14462.303998223371,0.6359063867633786
0.2786111111111111,14474.741293364496,0.6364532536675229
0.2788888888888889,14484.825560954921,0.6368966581324941
0.2791666666666667,14499.317582435304,0.6375338711946464
0.27944444444444444,14507.669525299543,0.6379011054755678
0.2797222222222222,14508.997801198015,0.6379595096639548
0.28,14517.45063375629,0.6383311800569094
0.2802777777777778,14532.82782498018,0.6390073139641316
0.28055555555555556,14543.76345344218,0.6394881527006918
0.2808333333333333,14565.69117935994,0.6404523131110949
0.2811111111111111,14566.903981188243,0.6405056399135595
0.2813888888888889,14578.864672198495,0.6410315505709802
0.2816666666666667,14591.32300582485,0.6415793425356907
0.28194444444444444,14601.727265036048,0.6420368170074453
0.2822222222222222,14628.355303003797,0.6432076497746689
0.2825,14633.522092299248,0.6434348330998461
0.2827777777777778,14635.11367555943,0.6435048148925355
0.28305555555555556,14641.442942304771,0.6437831122611557
0.2833333333333333,14649.976921272175,0.6441583506554353
0.2836111111111111,14656.776851967148,0.6444573430814701
0.2838888888888889,14664.293673614085,0.6447878571471429
0.2841666666666667,14666.213951630762,0.6448722916228194
0.28444444444444444,14674.72633287741,0.6452465803669901
0.2847222222222222,14684.754976592458,0.6456875390544687
0.285,14691.182853928703,0.645970172323134
0.2852777777777778,14706.733331654052,0.6466539256244052
0.28555555555555556,14720.979188136283,0.6472803148306532
0.28583333333333333,14732.570395579682,0.6477899793242541
0.2861111111111111,14741.606086956293,0.6481872779743112
0.2863888888888889,14753.5791408213,0.648713732225498
0.2866666666666667,14761.313883474535,0.6490538282609407
0.28694444444444445,14764.155295514536,0.6491787649282853
0.2872222222222222,14768.101734822847,0.6493522895590382
0.2875,14774.081313459596,0.6496152111686054
0.2877777777777778,14782.155313963498,0.649970224345468
0.28805555555555556,14779.170150655596,0.6498389669460067
0.28833333333333333,14784.449068610069,0.6500710805596371
0.2886111111111111,14796.86297540539,0.6506169190800278
0.28888888888888886,14801.66203390055,0.650827933310395
0.2891666666666667,14817.777745800502,0.6515365399145486
0.28944444444444445,14825.2755835459,0.6518662192595409
0.2897222222222222,14825.047370737298,0.6518561847600208
0.29,14838.003549322819,0.65242586692903
0.2902777777777778,14850.460876779625,0.6529736146525434
0.29055555555555557,14869.035877794066,0.6537903560086006
0.29083333333333333,14870.648313860322,0.6538612546975582
0.2911111111111111,14888.616592574921,0.654651318521079
0.29138888888888886,14889.242982952721,0.65467886085748
0.2916666666666667,14899.518142699962,0.6551306588358026
0.29194444444444445,14911.405073897233,0.6556533262799588
0.2922222222222222,14920.788083456,0.656065896483587
0.2925,14928.899295126204,0.6564225458325501
0.2927777777777778,14934.190006894794,0.6566551780192739
0.29305555555555557,14941.10559099685,0.6569592557166614
0.29333333333333333,14946.543776160383,0.6571983722971396
0.2936111111111111,14957.254669649314,0.6576693294543388
0.29388888888888887,14966.140520202767,0.6580600396150061
0.2941666666666667,14978.116016782065,0.6585866012721511
0.29444444444444445,14984.96799172617,0.6588878820797895
0.2947222222222222,14993.535142507624,0.659264579036164
0.295,15000.298308754269,0.659561954932253
0.29527777777777775,15005.149660289719,0.6597752684835521
0.29555555555555557,15022.260659466516,0.6605276377921881
0.29583333333333334,15028.555320605112,0.6608044135549598
0.2961111111111111,15031.293624721333,0.6609248165748811
0.29638888888888887,15037.021791345463,0.6611766836177241
0.2966666666666667,15048.561657389353,0.6616840906339647
0.29694444444444446,15054.705548555843,0.6619542370527394
0.2972222222222222,15061.9798765787,0.6622740886925413
0.2975,15078.252088853249,0.6629895766060457
0.29777777777777775,15087.994670149123,0.6634179571511075
0.2980555555555556,15098.076058964465,0.6638612350365611
0.29833333333333334,15099.768464186449,0.6639356499631028
0.2986111111111111,15107.026835458344,0.6642547999858008
0.29888888888888887,15115.499717781817,0.6646273519653784
0.2991666666666667,15127.749349018517,0.6651659673021789
0.29944444444444446,15132.351330078616,0.6653683160529893
0.2997222222222222,15139.486288551363,0.6656820396244665
0.3,15147.022247435423,0.6660133951529734
0.30027777777777775,15160.837086896978,0.6666208325742027
0.3005555555555556,15172.863879796962,0.6671496497265955
0.30083333333333334,15187.589175270521,0.6677971198281619
0.3011111111111111,15191.582967419608,0.6679727265596566
0.3013888888888889,15202.453300143274,0.6684506942476592
0.3016666666666667,15209.102748873542,0.6687430699933601
0.30194444444444446,15214.98983120478,0.6690019245475374
0.3022222222222222,15224.15228607599,0.6694047969786348
0.3025,15236.237795570927,0.6699361958951603
0.30277777777777776,15235.799709182196,0.6699169332705756
0.3030555555555556,15250.511174576175,0.670563795264614
0.30333333333333334,15259.934338562527,0.6709781310553133
0.3036111111111111,15273.199725863173,0.6715614091075799
0.3038888888888889,15281.763167042027,0.6719379429530152
0.30416666666666664,15288.614589776558,0.6722391994800416
0.30444444444444446,15294.910605347475,0.6725160347970977
0.3047222222222222,15304.188689914732,0.6729239914569752
0.305,15316.914396415277,0.6734835397862571
0.30527777777777776,15330.936573489906,0.6741000938262758
0.3055555555555556,15336.212932444081,0.6743320949208613
0.30583333333333335,15346.928476713385,0.6748032565725133
0.3061111111111111,15353.847430125516,0.6751074824182037
0.3063888888888889,15370.892135371296,0.6758569367878272
0.30666666666666664,15378.940762897237,0.6762108343168138
0.30694444444444446,15392.038648510315,0.6767867473328503
0.30722222222222223,15400.169503126579,0.6771442603806304
0.3075,15419.1954675148,0.6779808305613076
0.30777777777777776,15429.989002125669,0.6784554214422381
0.3080555555555556,15435.13478706612,0.6786816812075526
0.30833333333333335,15451.186732697091,0.6793874840137976
0.3086111111111111,15460.046301341601,0.679777038560964
0.3088888888888889,15475.847975580378,0.6804718369534766
0.30916666666666665,15488.413604338057,0.6810243466768019
0.30944444444444447,15498.19586751857,0.6814544720312581
0.30972222222222223,15501.333182861368,0.6815924195439104
0.31,15512.018322208329,0.6820622442934816
0.31027777777777776,15517.087400089658,0.6822851312553471
0.31055555555555553,15529.879595509536,0.6828476030972627
0.31083333333333335,15537.262982221157,0.6831722500391636
0.3111111111111111,15550.30518009782,0.6837457144697425
0.3113888888888889,15554.032094264294,0.6839095865970102
0.31166666666666665,15562.27406903333,0.6842719855893019
0.31194444444444447,15564.948558276368,0.6843895826741915
0.31222222222222223,15567.16714691209,0.6844871338446847
0.3125,15569.093929024488,0.6845718543049465
0.31277777777777777,15577.196121595074,0.6849281070847979
0.31305555555555553,15591.730253678328,0.6855671717468973
0.31333333333333335,15599.258992121211,0.685898209793165
0.3136111111111111,15610.76506626507,0.6864041309821782
0.3138888888888889,15626.357638989635,0.6870897351973048
0.31416666666666665,15636.416225001982,0.6875320104452768
0.31444444444444447,15637.016776659519,0.6875584166551487
0.31472222222222224,15634.685725124038,0.6874559204996628
0.315,15646.493089842008,0.6879750894118861
0.31527777777777777,15653.604851986294,0.6882877930425974
0.31555555555555553,15655.733779922703,0.6883814018390856
0.31583333333333335,15665.72025745103,0.6888205064825997
0.3161111111111111,15681.723999974725,0.6895241898019508
0.3163888888888889,15699.167624372329,0.6902911846157854
0.31666666666666665,15703.37358050073,0.6904761201810194
0.3169444444444444,15712.842073807737,0.6908924490984375
0.31722222222222224,15722.97716882761,0.6913380884415452
0.3175,15724.176790905529,0.6913908357314061
0.31777777777777777,15727.931287250716,0.6915559206449357
0.31805555555555554,15732.922298483662,0.6917753750223175
0.31833333333333336,15740.168816246538,0.6920940038471419
0.3186111111111111,15749.354536668987,0.6924978992627254
0.3188888888888889,15753.308754729556,0.6926717659246128
0.31916666666666665,15765.355572250202,0.6932014635580254
0.3194444444444444,15769.969900443704,0.6934043552113353
0.31972222222222224,15791.020287873642,0.6943299391163745
0.32,15802.278271383882,0.6948249517794411
0.3202777777777778,15808.988336453376,0.6951199928208833
0.32055555555555554,15816.263628609719,0.69543988685356
0.32083333333333336,15821.538954230835,0.6956718425125709
0.3211111111111111,15835.78630935886,0.6962982976141585
0.3213888888888889,15842.605332058482,0.6965981295141591
0.32166666666666666,15855.515485347407,0.6971657879544415
0.3219444444444444,15863.653380135755,0.6975236105580429
0.32222222222222224,15869.300712464885,0.6977719233231949
0.3225,15871.481761382542,0.6978678238751922
0.3227777777777778,15876.877966599239,0.6981050946006593
0.32305555555555554,15881.870610306692,0.6983246207578189
0.3233333333333333,15890.730028740547,0.6987141687002345
0.3236111111111111,15895.880663884416,0.6989406417286176
0.3238888888888889,15895.889811657198,0.6989410439554783
0.32416666666666666,15901.374422500456,0.6991822018694986
0.3244444444444444,15909.529982387778,0.6995408012061338
0.32472222222222225,15915.156055692803,0.6997881792136424
0.325,15928.229090153742,0.7003629995264439
0.3252777777777778,15939.293783499379,0.7008495132359424
0.32555555555555554,15936.735145941548,0.7007370101406791
0.3258333333333333,15941.787892585791,0.7009591790193147
0.32611111111111113,15947.864103252132,0.7012263495317392
0.3263888888888889,15955.114090168054,0.7015451308949544
0.32666666666666666,15970.151126127766,0.7022063082015542
0.3269444444444444,15985.435750554305,0.7028783719538656
0.32722222222222225,15989.315535349864,0.703048965790855
0.3275,16003.074017632338,0.7036539251912846
0.3277777777777778,16012.5731304789,0.7040716004474856
0.32805555555555554,16010.612179641112,0.7039853775910146
0.3283333333333333,16013.356475382663,0.7041060440622376
0.32861111111111113,16025.801294094801,0.7046532417772168
0.3288888888888889,16032.998609072769,0.7049697071593992
0.32916666666666666,16049.520267355398,0.7056961631945605
0.32944444444444443,16063.328353976118,0.7063033036939012
0.32972222222222225,16077.703711110955,0.7069353870338151
0.33,16087.324354586155,0.7073584059823453
0.3302777777777778,16090.81191867909,0.707511753905416
0.33055555555555555,16093.646836186725,0.7076364050086754
0.3308333333333333,16100.067279738663,0.7079187114144205
0.33111111111111113,16109.327672316904,0.7083258901589112
0.3313888888888889,16118.03880173778,0.7087089178449105
0.33166666666666667,16120.020092767743,0.7087960350580562
0.33194444444444443,16127.549601243782,0.709127106962622
0.3322222222222222,16134.911936557324,0.7094508282761797
0.3325,16135.684990494794,0.7094848193979407
0.3327777777777778,16139.83596310232,0.70966733734202
0.33305555555555555,16158.300641303475,0.7104792278125209
0.3333333333333333,16171.99031074379,0.7110811615176101
0.33361111111111114,16178.48357911022,0.7113666700248085
0.3338888888888889,16184.03956188084,0.7116109661569474
0.33416666666666667,16187.131524481845,0.7117469195130555
0.33444444444444443,16197.163948497633,0.7121880444200649
0.3347222222222222,16206.46602534481,0.7125970560186324
0.335,16211.394609593526,0.7128137654863524
0.3352777777777778,16213.575051083613,0.7129096393298064
0.33555555555555555,16211.015590444753,0.7127971000437342
0.3358333333333333,16213.951536308738,0.7129261933559982
0.33611111111111114,16224.911605047251,0.7134081067296241
0.3363888888888889,16231.34304829006,0.7136908967909248
0.33666666666666667,16234.790239140306,0.7138424695056411
0.33694444444444444,16252.217986258567,0.7146087661967327
0.3372222222222222,16269.013876059857,0.7153472801705315
0.3375,16295.258700300448,0.7165012630598502
0.3377777777777778,16308.773083868435,0.717095489458708
0.33805555555555555,16311.667529313972,0.7172227580007869
0.3383333333333333,16326.939762909116,0.7178942769292016
0.3386111111111111,16343.180852140378,0.718608396364903
0.3388888888888889,16340.850941628447,0.7185059503801342
0.33916666666666667,16351.153170760526,0.7189589385972118
0.33944444444444444,16350.86640539085,0.7189463295461158
0.3397222222222222,16358.50531189183,0.7192822116733659
0.34,16367.986768275341,0.719699110576254
0.3402777777777778,16375.345435387784,0.7200226705992934
0.34055555555555556,16384.719936313868,0.7204348666790016
0.3408333333333333,16394.46477154879,0.7208633463295888
0.3411111111111111,16396.649063930767,0.7209593894964609
0.3413888888888889,16403.83643855062,0.721275417801867
0.3416666666666667,16413.944231213733,0.7217198566624623
0.34194444444444444,16425.44498265911,0.7222255438128357
0.3422222222222222,16430.931480335494,0.7224667846907623
0.3425,16439.571662604325,0.7228466928359807
0.3427777777777778,16449.362772493358,0.7232772071795253
0.34305555555555556,16460.412720182183,0.7237630725236357
0.3433333333333333,16471.26021979575,0.7242400362415555
0.3436111111111111,16473.123869464787,0.7243219807731721
0.3438888888888889,16477.66196131707,0.7245215203204628
0.3441666666666667,16472.988703067527,0.7243160375171526
0.34444444444444444,16480.099871623705,0.7246287150478407
0.3447222222222222,16491.929064793956,0.7251488437554203
0.345,16497.51875227681,0.725394621881146
0.3452777777777778,16500.27758123215,0.7255159273766537
0.34555555555555556,16510.815952032804,0.7259792987246105
0.3458333333333333,16518.129887108793,0.7263008918834712
0.3461111111111111,16530.207510487122,0.7268319440480604
0.3463888888888889,16536.97700304466,0.7271295981115494
0.3466666666666667,16533.760479010118,0.7269881677988556
0.34694444444444444,16542.244201475838,0.7273611964186483
0.3472222222222222,16543.90282853577,0.7274341261220205
0.3475,16559.371072882717,0.7281142636280118
0.3477777777777778,16565.68510103604,0.7283918909569211
0.34805555555555556,16565.232520407837,0.7283719910217493
0.34833333333333333,16577.014944682527,0.7288900633046133
0.3486111111111111,16579.51415448015,0.7289999533658625
0.3488888888888889,16590.32477355664,0.7294752954494234
0.3491666666666667,16598.246694196543,0.7298236216864438
0.34944444444444445,16606.116940119617,0.7301696757901672
0.3497222222222222,16609.10499467099,0.7303010603173801
0.35,16616.582981760665,0.7306298668305776
0.3502777777777778,16624.9130806901,0.7309961406353773
0.35055555555555556,16630.676710103467,0.7312495669743166
0.35083333333333333,16635.95885669134,0.7314818225507076
0.3511111111111111,16641.715857360028,0.7317349574242568
0.35138888888888886,16646.88372912861,0.7319621883456936
0.3516666666666667,16642.157445887504,0.7317543740376109
0.35194444444444445,16642.979859148625,0.7317905354850103
0.3522222222222222,16644.959629165805,0.7318775858193417
0.3525,16658.179776422046,0.7324588746703593
0.3527777777777778,16668.090380843034,0.7328946431792197
0.35305555555555557,16667.738410975882,0.7328791670914195
0.35333333333333333,16672.053829834924,0.7330689157244423
0.3536111111111111,16681.609397917557,0.7334890733130012
0.35388888888888886,16699.6929310439,0.7342842048640806
0.3541666666666667,16704.005142704988,0.7344738124768577
0.35444444444444445,16710.86506844958,0.7347754428805781
0.3547222222222222,16711.02952772106,0.7347826741420084
0.355,16722.11464259151,0.7352700857843713
0.3552777777777778,16716.096711882932,0.735005477837176
0.35555555555555557,16723.42937833944,0.7353278946133874
0.35583333333333333,16732.35801793045,0.7357204862047225
0.3561111111111111,16738.94626827567,0.7360101710621723
0.35638888888888887,16742.407355426425,0.7361623547961458
0.3566666666666667,16743.718852959868,0.7362200212411218
0.35694444444444445,16743.006830610557,0.7361887136735654
0.3572222222222222,16755.88076990944,0.7367547797875104
0.3575,16763.365000496855,0.73708386082682
0.35777777777777775,16767.8988077763,0.7372832119817747
0.35805555555555557,16776.142290758537,0.7376456772900841
0.35833333333333334,16779.170802946886,0.7377788407364616
0.3586111111111111,16786.23107929894,0.7380892805408757
0.35888888888888887,16791.465252357102,0.7383194267248806
0.3591666666666667,16805.940659699936,0.7389559092646917
0.35944444444444446,16808.963317613325,0.7390888152990526
0.3597222222222222,16804.277257083922,0.7388827695804884
0.36,16815.285039704464,0.7393667809298118
0.36027777777777775,16821.145332493128,0.7396244575498768
0.3605555555555556,16824.73750472605,0.7397824050847613
0.36083333333333334,16827.65314763607,0.7399106056777117
0.3611111111111111,16837.09752686814,0.7403258743011224
0.36138888888888887,16841.780081707246,0.7405317658747558
0.3616666666666667,16844.64780342317,0.7406578593765132
0.36194444444444446,16844.232587105114,0.7406396023471649
0.3622222222222222,16848.65126310479,0.7408338911886646
0.3625,16853.526492986563,0.7410482546690021
0.36277777777777775,16855.679231062535,0.7411429103954831
0.3630555555555556,16866.492213235524,0.7416183563842139
0.36333333333333334,16868.78272443876,0.7417190699844307
0.3636111111111111,16876.771020168322,0.7420703147290031
0.3638888888888889,16892.43237715641,0.7427589433828696
0.3641666666666667,16896.766170428342,0.7429494999374043
0.36444444444444446,16910.21941648646,0.7435410381246881
0.3647222222222222,16915.152875277152,0.7437579619256413
0.365,16919.166850743164,0.743934456116018
0.36527777777777776,16918.95138804851,0.7439249822380207
0.3655555555555556,16929.383020749174,0.7443836603199872
0.36583333333333334,16942.915057204205,0.7449786629149213
0.3661111111111111,16954.68272787206,0.7454960864828353
0.3663888888888889,16959.54485357962,0.7457098737736476
0.36666666666666664,16964.220557049037,0.7459154640930863
0.36694444444444446,16968.585661818066,0.7461073974117233
0.3672222222222222,16972.97520376806,0.7463004052313148
0.3675,16969.576171306322,0.7461509500372115
0.36777777777777776,16978.367008986406,0.7465374824891952
0.3680555555555556,16980.628599201307,0.7466369244357947
0.36833333333333335,16994.52163318676,0.7472478000641838
0.3686111111111111,16990.123578169605,0.7470544179256885
0.3688888888888889,16988.488870065892,0.7469825399369688
0.36916666666666664,16998.75095122835,0.7474337628509314
0.36944444444444446,17004.057327934577,0.7476670838237499
0.36972222222222223,17008.699338296152,0.7478711926598461
0.37,17013.872987101557,0.7480986775971447
0.37027777777777776,17019.24041601982,0.7483346830309981
0.3705555555555556,17017.753265309744,0.7482692931294491
0.37083333333333335,17027.090428509324,0.7486798474722145
0.3711111111111111,17045.761236556897,0.7495008014560987
0.3713888888888889,17048.976836218415,0.7496421911241823
0.37166666666666665,17050.492439648453,0.7497088320896246
0.37194444444444447,17069.214620828436,0.7505320449461621
0.37222222222222223,17072.72731175615,0.750686497694212
0.3725,17079.15785241751,0.7509692480690765
0.37277777777777776,17081.596224223114,0.7510764630885283
0.37305555555555553,17089.43169182607,0.7514209879922096
0.37333333333333335,17096.598372576766,0.7517361063897914
0.3736111111111111,17112.461462136052,0.7524336052091903
0.3738888888888889,17120.130152336445,0.7527707969233971
0.37416666666666665,17122.607416636663,0.752879722042825
0.37444444444444447,17123.215873991783,0.7529064758656074
0.37472222222222223,17129.933646561094,0.7532018558052196
0.375,17132.070255339924,0.7532958023277544
0.37527777777777777,17136.515255584814,0.7534912486442775
0.37555555555555553,17149.281344189556,0.7540525725715534
0.37583333333333335,17155.552913508054,0.7543283329887839
0.3761111111111111,17157.01739327287,0.7543927260506256
0.3763888888888889,17167.20374049056,0.754840618948902
0.37666666666666665,17177.893256246894,0.7553106361288545
0.37694444444444447,17180.404330233807,0.755421047857588
0.37722222222222224,17178.997473799795,0.755359188489139
0.3775,17186.294484550046,0.7556800374867079
0.37777777777777777,17195.063880365895,0.7560656271415815
0.37805555555555553,17202.83158830559,0.756407172658117
0.37833333333333335,17204.882057625455,0.7564973316353121
0.3786111111111111,17209.31747229485,0.756692356474823
0.3788888888888889,17209.84428529916,0.7567155204018233
0.37916666666666665,17213.128209712984,0.7568599143039744
0.3794444444444444,17218.554624948632,0.7570985133616351
0.37972222222222224,17220.26154042404,0.757173566302896
0.38,17224.992444033833,0.7573815837682321
0.38027777777777777,17226.864984936572,0.7574639192467059
0.38055555555555554,17234.714880777534,0.7578090785588949
0.38083333333333336,17246.487699515146,0.7583267284870374
0.3811111111111111,17252.741165773205,0.7586016929141022
0.3813888888888889,17259.372521905272,0.7588932731296614
0.38166666666666665,17263.241664580164,0.7590633990334292
0.3819444444444444,17272.230343441635,0.7594586305468365
0.38222222222222224,17290.841803816136,0.7602769750181319
0.3825,17295.686267207013,0.7604899856982474
0.3827777777777778,17300.326858004348,0.760694032116214
0.38305555555555554,17320.099977659527,0.7615634546561156
0.38333333333333336,17324.109476654136,0.7617397520163914
0.3836111111111111,17326.728791919606,0.7618549231057603
0.3838888888888889,17338.7903019812,0.7623852667690605
0.38416666666666666,17349.355767149882,0.762849829454281
0.3844444444444444,17355.60318919807,0.763124528117906
0.38472222222222224,17373.165358797152,0.7638967353550689
0.385,17379.965765219662,0.7641957486988066
0.3852777777777778,17385.747269519463,0.7644499609951181
0.38555555555555554,17392.05101826501,0.7647271363392637
0.3858333333333333,17395.78602910597,0.7648913644766814
0.3861111111111111,17392.794974609795,0.7647598480421278
0.3863888888888889,17395.399577707947,0.7648743722386392
0.38666666666666666,17400.70250165227,0.7651075413937842
0.3869444444444444,17411.429877682272,0.7655792232870378
0.38722222222222225,17425.894430658544,0.7662152285611917
0.3875,17450.188475597108,0.767283435835679
0.3877777777777778,17447.37270882218,0.7671596267886535
0.38805555555555554,17455.24066013123,0.767505579998376
0.3883333333333333,17458.076493235818,0.7676302713603627
0.38861111111111113,17462.838399592885,0.7678396520140953
0.3888888888888889,17474.530927040327,0.7683537715404272
0.38916666666666666,17486.213990810596,0.7688674749496067
0.3894444444444444,17483.24721531946,0.7687370260610246
0.38972222222222225,17490.64898134041,0.7690624811397332
0.39,17502.46533171748,0.7695820451506913
0.3902777777777778,17502.560655890855,0.7695862365472121
0.39055555555555554,17500.674213119884,0.7695032898046689
0.3908333333333333,17508.031447020086,0.769826786809477
0.39111111111111113,17513.452643029257,0.7700651563781536
0.3913888888888889,17516.49870352772,0.7701990914223678
0.39166666666666666,17521.96690243958,0.7704395277050357
0.39194444444444443,17530.95953829359,0.7708349332070985
0.39222222222222225,17527.033988116815,0.7706623270698413
0.3925,17533.94790054172,0.7709663312637138
0.3927777777777778,17542.496390900214,0.7713422077227359
0.39305555555555555,17545.657531815603,0.7714812028439697
0.3933333333333333,17554.90796170288,0.7718879435297104
0.39361111111111113,17561.976514185102,0.772198747234927
0.3938888888888889,17570.527984147706,0.772574754706911
0.39416666666666667,17568.9407659436,0.7725049648453991
0.39444444444444443,17573.825882922454,0.7727197630606296
0.3947222222222222,17577.344692881477,0.7728744848620123
0.395,17584.389046054708,0.7731842245254867
0.3952777777777778,17593.82605036103,0.7735991688739833
0.39555555555555555,17591.72829622805,0.7735069307872177
0.3958333333333333,17603.020524458912,0.7740034491879978
0.39611111111111114,17623.52368900322,0.7749049717451358
0.3963888888888889,17635.34578671799,0.7754247884660875
0.39666666666666667,17635.311716446013,0.7754232903988673
0.39694444444444443,17643.366003307034,0.7757774367683791
0.3972222222222222,17649.140380248624,0.776031335675302
0.3975,17659.888927842712,0.7765039484805889
0.3977777777777778,17661.300419549872,0.7765660116616392
0.39805555555555555,17664.73163941007,0.77671688213316
0.3983333333333333,17669.18492652562,0.7769126928227442
0.39861111111111114,17674.530610598773,0.7771477421374423
0.3988888888888889,17677.697202126325,0.7772869769216709
0.39916666666666667,17683.07551037709,0.777523460718932
0.39944444444444444,17688.181513985863,0.7777479713021733
0.3997222222222222,17699.24743471321,0.7782345389795504
0.4,17719.4420136967,0.7791224930534778
0.4002777777777778,17719.028188139375,0.7791042971757711
0.40055555555555555,17726.648217538834,0.7794393492783294
0.4008333333333333,17729.918868594727,0.7795831595519601
0.4011111111111111,17737.959753419083,0.7799367166349578
0.4013888888888889,17746.06599012515,0.780293147235133
0.40166666666666667,17755.411464462908,0.7807040670180005
0.40194444444444444,17764.107485533434,0.781086430391005
0.4022222222222222,17778.027794997983,0.7816985053200977
0.4025,17782.201878874937,0.7818820394649039
0.4027777777777778,17800.25509642629,0.7826758380424986
0.40305555555555556,17806.536027053742,0.7829520100757588
0.4033333333333333,17811.74141871323,0.7831808907438931
0.4036111111111111,17818.2520877398,0.78346716435677
0.4038888888888889,17831.53915892459,0.7840513958477431
0.4041666666666667,17835.531371283636,0.784226933115992
0.40444444444444444,17841.624802696177,0.7844948608232933
0.4047222222222222,17847.609820182355,0.7847580215786487
0.405,17849.729797482945,0.7848512368163733
0.4052777777777778,17856.837183088577,0.7851637480110187
0.40555555555555556,17873.949045901893,0.7859161552936857
0.4058333333333333,17886.946151363612,0.7864876370142718
0.4061111111111111,17894.277477711817,0.7868099948660251
0.4063888888888889,17905.81168413475,0.7873171530291706
0.4066666666666667,17907.2795055891,0.7873816930248424
0.40694444444444444,17916.959378471656,0.787807316285827
0.4072222222222222,17924.233907613005,0.7881271767687935
0.4075,17929.9241611055,0.7883773767741747
0.4077777777777778,17932.974242513363,0.7885114886174638
0.40805555555555556,17936.684052238248,0.7886746086637594
0.4083333333333333,17941.70447227048,0.7888953561437684
0.4086111111111111,17943.803969638375,0.7889876708804383
0.4088888888888889,17947.0358451542,0.7891297761965754
0.4091666666666667,17955.121616936187,0.7894853069556237
0.40944444444444444,17963.669740447367,0.7898611672843977
0.4097222222222222,17969.651722795043,0.7901241945849482
0.41,17974.106942690047,0.7903200902586953
0.4102777777777778,17976.269950050006,0.7904151975247978
0.41055555555555556,17968.36299728666,0.7900675294241504
0.41083333333333333,17973.23146941773,0.7902815957667129
0.4111111111111111,17983.292470010645,0.7907239771836054
0.4113888888888889,17991.82079378693,0.7910989669195695
0.4116666666666667,17998.262371041823,0.7913822025725968
0.41194444444444445,18015.227295700395,0.7921281489959794
0.4122222222222222,18014.77790227577,0.7921083892019021
0.4125,18029.019999920103,0.7927346131323388
0.4127777777777778,18031.764050118494,0.792855268807048
0.41305555555555556,18030.114966543802,0.7927827587299827
0.41333333333333333,18029.7736273963,0.7927677500741022
0.4136111111111111,18031.324507640507,0.7928359421583315
0.41388888888888886,18030.921141625808,0.792818206185904
0.4141666666666667,18030.378162979825,0.7927943314568914
0.41444444444444445,18037.48516950594,0.7931068259834398
0.4147222222222222,18044.711252528923,0.7934245562943337
0.415,18055.356292448698,0.7938926178751972
0.4152777777777778,18056.16074592006,0.7939279896320318
0.41555555555555557,18057.798944099584,0.7940000210791146
0.41583333333333333,18067.236812093302,0.7944150034038792
0.4161111111111111,18074.85722543648,0.794750072388413
0.41638888888888886,18083.75393612418,0.7951412600683421
0.4166666666666667,18087.562215286634,0.7953087098081816
0.41694444444444445,18093.980614214066,0.7955909263119455
0.4172222222222222,18097.192684094647,0.7957321607758346
0.4175,18105.932935009598,0.7961164689316731
0.4177777777777778,18122.378431738976,0.7968395761492363
0.41805555555555557,18130.226895654432,0.7971846724997717
0.41833333333333333,18134.28881946451,0.7973632749751235
0.4186111111111111,18138.715641847655,0.7975579220124736
0.41888888888888887,18142.345657921443,0.79771753353811
0.4191666666666667,18148.502917964735,0.7979882677853624
0.41944444444444445,18154.98657652766,0.7982733537502448
0.4197222222222222,18159.586108366348,0.7984755948089794
0.42,18167.29304460834,0.7988144681986733
0.42027777777777775,18172.263020931518,0.7990329976727018
0.42055555555555557,18181.72757547113,0.7994491534028225
0.42083333333333334,18190.339985753017,0.7998278404159258
0.4211111111111111,18196.752410092493,0.80010979421752
0.42138888888888887,18207.66932158285,0.8005898099702867
0.4216666666666667,18217.407840747284,0.8010180119037437
0.42194444444444446,18215.931498939353,0.8009530972687848
0.4222222222222222,18218.45208479784,0.8010639272337746
0.4225,18228.1459218008,0.801490164496052
0.42277777777777775,18237.426544013328,0.8018982327359957
0.4230555555555556,18238.666527096873,0.8019527546961482
0.42333333333333334,18246.001598396473,0.8022752772131243
0.4236111111111111,18254.273144643328,0.8026389764610056
0.42388888888888887,18255.690790575707,0.8027013102428622
0.4241666666666667,18255.33502109281,0.8026856670862519
0.42444444444444446,18256.35082147963,0.8027303317505914
0.4247222222222222,18276.72874868611,0.8036263476316841
0.425,18277.399319048178,0.8036558325585716
0.42527777777777775,18283.31902445993,0.8039161215470725
0.4255555555555556,18283.852677349714,0.8039395862233075
0.42583333333333334,18292.432830134767,0.8043168548767731
0.4261111111111111,18298.17512344369,0.8045693430688524
0.4263888888888889,18299.421744880943,0.8046241569169034
0.4266666666666667,18305.03848618993,0.804871124597269
0.42694444444444446,18308.03549433586,0.8050029028133411
0.4272222222222222,18313.44787590364,0.8052408848117124
0.4275,18312.927638024797,0.8052180099924697
0.42777777777777776,18320.854922072598,0.8055665720581201
0.4280555555555556,18328.346661490978,0.8058959832601457
0.42833333333333334,18331.96884731159,0.8060552504901565
0.4286111111111111,18337.41000220513,0.8062944976494333
0.4288888888888889,18342.700549839836,0.8065271226192028
0.42916666666666664,18346.09619994998,0.8066764290915686
0.42944444444444446,18347.554917902184,0.8067405688069559
0.4297222222222222,18350.58166198804,0.8068736545100036
0.43,18356.83904145432,0.8071487910005309
0.43027777777777776,18359.8201407506,0.807279869705716
0.4305555555555556,18367.856733812256,0.8076332380802401
0.43083333333333335,18372.64186597815,0.8078436399709881
0.4311111111111111,18371.1947003905,0.8077800082121754
0.4313888888888889,18373.67219431268,0.8078889434280632
0.43166666666666664,18379.77438915169,0.8081572564625478
0.43194444444444446,18389.7148244042,0.80859433663076
0.43222222222222223,18390.501332348817,0.8086289193241734
0.4325,18393.20407116574,0.8087477585406389
0.43277777777777776,18391.553240928566,0.8086751716629594
0.4330555555555556,18399.559343600384,0.8090271993774036
0.43333333333333335,18410.06671402897,0.8094892076414014
0.4336111111111111,18421.532187520752,0.8099933436228872
0.4338888888888889,18428.36928920748,0.8102939704545508
0.43416666666666665,18449.3455359876,0.8112162944009593
0.43444444444444447,18461.378447217463,0.8117453805758432
0.43472222222222223,18457.33609174626,0.8115676385188362
0.435,18458.71497568992,0.8116282679390507
0.43527777777777776,18464.427208772013,0.8118794343852843
0.43555555555555553,18465.16463273667,0.8119118588599001
0.43583333333333335,18472.460876586447,0.8122326741369146
0.4361111111111111,18476.113189897518,0.8123932660703477
0.4363888888888889,18475.939954448226,0.8123856489210586
0.43666666666666665,18480.1756001424,0.8125718899342003
0.43694444444444447,18489.551980554694,0.8129841686547715
0.43722222222222223,18495.06454625962,0.8132265557418944
0.4375,18501.860544769923,0.8135253752700738
0.43777777777777777,18506.463801285045,0.8137277801025428
0.43805555555555553,18508.511677409366,0.8138178250571306
0.43833333333333335,18522.714255808365,0.8144423113294107
0.4386111111111111,18528.698831065096,0.8147054526399715
0.4388888888888889,18536.047964105182,0.8150285934505878
0.43916666666666665,18542.726744834028,0.8153222589219945
0.43944444444444447,18541.48072711296,0.8152674716192975
0.43972222222222224,18547.862672443152,0.8155480852612138
0.44,18555.945822188656,0.8159035007295211
0.44027777777777777,18556.024101208714,0.8159069426519707
0.44055555555555553,18555.522045053684,0.8158848672817159
0.44083333333333335,18565.052921149476,0.8163039391655257
0.4411111111111111,18567.708818206967,0.8164207187534567
0.4413888888888889,18573.583731918818,0.8166790382543818
0.44166666666666665,18580.649961701645,0.816989739830686
0.4419444444444444,18581.992908939126,0.817048789116713
0.44222222222222224,18591.66710898936,0.8174741629436998
0.4425,18593.917668455506,0.8175731198691307
0.44277777777777777,18596.304308018625,0.817678060225887
0.44305555555555554,18604.14678369275,0.8180228932739149
0.44333333333333336,18611.596269362002,0.8183504465818636
0.4436111111111111,18629.196984736962,0.8191243486738067
0.4438888888888889,18640.524155929466,0.8196224035139041
0.44416666666666665,18644.55772144363,0.819799759077181
0.4444444444444444,18655.255673966803,0.8202701472211179
0.44472222222222224,18662.099822654356,0.820571083908862
0.445,18664.089179284172,0.8206585557658085
0.4452777777777778,18670.99289432119,0.8209621115813254
0.44555555555555554,18682.183692823335,0.8214541701247892
0.44583333333333336,18686.81633302326,0.8216578669556034
0.4461111111111111,18691.05420730341,0.8218442059594977
0.4463888888888889,18694.486838400175,0.8219951384829811
0.44666666666666666,18697.52283308753,0.8221286309342604
0.4469444444444444,18700.503102292518,0.8222596731403957
0.44722222222222224,18711.29804150682,0.8227343257816304
0.4475,18713.50946113006,0.8228315617312001
0.4477777777777778,18713.385193839786,0.8228260977080707
0.44805555555555554,18717.036023326204,0.8229866243978486
0.4483333333333333,18719.262087111438,0.8230845042500871
0.4486111111111111,18725.633411948547,0.8233646509097451
0.4488888888888889,18726.205465568044,0.8233898040630915
0.44916666666666666,18731.17519080594,0.8236083224969196
0.4494444444444444,18733.036461381897,0.8236901624199976
0.44972222222222225,18730.56131648533,0.8235813304905841
0.45,18737.98158464065,0.8239075991067081
0.4502777777777778,18751.33255577233,0.8244946402733971
0.45055555555555554,18757.46555327627,0.8247643076986731
0.4508333333333333,18755.91752148225,0.8246962408605779
0.45111111111111113,18763.6487416992,0.8250361820147699
0.4513888888888889,18774.725578508693,0.8255232296714337
0.45166666666666666,18779.251397141106,0.8257222295661972
0.4519444444444444,18779.87245701268,0.825749537520652
0.45222222222222225,18786.41247912211,0.8260371017863093
0.4525,18785.188598306733,0.8259832878416411
0.4527777777777778,18791.65175583859,0.8262674723777751
0.45305555555555554,18795.076879589917,0.826418074803861
0.4533333333333333,18797.84551553861,0.8265398115121071
0.45361111111111113,18795.07644873177,0.8264180558590616
0.4538888888888889,18786.471097615933,0.826039679236943
0.45416666666666666,18783.404149251288,0.8259048257548705
0.45444444444444443,18796.911374019703,0.8264987373818656
0.45472222222222225,18801.704171398676,0.8267094763114391
0.455,18806.195703664664,0.8269069686373262
0.4552777777777778,18809.494553744647,0.8270520188198623
0.45555555555555555,18814.773129764068,0.827284117398635
0.4558333333333333,18818.944208509274,0.827467519408031
0.45611111111111113,18826.633782182296,0.8278056293669119
0.4563888888888889,18835.136585117965,0.8281794969534906
0.45666666666666667,18832.79651016373,0.8280766040389809
0.45694444444444443,18836.22870258623,0.8282275172739908
0.4572222222222222,18849.598718356545,0.8288153958319656
0.4575,18856.305210869377,0.829110279788368
0.4577777777777778,18862.684054725218,0.8293907570586975
0.45805555555555555,18874.28073888104,0.8299006623629194
0.4583333333333333,18884.83329665551,0.8303646575110161
0.45861111111111114,18893.24819572883,0.8307346599715749
0.4588888888888889,18902.355476144814,0.8311351063861491
0.45916666666666667,18904.047247656094,0.8312094934484802
0.45944444444444443,18915.368781657326,0.8317073004217139
0.4597222222222222,18911.481779477497,0.8315363892368972
0.46,18922.25324123166,0.832010009576028
0.4602777777777778,18922.91244062789,0.8320389945224282
0.46055555555555555,18920.851854263827,0.8319483906995833
0.4608333333333333,18927.250063112882,0.8322297194471645
0.46111111111111114,18931.078217761835,0.8323980431106062
0.4613888888888889,18929.062211719694,0.8323093994810635
0.46166666666666667,18935.174587888647,0.8325781601878371
0.46194444444444444,18930.970043418045,0.8323932866930873
0.4622222222222222,18931.552716163413,0.8324189067685758
0.4625,18935.602785506955,0.8325969880039522
0.4627777777777778,18938.86648972951,0.8327404928258592
0.46305555555555555,18943.68800245826,0.8329524943671385
0.4633333333333333,18956.85029857004,0.8335312395078145
0.4636111111111111,18964.620439948983,0.8338728920224852
0.4638888888888889,18967.433733117687,0.8339965923052366
0.46416666666666667,18973.572683755738,0.8342665214893583
0.46444444444444444,18974.922345465693,0.8343258660102201
0.4647222222222222,18983.03806604275,0.8346827136154683
0.465,18982.09111429851,0.834641076220611
0.4652777777777778,18988.12811889504,0.8349065228451824
0.46555555555555556,18996.748709809868,0.8352855695600825
0.4658333333333333,19001.27138675825,0.8354844313152424
0.4661111111111111,19004.684911075165,0.8356345237150955
0.4663888888888889,19009.791491554013,0.8358590596632695
0.4666666666666667,19014.14702609723,0.8360505721798188
0.46694444444444444,19009.548892716768,0.8358483926111839
0.4672222222222222,19011.41225386329,0.8359303244564878
0.4675,19018.598420934162,0.8362462996660587
0.4677777777777778,19026.21412805618,0.8365811617184127
0.46805555555555556,19031.49543124177,0.8368133802104705
0.4683333333333333,19039.717202269116,0.8371748908458048
0.4686111111111111,19054.500610794013,0.837824916173738
0.4688888888888889,19058.316777161024,0.837992712713351
0.4691666666666667,19069.641219440313,0.8384906475633457
0.46944444444444444,19074.361742908648,0.8386982086146657
0.4697222222222222,19088.40425565217,0.8393156568124708
0.47,19101.492161150443,0.8398911310036321
0.4702777777777778,19114.91560734613,0.8404813588932727
0.47055555555555556,19122.294902733687,0.8408058259399713
0.4708333333333333,19122.160141163993,0.8407999004841885
0.4711111111111111,19117.256769443396,0.8405842996093773
0.4713888888888889,19123.626562839287,0.8408643789316836
0.4716666666666667,19128.621141459855,0.841083990166823
0.47194444444444444,19135.12869227478,0.8413701266721755
0.4722222222222222,19140.6866239819,0.8416145084989015
0.4725,19158.509272772033,0.842398168985922
0.4727777777777778,19166.97692343451,0.8427704909297709
0.47305555555555556,19178.653476101645,0.8432839080462498
0.47333333333333333,19181.408059757,0.843405026876246
0.4736111111111111,19182.006856730928,0.8434313559328156
0.4738888888888889,19185.762276028527,0.8435964814284911
0.4741666666666667,19185.724257258833,0.8435948097461321
0.47444444444444445,19191.046196955638,0.843828815022441
0.4747222222222222,19193.606468489932,0.8439413899635227
0.475,19194.658233772952,0.8439876360015628
0.4752777777777778,19198.123538675663,0.8441400051897632
0.47555555555555556,19210.2603434834,0.8446736595572201
0.47583333333333333,19211.204172518486,0.8447151596467976
0.4761111111111111,19218.345425663705,0.8450291599945358
0.47638888888888886,19220.868540305426,0.8451401011499287
0.4766666666666667,19233.2251205442,0.8456834190260677
0.47694444444444445,19242.230351701943,0.8460793783426601
0.4772222222222222,19248.191373289,0.8463414840001895
0.4775,19260.290877737873,0.8468734982737558
0.4777777777777778,19264.172961554566,0.8470441931985264
0.47805555555555557,19270.815556163096,0.8473362675690252
0.47833333333333333,19275.599940983488,0.8475466365990494
0.4786111111111111,19268.300625681895,0.8472256862705366
0.47888888888888886,19270.215913098076,0.8473099013098959
0.4791666666666667,19272.5273425098,0.8474115346821198
0.47944444444444445,19278.551985600865,0.8476764377722533
0.4797222222222222,19279.492157786834,0.8477177770704584
0.48,19275.208208995053,0.8475294121738558
0.4802777777777778,19273.62935945472,0.8474599902818419
0.48055555555555557,19282.694441229494,0.8478585812254301
0.48083333333333333,19285.03316981368,0.8479614149401531
0.4811111111111111,19291.439082048448,0.8482430824050076
0.48138888888888887,19298.38853825798,0.8485486494563375
0.4816666666666667,19300.76043346837,0.8486529415050461
0.48194444444444445,19297.421813453428,0.8485061426415497
0.4822222222222222,19302.43312627705,0.8487264896783013
0.4825,19298.351951380035,0.8485470407341477
0.48277777777777775,19298.25043377652,0.8485425770129833
0.48305555555555557,19309.214498938854,0.849024666109055
0.48333333333333334,19322.721055577036,0.8496185483584155
0.4836111111111111,19323.13770773534,0.8496368685215483
0.48388888888888887,19330.97108670396,0.8499813015881397
0.4841666666666667,19334.500259578585,0.8501364790461188
0.48444444444444446,19331.363146040592,0.8499985404068082
0.4847222222222222,19336.20636761758,0.8502114964844631
0.485,19340.917390895986,0.8504186398131678
0.48527777777777775,19347.84260012325,0.8507231407265653
0.4855555555555556,19344.47364090716,0.850575007850744
0.48583333333333334,19338.950956829372,0.85033217585955
0.4861111111111111,19344.010965696794,0.8505546640575763
0.48638888888888887,19353.597944772366,0.850976202785062
0.4866666666666667,19354.388270800246,0.8510109533593008
0.48694444444444446,19354.74647091936,0.8510267033907973
0.4872222222222222,19359.214344708937,0.8512231554553089
0.4875,19359.27875470078,0.851225987557662
0.48777777777777775,19367.650584435065,0.851594096262719
0.4880555555555556,19375.37465782547,0.8519337231715013
0.48833333333333334,19383.092900414453,0.8522730937003968
0.4886111111111111,19389.0898242507,0.8525367779770425
0.4888888888888889,19397.368867115892,0.8529008068506516
0.4891666666666667,19403.494669707794,0.8531701579162024
0.48944444444444446,19398.158787388973,0.8529355395838832
0.4897222222222222,19399.730100549463,0.853004630101859
0.49,19404.10885342033,0.8531971635264769
0.49027777777777776,19410.267442773635,0.8534679562233876
0.4905555555555556,19414.38080733383,0.8536488205445383
0.49083333333333334,19421.28443794271,0.8539523726477566
0.4911111111111111,19419.31140365769,0.8538656184830465
0.4913888888888889,19426.220416808144,0.8541694072562009
0.49166666666666664,19425.545410985123,0.8541397273024387
0.49194444444444446,19429.561525661346,0.8543163155537228
0.4922222222222222,19425.93003513534,0.8541566391965365
0.4925,19430.998917550318,0.8543795175637615
0.49277777777777776,19437.24053880825,0.8546539611670881
0.4930555555555556,19435.451905043763,0.854575315078985
0.49333333333333335,19427.876959289984,0.8542422453008358
0.4936111111111111,19428.302655085896,0.8542609631120139
0.4938888888888889,19433.292517867427,0.8544803669920761
0.49416666666666664,19445.03019713668,0.8549964718405162
0.49444444444444446,19452.122090072146,0.8553083018236544
0.49472222222222223,19456.80866820009,0.8555143703009863
0.495,19464.607450030308,0.8558572821340814
0.49527777777777776,19469.66258673346,0.856079556103422
0.4955555555555556,19472.766751965974,0.8562160460082925
0.49583333333333335,19474.131764161008,0.8562760654887942
0.4961111111111111,19474.160757456997,0.8562773403217735
0.4963888888888889,19475.617738830497,0.8563414036799298
0.49666666666666665,19479.514533868976,0.856512745455983
0.49694444444444447,19483.349576888773,0.8566813720005572
0.49722222222222223,19490.341569490338,0.8569888093737504
0.4975,19490.059835784086,0.8569764215645056
0.49777777777777776,19494.32736885461,0.8571640646631158
0.49805555555555553,19501.452583258848,0.8574773597886552
0.49833333333333335,19508.07448848108,0.857768524448441
0.4986111111111111,19511.59036545037,0.8579231172864923
0.4988888888888889,19516.661750964227,0.8581461057147811
0.49916666666666665,19524.277582488623,0.8584809732370979
0.49944444444444447,19533.725346338346,0.8588963906818847
0.49972222222222223,19530.977634812072,0.858775574018872
0.5,19532.49673116121,0.8588423685676966
0.5002777777777778,19538.895142568537,0.8591237062217494
0.5005555555555555,19546.997239571916,0.8594799547995181
0.5008333333333334,19546.25742664072,0.8594474252822285
0.5011111111111111,19551.13126386069,0.8596617275273344
0.5013888888888889,19562.42880659486,0.8601584796064135
0.5016666666666667,19571.690032121478,0.8605656949755798
0.5019444444444444,19580.42146393334,0.8609496153561385
0.5022222222222222,19583.626042811786,0.8610905204412439
0.5025,19586.10465873933,0.8611995049916206
0.5027777777777778,19596.370918635017,0.8616509116441597
0.5030555555555556,19599.78023050439,0.8618008188230206
0.5033333333333333,19604.21249742325,0.8619957052561843
0.5036111111111111,19611.671772653095,0.8623236890103543
0.5038888888888889,19613.060474198388,0.8623847501097522
0.5041666666666667,19617.492548145492,0.8625796280579628
0.5044444444444445,19621.782586292113,0.8627682607030261
0.5047222222222222,19623.381843902203,0.8628385799362868
0.505,19623.359478205097,0.862837596518317
0.5052777777777778,19622.8598973157,0.8628156299853005
0.5055555555555555,19621.00903610205,0.8627342477610769
0.5058333333333334,19624.38788751751,0.8628828155961383
0.5061111111111111,19627.609034890007,0.8630244491966441
0.5063888888888889,19633.334830093485,0.8632762119683047
0.5066666666666667,19639.578295584895,0.8635507366624345
0.5069444444444444,19636.62076655739,0.863420694340142
0.5072222222222222,19638.593548697045,0.8635074374180398
0.5075,19637.534531279223,0.8634608725041942
0.5077777777777778,19634.923642357724,0.8633460719205172
0.5080555555555556,19632.455671383224,0.8632375554279013
0.5083333333333333,19633.98524293215,0.8633048105704494
0.5086111111111111,19647.074903072575,0.8638803619130903
0.5088888888888888,19656.425025497698,0.8642914860719991
0.5091666666666667,19657.291549742004,0.864329587075913
0.5094444444444445,19654.220165291543,0.8641945385394908
0.5097222222222222,19666.71418089074,0.8647438994377837
0.51,19676.98299668387,0.8651954184729355
0.5102777777777778,19680.27318481887,0.8653400877904216
0.5105555555555555,19688.344018154712,0.8656949617071499
0.5108333333333334,19693.19037654582,0.8659080557102788
0.5111111111111111,19696.271483565954,0.8660435317473366
0.5113888888888889,19700.400931988155,0.8662251032746542
0.5116666666666667,19705.663755894704,0.8664565092342438
0.5119444444444444,19713.947312273962,0.8668207365667167
0.5122222222222222,19725.597740179237,0.8673330049794399
0.5125,19729.38640182498,0.867499592138589
0.5127777777777778,19731.858286021754,0.8676082806952851
0.5130555555555556,19743.211254527538,0.8681074698412495
0.5133333333333333,19758.427924782707,0.8687765456539086
0.5136111111111111,19762.610445979823,0.8689604507870289
0.5138888888888888,19764.880871461304,0.8690602812196156
0.5141666666666667,19773.640695041624,0.8694454499840345
0.5144444444444445,19782.390276306447,0.8698301683946342
0.5147222222222222,19787.641531675363,0.8700610656865201
0.515,19789.836402735466,0.8701575739970502
0.5152777777777777,19792.10429250344,0.8702572929345105
0.5155555555555555,19806.78364047576,0.8709027427280058
0.5158333333333334,19807.007260618433,0.8709125752883607
0.5161111111111111,19813.684332873243,0.8712061656382964
0.5163888888888889,19819.260369847678,0.8714513435522241
0.5166666666666667,19825.996721744494,0.8717475404234278
0.5169444444444444,19838.63370320644,0.8723031875196339
0.5172222222222222,19843.687038343993,0.8725253822742747
0.5175,19850.14193353212,0.8728092035157948
0.5177777777777778,19849.934553902614,0.8728000850495461
0.5180555555555556,19858.161562059737,0.8731618259610711
0.5183333333333333,19863.91741717464,0.8734149104647091
0.5186111111111111,19862.37875909463,0.8733472557880929
0.5188888888888888,19857.64749464489,0.8731392224566524
0.5191666666666667,19866.513492182075,0.873529059681732
0.5194444444444445,19873.950956249697,0.8738560844007881
0.5197222222222222,19867.76829822509,0.8735842334062645
0.52,19868.405515148723,0.873612251785047
0.5202777777777777,19873.903976796308,0.873854018717861
0.5205555555555555,19881.69713609668,0.8741966833287542
0.5208333333333334,19890.69482919463,0.8745923111974413
0.5211111111111111,19894.00943531037,0.8747380541716495
0.5213888888888889,19903.363371312593,0.8751493460132482
0.5216666666666666,19908.545647816038,0.8753772103097613
0.5219444444444444,19915.739698250713,0.8756935321502282
0.5222222222222223,19928.774190633703,0.8762666577708471
0.5225,19927.453600580928,0.8762085915285002
0.5227777777777778,19924.92115637095,0.8760972401527135
0.5230555555555556,19931.484932767627,0.8763858488925413
0.5233333333333333,19936.09899617606,0.8765887289032723
0.5236111111111111,19939.576652614287,0.8767416411875327
0.5238888888888888,19950.25852952776,0.8772113224881563
0.5241666666666667,19953.110710656943,0.8773367326715181
0.5244444444444445,19956.940391838747,0.877505123456491
0.5247222222222222,19955.919180061883,0.8774602208537504
0.525,19955.53271734439,0.877443228117992
0.5252777777777777,19960.15782097659,0.877646593566507
0.5255555555555556,19963.62019912833,0.8777988340656938
0.5258333333333334,19962.561690760624,0.8777522915347423
0.5261111111111111,19963.655875522676,0.8778004027539902
0.5263888888888889,19962.107202371786,0.8777323077154832
0.5266666666666666,19965.101632989423,0.8778639725978359
0.5269444444444444,19967.35289393199,0.8779629603671308
0.5272222222222223,19972.1729192538,0.8781748965072421
0.5275,19975.143462969696,0.8783055110843752
0.5277777777777778,19981.67861818919,0.8785928613532589
0.5280555555555555,19990.688351332894,0.8789890186218253
0.5283333333333333,19992.73573788736,0.8790790420500646
0.5286111111111111,20002.827283410348,0.8795227665251669
0.5288888888888889,20005.609498737245,0.8796451003176209
0.5291666666666667,20002.67604381709,0.8795161165319642
0.5294444444444445,20005.189146099125,0.8796266174446771
0.5297222222222222,20015.968651799205,0.8801005914754868
0.53,20019.26643867254,0.8802455949089091
0.5302777777777777,20029.93659765015,0.8807147609728001
0.5305555555555556,20035.323242557653,0.8809516113322123
0.5308333333333334,20043.329937345763,0.881303665081964
0.5311111111111111,20047.666066739752,0.8814943243556046
0.5313888888888889,20049.131596967196,0.8815587636062068
0.5316666666666666,20060.64713317069,0.8820651008412493
0.5319444444444444,20076.80110309503,0.8827753896477725
0.5322222222222223,20071.738481602948,0.8825527865728422
0.5325,20075.357160332136,0.8827118995963147
0.5327777777777778,20075.406641737238,0.8827140752898649
0.5330555555555555,20071.027613300404,0.8825215297486328
0.5333333333333333,20082.06202849972,0.8830067121303824
0.5336111111111111,20079.54738744434,0.8828961435579247
0.5338888888888889,20081.957698700175,0.8830021247571762
0.5341666666666667,20078.697253314764,0.882858763226086
0.5344444444444445,20083.32561696609,0.8830622720173895
0.5347222222222222,20079.97866948414,0.8829151069958138
0.535,20078.10880464523,0.8828328891836594
0.5352777777777777,20085.117310793714,0.8831410526562318
0.5355555555555556,20082.23349876782,0.8830142516647911
0.5358333333333334,20090.10979355561,0.8833605717366276
0.5361111111111111,20089.706480612404,0.8833428380977496
0.5363888888888889,20089.015723149747,0.8833124655456126
0.5366666666666666,20095.838293750883,0.883612453446568
0.5369444444444444,20089.589217777666,0.8833376820599876
0.5372222222222223,20088.287168187962,0.8832804310403661
0.5375,20088.02070567105,0.8832687147041337
0.5377777777777778,20092.38892338883,0.8834607848988862
0.5380555555555555,20096.65846621353,0.883648516366232
0.5383333333333333,20100.679800196805,0.8838253341100429
0.5386111111111112,20103.19164181349,0.883935779591398
0.5388888888888889,20101.09609424014,0.8838436385268883
0.5391666666666667,20099.375548699412,0.8837679862727108
0.5394444444444444,20112.04304676661,0.8843249751816863
0.5397222222222222,20106.331118085454,0.8840738221199385
0.54,20109.06786322834,0.8841941565919229
0.5402777777777777,20112.33783934153,0.8843379371883753
0.5405555555555556,20113.738672779105,0.8843995317261375
0.5408333333333334,20115.213417749474,0.8844643761482723
0.5411111111111111,20124.08994309349,0.884854676280203
0.5413888888888889,20123.234080999955,0.8848170440902328
0.5416666666666666,20118.9985362418,0.8846308075152401
0.5419444444444445,20129.688642266385,0.8851008506492418
0.5422222222222223,20131.093714859155,0.8851626315823296
0.5425,20134.48009835002,0.8853115306021632
0.5427777777777778,20142.700542321432,0.8856729828869508
0.5430555555555555,20146.094321032593,0.8858222070740481
0.5433333333333333,20143.369757659344,0.8857024082335312
0.5436111111111112,20136.89682380759,0.8854177938333684
0.5438888888888889,20149.794339869735,0.885984896615768
0.5441666666666667,20153.569203955598,0.8861508770972776
0.5444444444444444,20154.4366751926,0.8861890197403869
0.5447222222222222,20157.726817877105,0.8863336870594183
0.545,20158.373113691243,0.8863621046363133
0.5452777777777778,20158.09139344162,0.8863497174187553
0.5455555555555556,20167.04271713892,0.886743306428487
0.5458333333333333,20169.409376349802,0.8868473682507027
0.5461111111111111,20167.3652687369,0.88675748899727
0.5463888888888889,20173.050808932523,0.8870074817593528
0.5466666666666666,20175.861535844295,0.8871310692039857
0.5469444444444445,20178.855575110723,0.887262716878656
0.5472222222222223,20182.501905898185,0.8874230457609893
0.5475,20185.49075736367,0.887554465328454
0.5477777777777778,20183.74601952707,0.8874777493409004
0.5480555555555555,20187.118594675056,0.887626041208967
0.5483333333333333,20185.82758405454,0.8875692755719657
0.5486111111111112,20203.632385166493,0.888352151297959
0.5488888888888889,20203.91170064926,0.8883644327781045
0.5491666666666667,20199.6988100406,0.8881791923043106
0.5494444444444444,20199.98855010068,0.8881919321523133
0.5497222222222222,20213.498762732506,0.8887859751554312
0.55,20221.611764012916,0.8891427031934165
0.5502777777777778,20221.99177107603,0.8891594120745518
0.5505555555555556,20225.16197527556,0.8892988057076876
0.5508333333333333,20229.010832790256,0.8894680396745325
0.5511111111111111,20235.16799230005,0.8897387695013346
0.5513888888888889,20237.22217774608,0.8898290918763094
0.5516666666666666,20244.18730168218,0.8901353478363632
0.5519444444444445,20246.487413806477,0.8902364835883354
0.5522222222222222,20257.79993013641,0.8907338940552606
0.5525,20260.165786357575,0.8908379205700806
0.5527777777777778,20255.843410506262,0.8906478660386463
0.5530555555555555,20259.05634644005,0.890789138582828
0.5533333333333333,20263.480391059547,0.8909836634821255
0.5536111111111112,20258.182044927788,0.8907506956130444
0.5538888888888889,20258.624680711804,0.8907701582741875
0.5541666666666667,20257.667441718622,0.890728068549791
0.5544444444444444,20258.419321380512,0.8907611286402948
0.5547222222222222,20255.93702058712,0.890651982066652
0.555,20259.38101822356,0.8908034143760046
0.5552777777777778,20266.764948555203,0.8911280852208358
0.5555555555555556,20263.656450222807,0.890991404789899
0.5558333333333333,20273.076968398862,0.8914056242445246
0.5561111111111111,20273.580405339802,0.891427760327829
0.5563888888888889,20288.358347146353,0.8920775452845798
0.5566666666666666,20290.519536400134,0.8921725726086944
0.5569444444444445,20303.312881675527,0.8927350950096681
0.5572222222222222,20305.616716292807,0.8928363944393686
0.5575,20315.38982032056,0.8932661170665872
0.5577777777777778,20328.27721603275,0.8938327748579831
0.5580555555555555,20330.99935498153,0.8939524670967438
0.5583333333333333,20337.631615467195,0.8942440870766607
0.5586111111111111,20340.167117017325,0.894355572883457
0.5588888888888889,20344.86893803979,0.8945623115896805
0.5591666666666667,20350.321736104157,0.8948020706982768
0.5594444444444444,20346.920423109947,0.8946525152293373
0.5597222222222222,20345.8181254341,0.8946040472858982
0.56,20348.952561716935,0.8947418682065068
0.5602777777777778,20347.067598073747,0.8946589865010975
0.5605555555555556,20341.237484285983,0.8944026368493649
0.5608333333333333,20343.50569136498,0.8945023697389662
0.5611111111111111,20350.498390363813,0.8948098381723928
0.5613888888888889,20348.774178380263,0.8947340247050084
0.5616666666666666,20357.88678581694,0.8951347053482698
0.5619444444444445,20360.742306534805,0.8952602623730874
0.5622222222222222,20361.795664673613,0.8953065784488731
0.5625,20364.232167457136,0.8954137112875687
0.5627777777777778,20369.149364147383,0.8956299200452248
0.5630555555555555,20372.389565688485,0.8957723914560485
0.5633333333333334,20376.800824188747,0.8959663541506734
0.5636111111111111,20372.628378461955,0.895782892035203
0.5638888888888889,20388.379081164938,0.8964754492132341
0.5641666666666667,20387.742116787995,0.8964474419389099
0.5644444444444444,20386.88869758498,0.8964099171626466
0.5647222222222222,20394.92800075384,0.8967634047003746
0.565,20403.168730372836,0.8971257489435155
0.5652777777777778,20404.164382562834,0.8971695276932011
0.5655555555555556,20407.35193564779,0.8973096841554853
0.5658333333333333,20415.566330139107,0.8976708704451017
0.5661111111111111,20421.50544760045,0.8979320129799199
0.5663888888888889,20430.496540244225,0.8983273506271481
0.5666666666666667,20433.085870638522,0.8984412032840537
0.5669444444444445,20420.05340331584,0.8978681667051797
0.5672222222222222,20421.822629420833,0.8979459594399978
0.5675,20419.64727025905,0.8978503090661257
0.5677777777777778,20405.435460594494,0.897225416895814
0.5680555555555555,20410.60493979057,0.8974527184957133
0.5683333333333334,20417.71869645732,0.8977655098254227
0.5686111111111111,20421.494245868533,0.897931520440635
0.5688888888888889,20421.661197230755,0.8979388612791023
0.5691666666666667,20420.575285585634,0.8978911138281651
0.5694444444444444,20422.643450491763,0.8979820508789178
0.5697222222222222,20422.792810016126,0.8979886182056368
0.57,20429.366002581366,0.8982776409736671
0.5702777777777778,20430.8324146496,0.8983421189987406
0.5705555555555556,20429.247540843233,0.8982724322202157
0.5708333333333333,20430.339838410837,0.8983204604596698
0.5711111111111111,20429.487330476186,0.898282975751806
0.5713888888888888,20430.3198299699,0.8983195806900715
0.5716666666666667,20427.693301827123,0.8982040924510459
0.5719444444444445,20437.2559691005,0.898624562190472
0.5722222222222222,20448.24263160299,0.8991076448898403
0.5725,20467.23571746304,0.8999427694041803
0.5727777777777778,20475.590511023485,0.9003101290299929
0.5730555555555555,20481.677060048027,0.9005777541192269
0.5733333333333334,20486.189507940057,0.9007761661035713
0.5736111111111111,20489.342048089646,0.900914783049799
0.5738888888888889,20491.45898868683,0.90100786476391
0.5741666666666667,20494.55332484601,0.901143922485187
0.5744444444444444,20494.985724215825,0.9011629350519905
0.5747222222222222,20497.050588658156,0.9012537269816057
0.575,20497.18989290501,0.9012598521785514
0.5752777777777778,20497.93794237981,0.9012927438560253
0.5755555555555556,20509.062475175433,0.9017818887015053
0.5758333333333333,20513.95200801139,0.9019968810816307
0.5761111111111111,20518.903501692577,0.9022145978753222
0.5763888888888888,20522.260929186963,0.9023622237022331
0.5766666666666667,20519.804765872148,0.9022542263914992
0.5769444444444445,20521.947409393208,0.9023484382611824
0.5772222222222222,20528.966694061448,0.9026570756644338
0.5775,20532.599482333695,0.9028168090834219
0.5777777777777777,20537.963583795976,0.9030526682092935
0.5780555555555555,20532.820663610237,0.9028265344070219
0.5783333333333334,20534.653440181646,0.9029071214509267
0.5786111111111111,20538.629204958113,0.9030819355202434
0.5788888888888889,20546.1203878946,0.9034113222538033
0.5791666666666667,20546.843446554845,0.9034431150870967
0.5794444444444444,20553.587178040038,0.9037396364382299
0.5797222222222222,20550.536502561994,0.903605498473721
0.58,20545.290497175305,0.9033748320231471
0.5802777777777778,20550.937712827454,0.9036231396580213
0.5805555555555556,20545.71693722537,0.9033935825591226
0.5808333333333333,20543.367951092838,0.9032902978207933
0.5811111111111111,20536.222352060755,0.9029761063847461
0.5813888888888888,20539.19180206797,0.9031066728715932
0.5816666666666667,20541.66767306814,0.9032155367277259
0.5819444444444445,20537.196534557115,0.9030189411136652
0.5822222222222222,20537.09010457215,0.9030142613954688
0.5825,20538.080205104405,0.9030577960391933
0.5827777777777777,20536.991417202593,0.9030099221194723
0.5830555555555555,20538.28392021039,0.9030667533766267
0.5833333333333334,20553.45948928261,0.9037340219734546
0.5836111111111111,20552.294468030454,0.9036827960792229
0.5838888888888889,20567.14956611708,0.9043359735916332
0.5841666666666666,20569.93038368664,0.9044582459248053
0.5844444444444444,20576.60526325173,0.9047517398623438
0.5847222222222223,20583.40933637876,0.9050509144307954
0.585,20586.306536902168,0.9051783041134348
0.5852777777777778,20600.04894887136,0.905782556903434
0.5855555555555556,20602.683935045632,0.9058984170414492
0.5858333333333333,20600.502185828936,0.9058024856973576
0.5861111111111111,20609.061562880364,0.9061788408434247
0.5863888888888888,20611.422730618873,0.9062826612060254
0.5866666666666667,20607.050012438543,0.906090393126283
0.5869444444444445,20609.59126284505,0.9062021317098491
0.5872222222222222,20616.011541317348,0.9064844308570552
0.5875,20616.059562079954,0.906486542326268
0.5877777777777777,20618.72942790465,0.9066039361198112
0.5880555555555556,20622.799620156726,0.9067829021579173
0.5883333333333334,20631.411736298352,0.9071615762376961
0.5886111111111111,20629.07332488091,0.9070587564687702
0.5888888888888889,20629.96741486265,0.9070980695360243
0.5891666666666666,20634.630249313283,0.9073030940057036
0.5894444444444444,20636.7059090105,0.9073943606018401
0.5897222222222223,20639.407744753393,0.9075131601102104
0.59,20640.975348621974,0.9075820875309083
0.5902777777777778,20657.410698412936,0.9083047485883751
0.5905555555555555,20661.083736800945,0.908466251801836
0.5908333333333333,20659.315918548404,0.9083885209701811
0.5911111111111111,20671.451093607513,0.908922103677717
0.5913888888888889,20676.982810026395,0.9091653328202495
0.5916666666666667,20678.21867631615,0.9092196737652979
0.5919444444444445,20678.387128546266,0.9092270805968102
0.5922222222222222,20685.56750877363,0.9095428013593202
0.5925,20683.609742722085,0.9094567185376536
0.5927777777777777,20682.049751793234,0.9093881258573262
0.5930555555555556,20682.433207461887,0.90940498637338
0.5933333333333334,20672.22796334809,0.9089562625800452
0.5936111111111111,20677.708201136043,0.9091972282111624
0.5938888888888889,20672.31236012327,0.9089599734997137
0.5941666666666666,20674.43304202169,0.9090532197185502
0.5944444444444444,20678.229868523475,0.9092201658857871
0.5947222222222223,20681.910472790496,0.9093820017703623
0.595,20684.43330311709,0.9094929304244411
0.5952777777777778,20690.376701848105,0.909754261206355
0.5955555555555555,20686.42992030642,0.9095807215276271
0.5958333333333333,20674.689432570696,0.9090644931911338
0.5961111111111111,20674.014197897865,0.9090348031748632
0.5963888888888889,20676.639672539328,0.9091502450915175
0.5966666666666667,20679.856770750917,0.9092917006507317
0.5969444444444445,20678.68237103448,0.9092400623861517
0.5972222222222222,20682.15481860936,0.9093927456370943
0.5975,20680.18948266972,0.9093063299680345
0.5977777777777777,20680.597059300933,0.909324251080944
0.5980555555555556,20681.555301231816,0.9093663849044336
0.5983333333333334,20686.78498850279,0.9095963338487232
0.5986111111111111,20692.52055653618,0.9098485263309581
0.5988888888888889,20690.36280312767,0.909753650080694
0.5991666666666666,20690.924194655323,0.9097783344226876
0.5994444444444444,20693.83588032235,0.9099063610159702
0.5997222222222223,20694.825057804297,0.9099498550732443
0.6,20698.95054464486,0.9101312524101239
0.6002777777777778,20704.937830543753,0.9103945129074107
0.6005555555555555,20708.754757635925,0.9105623428960502
0.6008333333333333,20719.11147962384,0.9110177271597786
0.6011111111111112,20726.651339914642,0.911349254232838
0.6013888888888889,20731.0128977909,0.9115410315948745
0.6016666666666667,20730.4211248024,0.9115150113824002
0.6019444444444444,20728.48200022768,0.911429748225026
0.6022222222222222,20727.86213132892,0.9114024926375535
0.6025,20730.845780332573,0.9115336834531743
0.6027777777777777,20730.80618665616,0.9115319425222888
0.6030555555555556,20742.522567313677,0.9120471108724204
0.6033333333333334,20748.682308643187,0.9123179542216354
0.6036111111111111,20754.764747747948,0.912585398598015
0.6038888888888889,20748.320246112457,0.9123020343601993
0.6041666666666666,20755.229535258957,0.9126058352688785
0.6044444444444445,20753.174994315752,0.9125154972627204
0.6047222222222223,20756.53258826145,0.9126631304084827
0.605,20761.516019122104,0.912882251477482
0.6052777777777778,20763.33617108327,0.912962283418252
0.6055555555555555,20763.294488958323,0.9129604506584463
0.6058333333333333,20765.244145752644,0.9130461769167006
0.6061111111111112,20765.99487962624,0.9130791866269818
0.6063888888888889,20767.689907597967,0.9131537168756266
0.6066666666666667,20765.88877307671,0.9130745211302165
0.6069444444444444,20771.179491479674,0.9133071536086531
0.6072222222222222,20776.32484202837,0.9135333942737958
0.6075,20769.933773916106,0.9132523795038581
0.6077777777777778,20762.897920191954,0.9129430135605014
0.6080555555555556,20762.08797752452,0.9129074004441406
0.6083333333333333,20759.89696694838,0.9128110618787915
0.6086111111111111,20760.751072262698,0.9128486168233155
0.6088888888888889,20759.019201053532,0.9127724665803739
0.6091666666666666,20753.50893472489,0.9125301805966481
0.6094444444444445,20750.152831085023,0.9123826129795178
0.6097222222222223,20756.436599902376,0.9126589098077681
0.61,20752.92721428624,0.9125046023940122
0.6102777777777778,20756.290548547702,0.9126524879410141
0.6105555555555555,20758.044017244192,0.9127295878238006
0.6108333333333333,20767.520621976135,0.913146273399945
0.6111111111111112,20771.170996962308,0.9133067801053825
0.6113888888888889,20766.820674417282,0.9131154967599899
0.6116666666666667,20761.48390678908,0.9128808395006858
0.6119444444444444,20761.305027816452,0.9128729742061128
0.6122222222222222,20761.255750748554,0.9128708074972536
0.6125,20760.462412357854,0.9128359244696549
0.6127777777777778,20755.701332938515,0.9126265801763102
0.6130555555555556,20753.590489275663,0.9125337665439296
0.6133333333333333,20752.63942763571,0.9124919484372761
0.6136111111111111,20745.782893164564,0.9121904671475867
0.6138888888888889,20750.060835107357,0.9123785679235046
0.6141666666666666,20748.33455419617,0.9123026634855322
0.6144444444444445,20752.26783801003,0.9124756096702129
0.6147222222222222,20754.220679126745,0.9125614759428764
0.615,20753.31926777418,0.9125218409555141
0.6152777777777778,20751.398982223884,0.9124374061485849
0.6155555555555555,20753.710182170293,0.9125390294312368
0.6158333333333333,20755.08650080199,0.912599546054883
0.6161111111111112,20755.794870552454,0.912630693017951
0.6163888888888889,20754.64342431723,0.9125800640161623
0.6166666666666667,20755.263810556327,0.9126073423510495
0.6169444444444444,20753.992007907687,0.9125514212870839
0.6172222222222222,20765.013247754567,0.9130360243496072
0.6175,20770.626608815994,0.9132828434007493
0.6177777777777778,20776.281989634328,0.9135315100573485
0.6180555555555556,20775.01906600495,0.9134759794031722
0.6183333333333333,20780.82177356654,0.9137311240052625
0.6186111111111111,20782.730559641976,0.9138150531811727
0.6188888888888889,20782.963478043454,0.9138252945852473
0.6191666666666666,20789.25114085811,0.9141017626322573
0.6194444444444445,20786.4445699316,0.9139783579259746
0.6197222222222222,20785.262037672328,0.9139263620741161
0.62,20788.77737865369,0.9140809313448197
0.6202777777777778,20791.149762737197,0.9141852448892414
0.6205555555555555,20799.3925333754,0.9145476788758388
0.6208333333333333,20799.631593957318,0.9145581903511115
0.6211111111111111,20795.85208557468,0.9143920056602323
0.6213888888888889,20797.641397558964,0.9144706815696074
0.6216666666666667,20804.322238188273,0.914764437614678
0.6219444444444444,20802.80116471299,0.9146975561317698
0.6222222222222222,20808.005460564727,0.9149263886173221
0.6225,20811.051891495354,0.9150603399494097
0.6227777777777778,20811.78741280828,0.9150926807645764
0.6230555555555556,20812.938555069242,0.9151432964006403
0.6233333333333333,20808.52805117577,0.9149493668860174
0.6236111111111111,20807.31916055206,0.9148962120589158
0.6238888888888889,20816.94067177377,0.9153192691621929
0.6241666666666666,20822.883133389536,0.9155805587392221
0.6244444444444445,20823.810367285554,0.9156213291418199
0.6247222222222222,20826.157487189772,0.9157245318222349
0.625,20827.680818628356,0.9157915125876144
0.6252777777777778,20825.914749622985,0.9157138586702221
0.6255555555555555,20826.378928934097,0.9157342685985832
0.6258333333333334,20832.15274780198,0.9159881429670486
0.6261111111111111,20832.12146261111,0.9159867673596288
0.6263888888888889,20832.984496721387,0.9160247149026196
0.6266666666666667,20838.992372181165,0.916288880721304
0.6269444444444444,20843.757345977872,0.91649839625012
0.6272222222222222,20847.769937083987,0.9166748295702993
0.6275,20850.2488906019,0.9167838289644984
0.6277777777777778,20842.70908645138,0.9164523043599231
0.6280555555555556,20845.28383953513,0.9165655160536127
0.6283333333333333,20842.453010242254,0.9164410447088397
0.6286111111111111,20847.778471823374,0.9166752048421292
0.6288888888888889,20855.311697939018,0.9170064402110205
0.6291666666666667,20859.56745549178,0.9171935655410267
0.6294444444444445,20861.070491046892,0.9172596538979819
0.6297222222222222,20865.08669142305,0.9174362459174854
0.63,20863.123674897506,0.9173499322328837
0.6302777777777778,20868.70890359902,0.9175955143063393
0.6305555555555555,20868.672935408642,0.9175939327877939
0.6308333333333334,20864.24813779407,0.9173993747793613
0.6311111111111111,20867.275845122655,0.9175325028361172
0.6313888888888889,20866.691749813515,0.9175068202106098
0.6316666666666667,20864.42097039537,0.9174069742154554
0.6319444444444444,20866.53487216402,0.9174999223125109
0.6322222222222222,20868.71046656017,0.91759558302962
0.6325,20870.031485412455,0.9176536681262482
0.6327777777777778,20875.127818574383,0.9178777535006907
0.6330555555555556,20878.098248456743,0.918008363072572
0.6333333333333333,20871.803758298258,0.9177315948277825
0.6336111111111111,20869.94091509476,0.9176496857563934
0.6338888888888888,20876.88804475369,0.9179551505094735
0.6341666666666667,20878.698657200915,0.9180347629985545
0.6344444444444445,20871.38600144138,0.917713226091139
0.6347222222222222,20871.242810124055,0.9177069299800057
0.635,20868.700836796485,0.9175951596096565
0.6352777777777778,20871.661533233448,0.9177253412026976
0.6355555555555555,20873.844707495507,0.9178213352059236
0.6358333333333334,20880.590366827455,0.9181179413243292
0.6361111111111111,20883.97916813766,0.9182669466554919
0.6363888888888889,20881.64373983281,0.9181642580537958
0.6366666666666667,20884.472827766065,0.9182886528311213
0.6369444444444444,20888.005349889045,0.9184439775552912
0.6372222222222222,20896.30146105665,0.9188087569208354
0.6375,20897.9657538251,0.9188819357449725
0.6377777777777778,20908.007580862068,0.9193234741020948
0.6380555555555556,20914.247271136985,0.9195978328002478
0.6383333333333333,20913.408384427425,0.9195609470165963
0.6386111111111111,20918.00240098218,0.9197629455687235
0.6388888888888888,20923.676373130886,0.9200124296846793
0.6391666666666667,20932.04949940665,0.9203805953985648
0.6394444444444445,20934.85227081589,0.9205038330403673
0.6397222222222222,20937.92534535508,0.9206389558898602
0.64,20931.30617129156,0.9203479113189116
0.6402777777777777,20928.89159304086,0.9202417425002262
0.6405555555555555,20939.347128887024,0.9207014716016492
0.6408333333333334,20941.660358595527,0.9208031841327832
0.6411111111111111,20946.710954028094,0.9210252584228079
0.6413888888888889,20947.89400003645,0.9210772768641738
0.6416666666666667,20956.811084979992,0.9214693603985544
0.6419444444444444,20958.992710749626,0.9215652863146884
0.6422222222222222,20959.650527803817,0.9215942104796163
0.6425,20963.340722641424,0.9217564680608373
0.6427777777777778,20970.293114906555,0.9220621642103046
0.6430555555555556,20971.27641218292,0.9221053997153945
0.6433333333333333,20975.384583352843,0.9222860356835773
0.6436111111111111,20976.06523662623,0.9223159639552946
0.6438888888888888,20975.376866884544,0.9222856963910637
0.6441666666666667,20975.996227318265,0.9223129296213678
0.6444444444444445,20965.66313236534,0.921858584236538
0.6447222222222222,20971.24671065134,0.9221040937413512
0.645,20961.392759216054,0.9216708162598847
0.6452777777777777,20963.984791959967,0.9217847877388935
0.6455555555555555,20958.242408671726,0.9215322955904306
0.6458333333333334,20960.29052663726,0.9216223511787579
0.6461111111111111,20963.7867663887,0.9217760805698612
0.6463888888888889,20960.521869277683,0.9216325232967408
0.6466666666666666,20965.007957140773,0.9218297762326542
0.6469444444444444,20970.333029735488,0.9220639192622415
0.6472222222222223,20969.932130688096,0.9220462917621755
0.6475,20964.4984154838,0.9218073717254587
0.6477777777777778,20960.234787388246,0.9216199003282954
0.6480555555555556,20957.774348732968,0.9215117150311725
0.6483333333333333,20970.201786765963,0.9220581485190357
0.6486111111111111,20968.504823157473,0.9219835331605923
0.6488888888888888,20976.26805669262,0.9223248819379063
0.6491666666666667,20975.0009904472,0.9222691691332235
0.6494444444444445,20973.697024766978,0.9222118338632503
0.6497222222222222,20974.55628268645,0.922249615367424
0.65,20972.59207159737,0.9221632491579562
0.6502777777777777,20978.38103155291,0.9224177892788732
0.6505555555555556,20985.499973288977,0.9227308085956789
0.6508333333333334,20983.303548955144,0.9226342319878231
0.6511111111111111,20984.20596808294,0.9226739112869842
0.6513888888888889,20982.21093052409,0.9225861896400279
0.6516666666666666,20991.722134458407,0.9230043965404211
0.6519444444444444,20992.534417592287,0.9230401125669103
0.6522222222222223,20994.894772015785,0.923143897168113
0.6525,20994.21165636018,0.9231138606256403
0.6527777777777778,20992.574105343025,0.9230418576342366
0.6530555555555555,20996.889248989948,0.9232315941662039
0.6533333333333333,20997.71432468092,0.9232678726804376
0.6536111111111111,20997.747650628535,0.9232693380197733
0.6538888888888889,20997.621751275656,0.9232638022349776
0.6541666666666667,21001.92859587905,0.9234531738586436
0.6544444444444445,21006.1649500856,0.9236394460250196
0.6547222222222222,21006.65705081472,0.9236610836559681
0.655,21003.397099950806,0.9235177438689499
0.6552777777777777,21001.395574294347,0.9234297369408443
0.6555555555555556,21002.36640322675,0.9234724242138159
0.6558333333333334,21003.931527537796,0.9235412426085609
0.6561111111111111,21002.593961180828,0.9234824299194333
0.6563888888888889,20999.77803890703,0.9233586140351345
0.6566666666666666,21002.12858159262,0.9234619672149813
0.6569444444444444,21000.204986627774,0.9233773868933506
0.6572222222222223,21002.71333162069,0.9234876786284294
0.6575,21001.71891796337,0.9234439543369298
0.6577777777777778,21002.237117804696,0.9234667395438206
0.6580555555555555,21006.034052396604,0.9236336904637719
0.6583333333333333,21006.01544734376,0.9236328724010393
0.6586111111111111,21003.1151114978,0.9235053448585099
0.6588888888888889,21012.68563569213,0.9239261600661418
0.6591666666666667,21017.404851915016,0.9241336636379807
0.6594444444444445,21017.076280264955,0.9241192163679738
0.6597222222222222,21011.381432482052,0.9238688143519992
0.66,21008.365694717104,0.9237362125960293
0.6602777777777777,21012.133665892863,0.9239018899968156
0.6605555555555556,21011.259525607806,0.9238634541161796
0.6608333333333334,21016.446336060864,0.9240915177701062
0.6611111111111111,21019.01662892016,0.9242045333480722
0.6613888888888889,21023.786998234613,0.9244142861173856
0.6616666666666666,21025.182037745053,0.9244756258966204
0.6619444444444444,21025.905543541314,0.9245074383904498
0.6622222222222223,21023.345550117418,0.9243948756778607
0.6625,21020.63480931049,0.9242756846145144
0.6627777777777778,21041.586072326165,0.9251969100267353
0.6630555555555555,21041.046869375645,0.9251732013147597
0.6633333333333333,21042.3786849633,0.9252317611430059
0.6636111111111112,21040.427539825352,0.9251459694423976
0.6638888888888889,21045.791226153506,0.9253818103148538
0.6641666666666667,21045.531384824804,0.9253703851117543
0.6644444444444444,21047.469149769564,0.9254555884863044
0.6647222222222222,21049.309370437284,0.9255365028465475
0.665,21051.299825577767,0.925624023004923
0.6652777777777777,21044.212392582685,0.9253123891250181
0.6655555555555556,21031.12937528192,0.9247371298675225
0.6658333333333334,21022.68798770463,0.9243659627094956
0.6661111111111111,21023.92139335938,0.9244201954606133
0.6663888888888889,21022.16037466012,0.9243427636047897
0.6666666666666666,21019.642113766593,0.9242320358683289
0.6669444444444445,21033.5056673504,0.9248416152457409
0.6672222222222223,21033.35701835424,0.9248350791608919
0.6675,21032.680689322122,0.9248053410257282
0.6677777777777778,21028.876626785284,0.9246380766905905
0.6680555555555555,21029.793997848123,0.9246784134251773
0.6683333333333333,21034.42211608086,0.9248819114254444
0.6686111111111112,21031.431922890355,0.9247504328624346
0.6688888888888889,21033.233580609936,0.9248296516128345
0.6691666666666667,21028.75743271942,0.9246328357367455
0.6694444444444444,21022.563389962612,0.9243604841564286
0.6697222222222222,21025.274989230948,0.9244797129662564
0.67,21023.77169166321,0.9244136130886265
0.6702777777777778,21025.964759876755,0.924510042128133
0.6705555555555556,21026.340065889235,0.9245265443044361
0.6708333333333333,21024.56097994204,0.92444831803312
0.6711111111111111,21026.721652985638,0.9245433226595128
0.6713888888888889,21025.113592640813,0.9244726163706877
0.6716666666666666,21027.43999662126,0.9245749081735386
0.6719444444444445,21028.295965083278,0.9246125450405228
0.6722222222222223,21020.412465927435,0.9242659081931809
0.6725,21023.92541985543,0.9244203725053328
0.6727777777777778,21020.70206139616,0.924278641683513
0.6730555555555555,21020.24797996633,0.9242586757582099
0.6733333333333333,21020.450308015268,0.9242675721068523
0.6736111111111112,21022.969165931932,0.9243783260943741
0.6738888888888889,21015.911434250214,0.9240679981789176
0.6741666666666667,21018.258332823392,0.9241711911274239
0.6744444444444444,21017.421192976413,0.9241343821531848
0.6747222222222222,21015.574340197636,0.9240531761795321
0.675,21008.410901727002,0.9237382003447535
0.6752777777777778,21008.80595005148,0.923755570588986
0.6755555555555556,21005.057172045705,0.9235907371103977
0.6758333333333333,21015.635762779788,0.9240558769257124
0.6761111111111111,21017.75087605915,0.9241488782928003
0.6763888888888889,21013.5158372024,0.9239626639622532
0.6766666666666666,21010.421486762516,0.9238266056130545
0.6769444444444445,21013.72028365924,0.923971653457127
0.6772222222222222,21015.432505644672,0.9240469397252228
0.6775,21011.407728486804,0.9238699705852916
0.6777777777777778,21009.130389219925,0.9237698361540964
0.6780555555555555,21012.78843296019,0.9239306800540573
0.6783333333333333,21011.878190891748,0.9238906567808018
0.6786111111111112,21012.444788449568,0.9239155700315389
0.6788888888888889,21014.897551757265,0.9240234178442231
0.6791666666666667,21017.06787881825,0.9241188469570129
0.6794444444444444,21021.825252180577,0.9243280282953178
0.6797222222222222,21020.6325157059,0.9242755837648982
0.68,21027.720290851892,0.9245872326891521
0.6802777777777778,21031.465263656617,0.9247518988533451
0.6805555555555556,21032.032090959445,0.9247768222059523
0.6808333333333333,21036.698139757496,0.9249819880102387
0.6811111111111111,21035.816318533565,0.9249432143993154
0.6813888888888889,21040.38056315683,0.9251439038819207
0.6816666666666666,21044.202962302017,0.9253119744763075
0.6819444444444445,21048.392910614402,0.925496206179111
0.6822222222222222,21043.485064566255,0.9252804085684639
0.6825,21040.358054270117,0.9251429141679152
0.6827777777777778,21052.020981441583,0.9256557321724048
0.6830555555555555,21052.207962098277,0.9256639536973988
0.6833333333333333,21047.50697980109,0.9254572518698609
0.6836111111111111,21046.664590134824,0.9254202120614743
0.6838888888888889,21051.74759568887,0.9256437114220305
0.6841666666666667,21059.297335439882,0.92597567289419
0.6844444444444444,21056.504375980647,0.9258528666830693
0.6847222222222222,21058.20041576047,0.9259274414208377
0.685,21053.410710209053,0.9257168384386824
0.6852777777777778,21056.240710900514,0.9258412733499155
0.6855555555555556,21053.133285936037,0.9257046401148832
0.6858333333333333,21046.98161148104,0.9254341514655156
0.6861111111111111,21039.764831544868,0.9251168302106283
0.6863888888888889,21041.230826872736,0.9251812899116602
0.6866666666666666,21044.47852848115,0.9253240910998627
0.6869444444444445,21044.077417096578,0.9253064542633472
0.6872222222222222,21036.12033488719,0.9249565819748397
0.6875,21033.58183013788,0.9248449641176079
0.6877777777777778,21032.135504848582,0.9247813693066487
0.6880555555555555,21027.646339797622,0.924583981067023
0.6883333333333334,21026.703099426835,0.9245425068609692
0.6886111111111111,21023.996651538382,0.9244235045569157
0.6888888888888889,21024.244705377452,0.924434411465009
0.6891666666666667,21025.9161593571,0.9245079051670477
0.6894444444444444,21023.63063816574,0.9244074109772668
0.6897222222222222,21020.29028417048,0.9242605358707902
0.69,21013.497527927506,0.923961858904854
0.6902777777777778,21015.427183221233,0.9240467056986763
0.6905555555555556,21010.08935882506,0.9238120019733663
0.6908333333333333,21009.153956512535,0.9237708724061272
0.6911111111111111,21014.19196477062,0.9239923932390648
0.6913888888888889,21014.54890983441,0.924008088085876
0.6916666666666667,21015.01584733032,0.9240286192914089
0.6919444444444445,21014.9258451315,0.9240246619016971
0.6922222222222222,21021.28114785713,0.9243041040703542
0.6925,21015.508244136123,0.9240502699408262
0.6927777777777778,21016.063118696497,0.9240746677322734
0.6930555555555555,21012.124471858064,0.9239014857358174
0.6933333333333334,21017.28867923612,0.9241285555342866
0.6936111111111111,21022.449716170846,0.9243554859286082
0.6938888888888889,21027.152241416843,0.9245622555994858
0.6941666666666667,21020.69937219798,0.9242785234396773
0.6944444444444444,21021.812562845458,0.9243274703462354
0.6947222222222222,21021.205803460984,0.9243007911830907
0.695,21013.9161459791,0.9239802655081625
0.6952777777777778,21014.08660639599,0.9239877606394918
0.6955555555555556,21013.158087725962,0.9239469337454802
0.6958333333333333,21013.004423783805,0.9239401771538441
0.6961111111111111,21013.43228312383,0.9239589900958893
0.6963888888888888,21008.843138524662,0.9237572057632719
0.6966666666666667,21003.92002038686,0.9235407366400255
0.6969444444444445,21009.7078117427,0.9237952253777041
0.6972222222222222,21009.65214315861,0.923792777634373
0.6975,21013.698329402447,0.923970688130156
0.6977777777777778,21013.49692470572,0.9239618323812387
0.6980555555555555,21009.948566276333,0.9238058113359026
0.6983333333333334,21028.20012170469,0.9246083308145889
0.6986111111111111,21025.52378918856,0.9244906526811242
0.6988888888888889,21024.196419429234,0.9244322883356053
0.6991666666666667,21028.127383590876,0.9246051325253578
0.6994444444444444,21016.321429025946,0.9240860256174543
0.6997222222222222,21011.12287015313,0.9238574453864209
0.7,21014.84621271744,0.924021160470618
0.7002777777777778,21012.87286866425,0.9239343926854255
0.7005555555555556,21010.435212395616,0.9238272091280789
0.7008333333333333,21014.187033588987,0.9239921764153903
0.7011111111111111,21027.613794121135,0.9245825500361484
0.7013888888888888,21033.40146769342,0.9248370335948932
0.7016666666666667,21035.557237367004,0.9249318226204863
0.7019444444444445,21042.193326128538,0.9252236109293966
0.7022222222222222,21045.25756860559,0.9253583454338012
0.7025,21044.142622680563,0.9253093213478252
0.7027777777777777,21042.514458482994,0.9252377310941519
0.7030555555555555,21044.928289040014,0.925343867036804
0.7033333333333334,21040.640353346003,0.9251553268364191
0.7036111111111111,21041.092682671035,0.9251752157218099
0.7038888888888889,21042.743753326522,0.925247813170664
0.7041666666666667,21040.168409664984,0.9251345755093145
0.7044444444444444,21041.245484241044,0.9251819343950095
0.7047222222222222,21047.016283730572,0.9254356760016423
0.705,21045.996526866827,0.9253908373713189
0.7052777777777778,21039.737607211802,0.9251156331588118
0.7055555555555556,21037.512634605726,0.9250178012856365
0.7058333333333333,21040.836037817444,0.9251639310674735
0.7061111111111111,21039.867637584255,0.9251213505842183
0.7063888888888888,21035.807743566987,0.9249428373586991
0.7066666666666667,21039.403072034296,0.925100923672965
0.7069444444444445,21036.473426106284,0.9249721073683979
0.7072222222222222,21042.291507636746,0.9252279279627088
0.7075,21040.702812883468,0.9251580731774443
0.7077777777777777,21040.95866961649,0.9251693231781803
0.7080555555555555,21037.22731662224,0.9250052558759991
0.7083333333333334,21038.29374645151,0.9250521467130021
0.7086111111111111,21041.520864810955,0.9251940428573415
0.7088888888888889,21037.619885340864,0.9250225170921544
0.7091666666666666,21037.908108763255,0.9250351902537154
0.7094444444444444,21038.45168745099,0.9250590913665174
0.7097222222222223,21037.60429199265,0.9250218314538411
0.71,21032.388737571375,0.9247925039298581
0.7102777777777778,21035.874047247573,0.9249457527263995
0.7105555555555556,21035.630526541714,0.9249350451398224
0.7108333333333333,21033.70231134492,0.9248502616669508
0.7111111111111111,21031.1953926686,0.9247400326469022
0.7113888888888888,21026.26967078789,0.9245234490372817
0.7116666666666667,21026.809896090628,0.9245472027020052
0.7119444444444445,21023.360130191566,0.9243955167625918
0.7122222222222222,21024.943727484704,0.9244651474129288
0.7125,21025.965821479913,0.9245100888067417
0.7127777777777777,21024.133913168487,0.9244295399401612
0.7130555555555556,21024.042137885106,0.9244255045880584
0.7133333333333334,21020.049966062,0.9242499691021717
0.7136111111111111,21020.808627520335,0.9242833273877399
0.7138888888888889,21023.134994146043,0.9243856175481059
0.7141666666666666,21013.18956936607,0.9239483179907576
0.7144444444444444,21006.757777655293,0.9236655126073473
0.7147222222222223,21004.064266623278,0.9235470791358695
0.715,21005.18553737573,0.9235963813240177
0.7152777777777778,21007.1561391126,0.9236830285297739
0.7155555555555555,21011.099517673265,0.9238564185796898
0.7158333333333333,21006.367719799553,0.9236483617936385
0.7161111111111111,21008.090836314524,0.9237241270933545
0.7163888888888889,21010.293790026917,0.9238209907974798
0.7166666666666667,21007.167317210147,0.9236835200298572
0.7169444444444445,21005.783447672748,0.9236226713934721
0.7172222222222222,21007.35615178936,0.923691823071681
0.7175,21004.601314989504,0.9235706931109405
0.7177777777777777,21008.188720100745,0.9237284310358539
0.7180555555555556,21007.501537480824,0.9236982156692751
0.7183333333333334,21002.896760869473,0.9234957439982926
0.7186111111111111,21007.635544439676,0.9237041079448776
0.7188888888888889,21004.319929432735,0.9235583206098015
0.7191666666666666,21001.413651069237,0.9234305317752363
0.7194444444444444,21002.41632421317,0.9234746192357225
0.7197222222222223,21007.836139943647,0.923712928113652
0.72,21004.368368666645,0.923560450479165
0.7202777777777778,21001.63844467524,0.923440415932683
0.7205555555555555,21003.20657197382,0.9235093663685573
0.7208333333333333,21003.73529183334,0.9235326141398336
0.7211111111111111,21002.539251989238,0.9234800243605161
0.7213888888888889,21004.160464344564,0.9235513089422244
0.7216666666666667,21011.596427574914,0.9238782676695819
0.7219444444444445,21009.57564323213,0.9237894139385301
0.7222222222222222,21006.13783453443,0.9236382537563347
0.7225,21006.576634927984,0.9236575477756561
0.7227777777777777,21009.907406481914,0.9238040015429296
0.7230555555555556,21006.69132648631,0.9236625907545934
0.7233333333333334,21005.88612748557,0.9236271862168898
0.7236111111111111,21005.625563584108,0.923615729242322
0.7238888888888889,21015.03623277106,0.9240295156376596
0.7241666666666666,21015.00829085831,0.9240282870339198
0.7244444444444444,21008.748815400788,0.92375305838282
0.7247222222222223,21012.576295431103,0.9239213523833324
0.725,21013.44703480391,0.92395963872612
0.7252777777777778,21015.851313203828,0.9240653546611641
0.7255555555555555,21023.85305639705,0.9244171906896721
0.7258333333333333,21024.33767528118,0.9244384993444758
0.7261111111111112,21022.692677170053,0.9243661689049271
0.7263888888888889,21024.262410801395,0.9244351899711286
0.7266666666666667,21021.137949379157,0.9242978076443679
0.7269444444444444,21021.556865019767,0.9243162273326424
0.7272222222222222,21018.44334407853,0.9241793260579839
0.7275,21016.187742584505,0.9240801474349776
0.7277777777777777,21014.43207791422,0.9240029509953933
0.7280555555555556,21011.831577464134,0.9238886071919997
0.7283333333333334,21017.397229802256,0.9241333284942729
0.7286111111111111,21023.287359728103,0.9243923170509492
0.7288888888888889,21024.87314298221,0.9244620438178206
0.7291666666666666,21022.063314243776,0.9243384958657999
0.7294444444444445,21022.10527676382,0.9243403409545565
0.7297222222222223,21014.858104744275,0.924021683362117
0.73,21014.161665949425,0.9239910610022434
0.7302777777777778,21016.30253400784,0.9240851948049715
0.7305555555555555,21015.867239640887,0.9240660549453682
0.7308333333333333,21015.831869594705,0.9240644997271769
0.7311111111111112,21022.378368320937,0.9243523487691732
0.7313888888888889,21021.222051107132,0.9243015055908336
0.7316666666666667,21015.77734417979,0.9240621022489057
0.7319444444444444,21012.08944260695,0.9238999455023589
0.7322222222222222,21009.39926269353,0.9237816584999077
0.7325,21000.69418224868,0.9233988967869159
0.7327777777777778,21006.803512337356,0.9236675235577756
0.7330555555555556,21004.582826374663,0.9235698801679778
0.7333333333333333,21001.167752929345,0.9234197196530689
0.7336111111111111,21000.7817086008,0.92340274531384
0.7338888888888889,21010.179052451374,0.923815945795169
0.7341666666666666,21011.026646038372,0.9238532144195472
0.7344444444444445,21004.84675712251,0.9235814851825204
0.7347222222222223,21007.449086274915,0.9236959093938134
0.735,21008.36895822634,0.9237363560922777
0.7352777777777778,20999.768702962447,0.9233582035343743
0.7355555555555555,21019.453801329484,0.9242237557850532
0.7358333333333333,21013.151312395323,0.9239466358347167
0.7361111111111112,21003.6618606241,0.9235293853752501
0.7363888888888889,20996.683722728663,0.9232225571924123
0.7366666666666667,20994.689835643254,0.9231348861316842
0.7369444444444444,20993.800983894835,0.9230958033891437
0.7372222222222222,20992.66180294759,0.9230457136911175
0.7375,20999.48384496554,0.9233456783503112
0.7377777777777778,20998.962359828412,0.9233227486892184
0.7380555555555556,20999.46809992461,0.9233449860420808
0.7383333333333333,21001.762862843018,0.9234458865898846
0.7386111111111111,21002.34361402166,0.9234714221742331
0.7388888888888889,20997.274352801807,0.9232485271509868
0.7391666666666666,20992.1496481717,0.9230231942852857
0.7394444444444445,20992.9584962805,0.9230587592739881
0.7397222222222222,20994.283140526793,0.92311700377891
0.74,20993.66298224049,0.9230897354670897
0.7402777777777778,20991.355917015866,0.9229882939878344
0.7405555555555555,21001.77252933015,0.923446311624575
0.7408333333333333,20999.297090733333,0.9233374667811843
0.7411111111111112,20993.12592952771,0.9230661213009009
0.7413888888888889,20988.9107230613,0.9228807789990212
0.7416666666666667,20984.255786549686,0.9226761018011087
0.7419444444444444,20979.67074059476,0.9224744976855612
0.7422222222222222,20973.589280407283,0.9222070963520989
0.7425,20974.48868276609,0.9222466430041609
0.7427777777777778,20966.85105579697,0.9219108171378277
0.7430555555555556,20966.343453580037,0.9218884979076606
0.7433333333333333,20970.2941545916,0.9220622099251755
0.7436111111111111,20977.813441117334,0.9223928323713781
0.7438888888888889,20976.123178169415,0.9223185116404612
0.7441666666666666,20967.533789850524,0.9219408369012879
0.7444444444444445,20973.71717877002,0.9222127200332033
0.7447222222222222,20976.05047064749,0.922315314696353
0.745,20971.25641945265,0.9221045206365929
0.7452777777777778,20974.308154385628,0.9222387051852532
0.7455555555555555,20971.069853241617,0.9220963173347425
0.7458333333333333,20968.113121516097,0.9219663100697565
0.7461111111111111,20967.59521856897,0.9219435379172806
0.7463888888888889,20967.940860124258,0.9219587357496982
0.7466666666666667,20961.53128895863,0.9216769074019372
0.7469444444444444,20962.91207959537,0.9217376206592989
0.7472222222222222,20961.930217078214,0.9216944482404602
0.7475,20955.560136377473,0.9214143562853818
0.7477777777777778,20960.841556955886,0.9216465799391931
0.7480555555555556,20959.04953907988,0.9215677850519686
0.7483333333333333,20952.445066067045,0.9212773868850801
0.7486111111111111,20948.29349169802,0.9210948424815942
0.7488888888888889,20952.84605613582,0.9212950183873493
0.7491666666666666,20951.39490189959,0.9212312112479676
0.7494444444444445,20951.003271903304,0.9212139913073607
0.7497222222222222,20943.083000927993,0.9208657376059646
0.75,20946.546451184375,0.9210180252455095
0.7502777777777778,20948.699970991802,0.921112715344662
0.7505555555555555,20940.892318662907,0.9207694134764269
0.7508333333333334,20936.486875900817,0.920575706499359
0.7511111111111111,20934.762432269155,0.920499882846425
0.7513888888888889,20934.853317461042,0.9205038790612736
0.7516666666666667,20935.351585835037,0.9205257878830896
0.7519444444444444,20934.40711715504,0.9204842596683749
0.7522222222222222,20928.82234621867,0.9202386977228173
0.7525,20924.110205325596,0.9200315052526824
0.7527777777777778,20919.331798698273,0.9198213990833445
0.7530555555555556,20914.133899024288,0.9195928478372326
0.7533333333333333,20912.77205514783,0.9195329676674533
0.7536111111111111,20919.14754411867,0.9198132974237491
0.7538888888888889,20913.896449135045,0.919582407183992
0.7541666666666667,20915.900032472393,0.9196705045881669
0.7544444444444445,20916.42013873317,0.9196933736201736
0.7547222222222222,20915.874938034296,0.9196694011876673
0.755,20914.315352664387,0.9196008263397351
0.7552777777777778,20913.617546969956,0.9195701438773928
0.7555555555555555,20914.16366297259,0.9195941565557344
0.7558333333333334,20916.802087260032,0.9197101678673195
0.7561111111111111,20917.588857299965,0.9197447620850436
0.7563888888888889,20911.9025888569,0.9194947373019773
0.7566666666666667,20910.73404632553,0.9194433565773712
0.7569444444444444,20902.11828037203,0.9190645220156469
0.7572222222222222,20901.793914251895,0.9190502596624652
0.7575,20897.15160100156,0.9188461375083736
0.7577777777777778,20899.693166966288,0.9189578899670102
0.7580555555555556,20900.60887424076,0.9189981535449514
0.7583333333333333,20894.51553554508,0.9187302299144033
0.7586111111111111,20898.97382390142,0.9189262605081577
0.7588888888888888,20892.643712348923,0.9186479259934324
0.7591666666666667,20886.742342677087,0.9183884432259954
0.7594444444444445,20880.515581499323,0.918114653019243
0.7597222222222222,20880.941933167658,0.9181333996690807
0.76,20877.6809539351,0.917990014664773
0.7602777777777778,20882.400107719863,0.9181975154912123
0.7605555555555555,20880.51502023754,0.9181146283406059
0.7608333333333334,20877.714685589115,0.9179914978429876
0.7611111111111111,20875.91246070271,0.9179122541543064
0.7613888888888889,20875.482787060362,0.9178933614375285
0.7616666666666667,20871.35530986366,0.9177118765848434
0.7619444444444444,20871.45972587275,0.9177164677486768
0.7622222222222222,20879.818493335737,0.9180840021066764
0.7625,20880.47783194971,0.91811299317447
0.7627777777777778,20883.392455674068,0.918241148953906
0.7630555555555556,20882.73757230492,0.9182123537828821
0.7633333333333333,20878.64650007556,0.9180324696537918
0.7636111111111111,20874.502790124938,0.9178502710481742
0.7638888888888888,20871.29837206288,0.9177093730341528
0.7641666666666667,20867.872240818837,0.9175587263086903
0.7644444444444445,20870.214075126863,0.9176616965818499
0.7647222222222222,20869.406851629392,0.9176262030271819
0.765,20867.69680154118,0.9175510122572387
0.7652777777777777,20862.693409551055,0.9173310134989224
0.7655555555555555,20865.98158574332,0.9174755943514423
0.7658333333333334,20865.863186935236,0.9174703883650203
0.7661111111111111,20865.414139779834,0.9174506437963739
0.7663888888888889,20866.32860664762,0.9174908528337292
0.7666666666666667,20860.565084945156,0.9172374312308299
0.7669444444444444,20856.23984214478,0.9170472506398674
0.7672222222222222,20868.056131222893,0.9175668119555151
0.7675,20865.49083332567,0.9174540160056448
0.7677777777777778,20865.396892247467,0.9174498854237114
0.7680555555555556,20865.637394065205,0.9174604602700116
0.7683333333333333,20860.686332533405,0.9172427624778952
0.7686111111111111,20854.139752428386,0.9169549098576798
0.7688888888888888,20849.04869443886,0.9167310564321592
0.7691666666666667,20849.709023888463,0.9167600910669188
0.7694444444444445,20840.004401317383,0.9163333795640465
0.7697222222222222,20843.21873343409,0.9164747134982829
0.77,20844.570114613452,0.9165341336240813
0.7702777777777777,20842.20919900708,0.9164303243477111
0.7705555555555555,20834.57936486763,0.9160948411314949
0.7708333333333334,20821.458985823927,0.9155179390810558
0.7711111111111111,20827.52611621284,0.9157847103343852
0.7713888888888889,20823.39005282141,0.915602847947383
0.7716666666666666,20820.80644585735,0.9154892469492616
0.7719444444444444,20820.444559323776,0.9154733348264068
0.7722222222222223,20815.911257621516,0.9152740059016417
0.7725,20811.65276314591,0.91508676022935
0.7727777777777778,20807.536543659095,0.9149057703772968
0.7730555555555556,20803.41951214825,0.9147247448206102
0.7733333333333333,20801.512298239795,0.9146408847727602
0.7736111111111111,20800.87976063955,0.9146130721434644
0.7738888888888888,20806.74035241303,0.9148707619098688
0.7741666666666667,20798.48207765641,0.9145076462083852
0.7744444444444445,20816.098780110475,0.9152822512509584
0.7747222222222222,20813.756602961694,0.9151792659031174
0.775,20814.19649195516,0.9151986077880927
0.7752777777777777,20804.46434527918,0.9147706860524595
0.7755555555555556,20806.96024418807,0.9148804305341877
0.7758333333333334,20805.097217258874,0.9147985133843937
0.7761111111111111,20794.46776412576,0.9143311371533326
0.7763888888888889,20793.220875196006,0.9142763115436571
0.7766666666666666,20794.567248297506,0.9143355114646597
0.7769444444444444,20796.57378368292,0.9144237386701596
0.7772222222222223,20790.514140593154,0.9141572966327938
0.7775,20792.519858575582,0.9142454878971475
0.7777777777777778,20788.40344850475,0.9140644896651299
0.7780555555555555,20796.683192839366,0.9144285493822951
0.7783333333333333,20790.296251503234,0.9141477160663845
0.7786111111111111,20790.068885577053,0.9141377188042188
0.7788888888888889,20792.991514882644,0.9142662265884415
0.7791666666666667,20794.324067914542,0.914324818842054
0.7794444444444445,20792.14629278954,0.9142290622384662
0.7797222222222222,20794.760220603424,0.9143439964420061
0.78,20794.473549467268,0.9143313915343506
0.7802777777777777,20793.29737308973,0.9142796751501197
0.7805555555555556,20794.965295390062,0.9143530135644925
0.7808333333333334,20796.89167854431,0.9144377164825953
0.7811111111111111,20799.66623004714,0.9145597132972986
0.7813888888888889,20793.015004068824,0.9142672594061387
0.7816666666666666,20796.66435387936,0.9144277210346827
0.7819444444444444,20792.8278059071,0.9142590283174654
0.7822222222222223,20795.53702534669,0.9143781524864075
0.7825,20794.20768939271,0.914319701687462
0.7827777777777778,20787.620877000765,0.9140300800567063
0.7830555555555555,20782.04190978229,0.913784773300175
0.7833333333333333,20787.052373462524,0.9140050830001578
0.7836111111111111,20784.781942745427,0.9139052523373614
0.7838888888888889,20781.428152071298,0.9137577864211555
0.7841666666666667,20781.85476152165,0.9137765444056485
0.7844444444444445,20774.0757401704,0.9134345014392833
0.7847222222222222,20769.985001569446,0.9132546319798082
0.785,20770.262101914348,0.9132668160605133
0.7852777777777777,20765.309557542518,0.9130490530680356
0.7855555555555556,20767.806725455746,0.9131588533477861
0.7858333333333334,20766.79982465629,0.9131145799976138
0.7861111111111111,20767.1073303873,0.9131281010007916
0.7863888888888889,20762.80276431886,0.912938829564131
0.7866666666666666,20759.60283602878,0.9127981289650356
0.7869444444444444,20768.053542823196,0.913169705888318
0.7872222222222223,20770.743420811326,0.9132879796151375
0.7875,20765.90006169116,0.9130750174897196
0.7877777777777778,20761.593745046157,0.9128856690803431
0.7880555555555555,20753.83553960013,0.9125445413877185
0.7883333333333333,20744.72037851253,0.9121437484606237
0.7886111111111112,20744.603827990548,0.9121386237431984
0.7888888888888889,20745.024706783017,0.9121571297511082
0.7891666666666667,20739.09632553348,0.9118964592866916
0.7894444444444444,20737.570144825604,0.911829353239162
0.7897222222222222,20739.1113122271,0.9118971182504496
0.79,20736.546580899474,0.9117843472126004
0.7902777777777777,20734.52367578173,0.9116954002312377
0.7905555555555556,20731.877162753768,0.9115790332583585
0.7908333333333334,20733.962282786764,0.9116707158247265
0.7911111111111111,20727.65754328442,0.9113934969170812
0.7913888888888889,20732.274776239075,0.9115965162925141
0.7916666666666666,20725.313144171494,0.9112904138696487
0.7919444444444445,20717.19499433145,0.9109334594498951
0.7922222222222223,20716.546452117083,0.9109049430989561
0.7925,20719.076721161007,0.9110161988328598
0.7927777777777778,20715.832283362408,0.910873541154122
0.7930555555555555,20717.61232572098,0.9109518094787724
0.7933333333333333,20713.638927312048,0.910777099458453
0.7936111111111112,20712.85011561645,0.9107424154692874
0.7938888888888889,20711.989683415144,0.9107045823320324
0.7941666666666667,20716.614439854664,0.9109079325145121
0.7944444444444444,20712.725808521234,0.9107369496959378
0.7947222222222222,20710.601977192448,0.9106435649968919
0.795,20703.505653701523,0.9103315402025733
0.7952777777777778,20703.620216658255,0.9103365775269084
0.7955555555555556,20701.3274655388,0.9102357654377491
0.7958333333333333,20700.016797290027,0.9101781354563556
0.7961111111111111,20704.34220210425,0.9103683231710544
0.7963888888888889,20701.283607403428,0.9102338369989332
0.7966666666666666,20697.15435195722,0.9100522739567551
0.7969444444444445,20695.640784943276,0.9099857225323709
0.7972222222222223,20683.334890392485,0.9094446333020072
0.7975,20681.831654833124,0.9093785361508807
0.7977777777777778,20682.349714710006,0.9094013152035458
0.7980555555555555,20681.153273013224,0.9093487077547973
0.7983333333333333,20679.678791802995,0.9092838749301753
0.7986111111111112,20685.88497585763,0.9095567603624173
0.7988888888888889,20678.448911487707,0.9092297971879605
0.7991666666666667,20679.718356250698,0.9092856145758766
0.7994444444444444,20679.678133996877,0.9092838460064911
0.7997222222222222,20677.744821983724,0.9091988384269989
0.8,20674.1340434411,0.9090400727741178
0.8002777777777778,20675.588326246696,0.9091040174764524
0.8005555555555556,20670.27859273639,0.9088705489052186
0.8008333333333333,20682.81676792065,0.9094218514970468
0.8011111111111111,20680.317161253533,0.9093119439854767
0.8013888888888889,20681.908916866225,0.9093819333564925
0.8016666666666666,20687.718368186204,0.9096373744811169
0.8019444444444445,20688.51079917203,0.9096722176101936
0.8022222222222222,20689.545465813535,0.9097177118222904
0.8025,20686.754474371548,0.9095949921447356
0.8027777777777778,20683.73158990356,0.9094620761487866
0.8030555555555555,20676.5308213629,0.90914545891372
0.8033333333333333,20678.57152178036,0.9092351883530329
0.8036111111111112,20676.589074217667,0.9091480202872326
0.8038888888888889,20679.205762411086,0.9092630758644469
0.8041666666666667,20679.394402646576,0.9092713703609921
0.8044444444444444,20675.670245856632,0.909107619475357
0.8047222222222222,20678.50453112307,0.90923224277902
0.805,20674.87643414346,0.9090727156358059
0.8052777777777778,20671.10243844027,0.9089067733370151
0.8055555555555556,20671.71150384811,0.9089335538958285
0.8058333333333333,20667.2734350436,0.908738412354202
0.8061111111111111,20671.37893825776,0.9089189310125765
0.8063888888888889,20673.090874402522,0.9089942047122801
0.8066666666666666,20671.01831782942,0.9089030745602708
0.8069444444444445,20664.374355200263,0.9086109400380109
0.8072222222222222,20662.853694500904,0.9085440767048282
0.8075,20655.18505879387,0.9082068873866903
0.8077777777777778,20647.060080954496,0.9078496327403349
0.8080555555555555,20640.371220417077,0.9075555240605259
0.8083333333333333,20643.72391985963,0.9077029419953638
0.8086111111111111,20636.65744881478,0.9073922298107874
0.8088888888888889,20638.160503478568,0.9074583190079494
0.8091666666666667,20636.519122716938,0.9073861476229779
0.8094444444444444,20633.911219943082,0.9072714783399815
0.8097222222222222,20634.024113875643,0.9072764422774531
0.81,20628.31341123812,0.9070253431247486
0.8102777777777778,20627.614843945852,0.9069946271750084
0.8105555555555556,20622.177761165487,0.9067555590662326
0.8108333333333333,20618.86617640349,0.9066099489407147
0.8111111111111111,20618.564448650402,0.9065966819947787
0.8113888888888889,20621.877408669796,0.906742352590258
0.8116666666666666,20614.12198731936,0.9064013473141008
0.8119444444444445,20612.221516636622,0.9063177837653635
0.8122222222222222,20603.538564368206,0.9059359950265757
0.8125,20601.207059744764,0.9058334789488472
0.8127777777777778,20604.96211305043,0.905998588351886
0.8130555555555555,20596.98633068149,0.9056478938188111
0.8133333333333334,20588.935533055377,0.9052939008706878
0.8136111111111111,20586.87555367537,0.9052033237368848
0.8138888888888889,20577.98954645433,0.9048126066875558
0.8141666666666667,20570.427280244712,0.9044800944279814
0.8144444444444444,20573.350009601447,0.9046086066114452
0.8147222222222222,20570.332149032027,0.9044759115159271
0.815,20573.005099968592,0.9045934409616002
0.8152777777777778,20573.97693962576,0.9046361726760614
0.8155555555555556,20570.68008013047,0.90449121001938
0.8158333333333333,20569.316513783586,0.9044312541127094
0.8161111111111111,20570.087569480107,0.9044651573719708
0.8163888888888889,20568.422242213674,0.9043919330610376
0.8166666666666667,20568.489060080046,0.9043948710374472
0.8169444444444445,20567.14711645338,0.9043358658801101
0.8172222222222222,20560.914882709414,0.9040618350450456
0.8175,20556.086713731325,0.9038495408289983
0.8177777777777778,20555.398986151005,0.9038193015005529
0.8180555555555555,20546.48583551245,0.9034273909572579
0.8183333333333334,20542.06891143786,0.9032331791477685
0.8186111111111111,20539.39528405553,0.9031156199588275
0.8188888888888889,20536.464234422252,0.9029867419334485
0.8191666666666667,20538.320134028003,0.9030683456953825
0.8194444444444444,20532.87110881266,0.9028287524786657
0.8197222222222222,20527.34579422476,0.9025858048241457
0.82,20523.00970106683,0.9023951471438019
0.8202777777777778,20522.213020824944,0.9023601171752654
0.8205555555555556,20515.383072663277,0.9020598048835448
0.8208333333333333,20513.38850189941,0.9019721037615279
0.8211111111111111,20510.79315438827,0.9018579865324606
0.8213888888888888,20505.453735519273,0.9016232126983041
0.8216666666666667,20501.3893089757,0.9014445001779543
0.8219444444444445,20504.071808628163,0.9015624494799259
0.8222222222222222,20503.725968745428,0.9015472429270657
0.8225,20501.360135580213,0.9014432174260141
0.8227777777777778,20504.94751215004,0.9016009540959636
0.8230555555555555,20501.900652463424,0.9014669839115083
0.8233333333333334,20509.50564922781,0.9018013750302665
0.8236111111111111,20502.961223883725,0.9015136171547226
0.8238888888888889,20496.204169005574,0.9012165099750329
0.8241666666666667,20492.453432122235,0.9010515903647497
0.8244444444444444,20489.533075881965,0.9009231825270331
0.8247222222222222,20486.13075344897,0.9007735826731486
0.825,20483.411842837522,0.9006540323841301
0.8252777777777778,20481.828062184344,0.9005843936714664
0.8255555555555556,20489.632937393482,0.9009275734299607
0.8258333333333333,20489.269878908115,0.9009116097764763
0.8261111111111111,20482.25339806767,0.9006030956573159
0.8263888888888888,20480.248464338016,0.9005149388764958
0.8266666666666667,20477.405870972358,0.9003899502663536
0.8269444444444445,20475.442869187667,0.9003036372299061
0.8272222222222222,20470.881968463087,0.900103094778267
0.8275,20461.76748262265,0.8997023315417377
0.8277777777777777,20455.5072758307,0.8994270707339197
0.8280555555555555,20455.25022052302,0.8994157680319488
0.8283333333333334,20451.737114333362,0.8992612970248633
0.8286111111111111,20455.987329845677,0.8994481786717803
0.8288888888888889,20460.976096189723,0.8996675343415711
0.8291666666666667,20458.28614546249,0.899549257416419
0.8294444444444444,20452.241551612733,0.899283477092971
0.8297222222222222,20454.252476707352,0.8993718973136444
0.83,20453.290551177903,0.8993296015226112
0.8302777777777778,20445.277523277928,0.8989772693064213
0.8305555555555556,20438.01176480446,0.8986577944690424
0.8308333333333333,20433.332430338156,0.8984520444949516
0.8311111111111111,20427.024979463706,0.898174706368485
0.8313888888888888,20422.293412304258,0.897966659726922
0.8316666666666667,20416.235086262554,0.8977002756000576
0.8319444444444445,20404.627755468737,0.8971899021639875
0.8322222222222222,20402.061444083934,0.8970770616511468
0.8325,20399.78795606562,0.8969770965590524
0.8327777777777777,20391.52034828782,0.8966135704853506
0.8330555555555555,20384.776664003963,0.8963170512096565
0.8333333333333334,20378.00717909005,0.8960193974822571
0.8336111111111111,20376.208947855892,0.8959403293941558
0.8338888888888889,20369.415329566084,0.8956416145240873
0.8341666666666666,20361.599506057602,0.8952979533697187
0.8344444444444444,20354.090054160148,0.8949677633513599
0.8347222222222223,20350.835268966195,0.8948246506984499
0.835,20351.401598118777,0.8948495521474293
0.8352777777777778,20348.800047902092,0.8947351621858797
0.8355555555555556,20344.421776307772,0.8945426499229543
0.8358333333333333,20339.42963990442,0.8943231460719169
0.8361111111111111,20335.267491594805,0.8941401367330821
0.8363888888888888,20330.876851147816,0.8939470806126628
0.8366666666666667,20325.19283261353,0.8936971547579112
0.8369444444444445,20322.19418984298,0.893565304667521
0.8372222222222222,20312.770650447033,0.8931509523700908
0.8375,20302.54560096894,0.8927013577364219
0.8377777777777777,20294.806151582194,0.8923610547462711
0.8380555555555556,20291.597013403807,0.8922199491891003
0.8383333333333334,20290.724668626546,0.8921815922568033
0.8386111111111111,20284.831176415762,0.8919224558607188
0.8388888888888889,20294.754172697005,0.8923587692387149
0.8391666666666666,20295.3881882036,0.8923866468514383
0.8394444444444444,20283.954979105027,0.8918839295328231
0.8397222222222223,20283.211333733485,0.8918512315034284
0.84,20285.163734480517,0.8919370784130709
0.8402777777777778,20281.112712486047,0.8917589552897071
0.8405555555555555,20272.264222980913,0.8913698878914409
0.8408333333333333,20269.58436921874,0.8912520549290603
0.8411111111111111,20272.24135249298,0.8913688822778576
0.8413888888888889,20272.923290730098,0.8913988670493307
0.8416666666666667,20264.994574789456,0.8910502420234631
0.8419444444444445,20260.185390812014,0.890838782576424
0.8422222222222222,20254.709450827744,0.8905980059194019
0.8425,20253.69780900006,0.8905535241065855
0.8427777777777777,20253.33219510596,0.890537448091977
0.8430555555555556,20245.828444057854,0.8902075087395226
0.8433333333333334,20246.102788672626,0.8902195716509874
0.8436111111111111,20244.209828013507,0.890136338317407
0.8438888888888889,20240.94533546481,0.8899927988328606
0.8441666666666666,20234.334003265973,0.8897020990680948
0.8444444444444444,20234.213744685283,0.8896968113076154
0.8447222222222223,20232.608776659825,0.8896262409878334
0.845,20232.10876666156,0.8896042555869331
0.8452777777777778,20231.92447551278,0.8895961523193937
0.8455555555555555,20227.690858361846,0.8894100005011413
0.8458333333333333,20223.636964000034,0.8892317510800077
0.8461111111111111,20214.871894216245,0.8888463516404286
0.8463888888888889,20212.744027913173,0.8887527895238759
0.8466666666666667,20207.079091916446,0.8885037027268229
0.8469444444444445,20218.256454477454,0.8889951704929955
0.8472222222222222,20218.387755560903,0.889000943791466
0.8475,20209.670329424822,0.8886176392393869
0.8477777777777777,20204.48018538778,0.8883894290080308
0.8480555555555556,20195.935204366477,0.8880137068542933
0.8483333333333334,20191.36169895512,0.8878126101755527
0.8486111111111111,20184.233751123964,0.8874991948614434
0.8488888888888889,20181.53329744093,0.8873804561221379
0.8491666666666666,20181.167948768943,0.8873643917693254
0.8494444444444444,20183.997556152262,0.8874888093868298
0.8497222222222223,20179.294714109583,0.8872820257864266
0.85,20172.10028768249,0.8869656874136023
0.8502777777777778,20164.624507210407,0.8866369779252095
0.8505555555555555,20159.160234569084,0.8863967142803532
0.8508333333333333,20165.777718652975,0.8866876845430283
0.8511111111111112,20162.79988206158,0.8865567492987243
0.8513888888888889,20155.619401003023,0.8862410241026746
0.8516666666666667,20158.884675712798,0.8863845979787829
0.8519444444444444,20154.438518147952,0.886189100774991
0.8522222222222222,20154.542883474776,0.8861936897103289
0.8525,20152.96011725477,0.8861240956022131
0.8527777777777777,20150.30663792836,0.8860074223217305
0.8530555555555556,20152.056045817128,0.8860843436511161
0.8533333333333334,20151.78034209312,0.8860722209797235
0.8536111111111111,20149.31320602436,0.8859637411978483
0.8538888888888889,20150.644666609158,0.8860222854166464
0.8541666666666666,20152.685925477894,0.8861120394110187
0.8544444444444445,20148.42327357543,0.88592461093699
0.8547222222222223,20138.947679626115,0.8855079698048796
0.855,20135.390613506286,0.885351565883069
0.8552777777777778,20148.788556958345,0.8859406724190473
0.8555555555555555,20146.075592968187,0.8858213836025066
0.8558333333333333,20144.356019826126,0.8857457741046231
0.8561111111111112,20139.053272850757,0.8855126127307894
0.8563888888888889,20150.246398543946,0.8860047736006631
0.8566666666666667,20149.98034810466,0.885993075383452
0.8569444444444444,20153.24990446763,0.8861368375235199
0.8572222222222222,20142.922139861217,0.8856827265136135
0.8575,20135.659360089892,0.885363382649537
0.8577777777777778,20128.370907722267,0.8850429099633894
0.8580555555555556,20126.70708209374,0.8849697516793587
0.8583333333333333,20123.40441714306,0.8848245337572535
0.8586111111111111,20122.60785531421,0.8847895089953289
0.8588888888888889,20122.75395444096,0.8847959329626173
0.8591666666666666,20116.014696563136,0.8844996083156538
0.8594444444444445,20111.190724059925,0.8842874986182819
0.8597222222222223,20113.0314226077,0.884368433990874
0.86,20100.66693629638,0.8838247684853375
0.8602777777777778,20102.1810820902,0.8838913453586281
0.8605555555555555,20094.98013590052,0.883574720312348
0.8608333333333333,20095.14112731903,0.8835817990925519
0.8611111111111112,20086.632661370408,0.8832076825037322
0.8613888888888889,20083.36888437604,0.8830641744820542
0.8616666666666667,20072.419545815555,0.8825827329135253
0.8619444444444444,20075.14725472503,0.8827026700630265
0.8622222222222222,20063.751867009898,0.8822016157477122
0.8625,20063.404106314414,0.8821863247368642
0.8627777777777778,20058.624445651112,0.8819761634276614
0.8630555555555556,20057.52064806633,0.8819276295333425
0.8633333333333333,20056.09509505741,0.8818649480779428
0.8636111111111111,20051.01898857013,0.881641752068818
0.8638888888888889,20049.636957572886,0.8815809842729011
0.8641666666666666,20047.953820726398,0.8815069768761122
0.8644444444444445,20047.757880602214,0.8814983614040265
0.8647222222222222,20046.22741203133,0.8814310668194925
0.865,20039.763308887017,0.8811468407048518
0.8652777777777778,20036.90521203741,0.881021170407721
0.8655555555555555,20031.674458070233,0.8807911745608819
0.8658333333333333,20024.727581288105,0.8804857209267752
0.8661111111111112,20021.233482210144,0.880332085660919
0.8663888888888889,20018.887456392487,0.8802289310874055
0.8666666666666667,20016.19937606171,0.8801107364034407
0.8669444444444444,20015.94987695853,0.8800997659471963
0.8672222222222222,20014.06402198447,0.8800168450500377
0.8675,20007.88298048103,0.8797450651338244
0.8677777777777778,20003.206892705166,0.879539457916461
0.8680555555555556,19997.796371852975,0.8793015577336101
0.8683333333333333,19990.383340972905,0.8789756073399183
0.8686111111111111,19983.8681965571,0.8786891369445232
0.8688888888888889,19980.93587536677,0.8785602030088789
0.8691666666666666,19976.397970011607,0.8783606716618523
0.8694444444444445,19969.553449130275,0.8780597186087765
0.8697222222222222,19962.82509742453,0.8777638735053547
0.87,19957.62192382747,0.8775350903652537
0.8702777777777778,19950.316830309726,0.8772138859690242
0.8705555555555555,19942.96099775954,0.8768904505814675
0.8708333333333333,19939.986474176352,0.8767596610098779
0.8711111111111111,19930.099031933925,0.876324910940215
0.8713888888888889,19924.485916584992,0.8760781026930322
0.8716666666666667,19913.65625800647,0.8756019234440416
0.8719444444444444,19907.491190947327,0.875330845922907
0.8722222222222222,19899.225751412607,0.8749674151866853
0.8725,19899.17660069542,0.8749652540334572
0.8727777777777778,19891.978156982328,0.8746487390208786
0.8730555555555556,19889.270347669557,0.8745296768551034
0.8733333333333333,19887.312609297856,0.8744435952505175
0.8736111111111111,19883.586456720324,0.8742797566102567
0.8738888888888889,19873.357505912365,0.8738299904354156
0.8741666666666666,19871.297880382597,0.8737394288603801
0.8744444444444445,19863.14932481674,0.8733811375032173
0.8747222222222222,19858.546680936346,0.8731787596082499
0.875,19847.681711739155,0.872701027754091
0.8752777777777778,19844.834881659648,0.8725758528559688
0.8755555555555555,19841.88229243671,0.8724460277365006
0.8758333333333334,19840.490993848893,0.8723848524453439
0.8761111111111111,19830.3448825165,0.871938728715828
0.8763888888888889,19824.663613400375,0.87168892375278
0.8766666666666667,19827.203612747024,0.8718006073273409
0.8769444444444444,19823.545288709985,0.8716397511027526
0.8772222222222222,19819.617486082145,0.8714670459253966
0.8775,19811.953358268922,0.8711300548190004
0.8777777777777778,19806.15431120538,0.8708750711687259
0.8780555555555556,19802.41489318676,0.8707106492480478
0.8783333333333333,19799.01738922125,0.8705612612618053
0.8786111111111111,19797.167759936652,0.8704799332054066
0.8788888888888889,19794.646803026826,0.8703690869253181
0.8791666666666667,19784.193019014023,0.8699094348518723
0.8794444444444445,19779.597608427186,0.8697073750042623
0.8797222222222222,19777.08889304285,0.8695970669831015
0.88,19780.13101308779,0.8697308287658794
0.8802777777777778,19772.63056036939,0.8694010344407267
0.8805555555555555,19771.900605662555,0.8693689383887988
0.8808333333333334,19766.93796622512,0.8691507315170681
0.8811111111111111,19761.881531958174,0.868928400493948
0.8813888888888889,19757.684135209547,0.8687438412839799
0.8816666666666667,19754.43461412986,0.8686009600937663
0.8819444444444444,19750.6931880625,0.8684364498793408
0.8822222222222222,19759.184699654423,0.8688098209864092
0.8825,19749.720245337157,0.8683936696630573
0.8827777777777778,19743.993378827035,0.8681418597861265
0.8830555555555556,19755.721431010817,0.8686575413323641
0.8833333333333333,19756.96130860424,0.8687120586541242
0.8836111111111111,19748.614429867088,0.8683450470424786
0.8838888888888888,19742.982026257818,0.8680973906919826
0.8841666666666667,19741.93899747911,0.8680515287973605
0.8844444444444445,19739.72433504908,0.8679541502618274
0.8847222222222222,19732.528852569994,0.8676377654544789
0.885,19726.52881200216,0.8673739441353867
0.8852777777777778,19720.068606107343,0.8670898893825045
0.8855555555555555,19720.11182931604,0.8670917899036436
0.8858333333333334,19717.473177836022,0.8669757686024184
0.8861111111111111,19712.988839946647,0.8667785926127138
0.8863888888888889,19710.611586425963,0.8666740649595166
0.8866666666666667,19703.41168825176,0.8663574859943957
0.8869444444444444,19704.434124081454,0.8664024424186445
0.8872222222222222,19695.454547068766,0.8660076111128233
0.8875,19692.139086949046,0.8658618305881262
0.8877777777777778,19676.799498075397,0.865187350053332
0.8880555555555556,19668.431824827447,0.8648194241086572
0.8883333333333333,19663.245905111755,0.8645913996203837
0.8886111111111111,19659.65870776558,0.8644336708308842
0.8888888888888888,19656.60130119235,0.8642992369006413
0.8891666666666667,19650.157549897776,0.8640159056552577
0.8894444444444445,19648.31149630146,0.8639347348215959
0.8897222222222222,19642.409524045448,0.8636752255585795
0.89,19637.053710319913,0.8634397308438507
0.8902777777777777,19646.009545884157,0.8638335182400224
0.8905555555555555,19632.477114262198,0.8632384982696291
0.8908333333333334,19622.074916431015,0.8627811144365941
0.8911111111111111,19609.213372092625,0.8622155933281022
0.8913888888888889,19609.150480241933,0.8622128279782979
0.8916666666666667,19602.213363634124,0.8619078034983001
0.8919444444444444,19595.91394208962,0.8616308184208493
0.8922222222222222,19586.43759123289,0.8612141440075785
0.8925,19581.620764110743,0.8610023484920586
0.8927777777777778,19570.363690927163,0.8605073758559848
0.8930555555555556,19558.822393788207,0.8599999059146048
0.8933333333333333,19562.2226489619,0.8601494148712581
0.8936111111111111,19556.34859164099,0.8598911330257764
0.8938888888888888,19554.277671911255,0.859800074845643
0.8941666666666667,19547.069936133674,0.8594831512617085
0.8944444444444445,19547.87702105439,0.8595186387231675
0.8947222222222222,19537.824195950037,0.8590766167818739
0.895,19539.35100864618,0.8591437506178786
0.8952777777777777,19538.4811959819,0.8591055050223932
0.8955555555555555,19537.860111836293,0.859078196000611
0.8958333333333334,19537.331300320096,0.8590549441991978
0.8961111111111111,19529.560690160524,0.8587132710722792
0.8963888888888889,19523.98264715223,0.8584680049531981
0.8966666666666666,19527.646155561462,0.8586290891342303
0.8969444444444444,19523.430035523128,0.8584437066626637
0.8972222222222223,19514.82600711616,0.8580653881999515
0.8975,19497.75747728432,0.8573148862651242
0.8977777777777778,19487.823718205145,0.8568780996477365
0.8980555555555556,19481.77444446588,0.8566121135499092
0.8983333333333333,19474.620711431467,0.8562975644624097
0.8986111111111111,19472.817240481407,0.856218265984406
0.8988888888888888,19469.249652685245,0.8560613994253019
0.8991666666666667,19461.421364274076,0.8557171901901275
0.8994444444444445,19462.252227828816,0.8557537231962828
0.8997222222222222,19455.340149977517,0.8554497996684697
0.9,19447.689500889002,0.855113401220555
0.9002777777777777,19442.916409037265,0.854903528741488
0.9005555555555556,19439.82457720274,0.854767581135172
0.9008333333333334,19431.572937315275,0.8544047571683715
0.9011111111111111,19422.35332543747,0.8539993715481207
0.9013888888888889,19422.02389565726,0.8539848865461978
0.9016666666666666,19413.324911897835,0.8536023929039918
0.9019444444444444,19401.15807262979,0.8530674179236413
0.9022222222222223,19399.61625119284,0.8529996241544655
0.9025,19393.91453117462,0.8527489199668362
0.9027777777777778,19405.697542575806,0.8532670180656067
0.9030555555555555,19392.167738827055,0.8526721136425947
0.9033333333333333,19391.698249635014,0.8526514702391804
0.9036111111111111,19398.721335256058,0.8529602747700322
0.9038888888888889,19385.05881973367,0.8523595350206113
0.9041666666666667,19383.75793141211,0.8523023350618603
0.9044444444444445,19378.39601994647,0.8520665722299713
0.9047222222222222,19374.204985870074,0.8518822927862083
0.905,19367.24271075914,0.8515761620887765
0.9052777777777777,19363.652646208677,0.8514183072285265
0.9055555555555556,19362.750683608658,0.8513786480028566
0.9058333333333334,19355.12118110642,0.8510431793687028
0.9061111111111111,19341.25566307127,0.8504335136145175
0.9063888888888889,19335.534713454086,0.8501819639029109
0.9066666666666666,19335.46971078069,0.8501791057403958
0.9069444444444444,19327.440912401504,0.8498260800974563
0.9072222222222223,19321.976235162063,0.8495857986624521
0.9075,19344.131147675493,0.8505599484498721
0.9077777777777778,19343.961935533218,0.850552508205081
0.9080555555555555,19335.207533710243,0.8501675778349127
0.9083333333333333,19329.26788094961,0.8499064117630263
0.9086111111111111,19319.615974088032,0.8494820181658183
0.9088888888888889,19315.388233410587,0.84929612473565
0.9091666666666667,19312.229521264842,0.8491572364072292
0.9094444444444445,19305.516419032465,0.8488620618219702
0.9097222222222222,19299.44040215025,0.8485948998302185
0.91,19293.482884388315,0.8483329482356085
0.9102777777777777,19285.42706057818,0.847978734286563
0.9105555555555556,19278.70497963091,0.8476831649079057
0.9108333333333334,19277.989273805528,0.8476516953781917
0.9111111111111111,19269.755271783117,0.8472896469469517
0.9113888888888889,19269.658351796184,0.8472853853826323
0.9116666666666666,19264.982304613026,0.8470797799501271
0.9119444444444444,19256.16663544614,0.8466921556595919
0.9122222222222223,19249.202407298908,0.8463859390873053
0.9125,19244.382397303525,0.8461740036210957
0.9127777777777778,19242.709317595738,0.8461004384359166
0.9130555555555555,19233.28600868432,0.8456860962728733
0.9133333333333333,19228.412189795356,0.8454717948337802
0.9136111111111112,19227.45278078138,0.8454296096937374
0.9138888888888889,19219.91160028904,0.8450980245715188
0.9141666666666667,19209.8698500598,0.8446564895916262
0.9144444444444444,19206.746945785006,0.844519175732518
0.9147222222222222,19195.466199894447,0.8440231622093516
0.915,19187.95049655519,0.8436926973155809
0.9152777777777777,19180.77695508718,0.8433772772527902
0.9155555555555556,19175.377505668082,0.8431398638799947
0.9158333333333334,19159.10098528999,0.8424241865395112
0.9161111111111111,19149.013529546533,0.8419806418916982
0.9163888888888889,19139.455605227085,0.841560380699589
0.9166666666666666,19129.981970654244,0.8411438257211103
0.9169444444444445,19125.00161463217,0.8409248398525252
0.9172222222222223,19117.634693128995,0.8406009168845646
0.9175,19106.44332258384,0.840108833188414
0.9177777777777778,19112.173134112996,0.8403607725576037
0.9180555555555555,19106.54341447245,0.8401132342210046
0.9183333333333333,19102.31320030356,0.839927232031609
0.9186111111111112,19103.957493291906,0.8399995314669637
0.9188888888888889,19101.499013638742,0.8398914323070119
0.9191666666666667,19096.052623180607,0.8396519549403655
0.9194444444444444,19084.210052351995,0.8391312380181837
0.9197222222222222,19076.866152111,0.8388083272933382
0.92,19066.731917073652,0.8383627257635956
0.9202777777777778,19055.99964853792,0.837890828747244
0.9205555555555556,19055.749647884302,0.8378798362378658
0.9208333333333333,19051.699914224402,0.8377017697624731
0.9211111111111111,19048.60509139257,0.8375656906422371
0.9213888888888889,19040.810704030322,0.8372229720335583
0.9216666666666666,19037.30759746811,0.8370689407093173
0.9219444444444445,19028.046012268103,0.8366617095253399
0.9222222222222223,19019.69885576126,0.8362946857001826
0.9225,19030.39529750542,0.8367650074152835
0.9227777777777778,19028.659466644676,0.8366886830667686
0.9230555555555555,19023.247010639803,0.836450697795404
0.9233333333333333,19010.864086041987,0.8359062215598383
0.9236111111111112,19007.28082856063,0.8357486660058896
0.9238888888888889,18995.566220016415,0.8352335755754428
0.9241666666666667,19001.652346349554,0.8355011820789685
0.9244444444444444,18999.085565423746,0.835388320920446
0.9247222222222222,18990.51384719819,0.8350114231339083
0.925,18988.23771200475,0.8349113416457288
0.9252777777777778,18980.73231683261,0.834581330001268
0.9255555555555556,18973.085090653665,0.8342450820584221
0.9258333333333333,18961.585678083276,0.8337394537782783
0.9261111111111111,18953.487558988236,0.8333833801088312
0.9263888888888889,18949.742534254598,0.833218711661328
0.9266666666666666,18945.77136172115,0.8330440995125812
0.9269444444444445,18942.960553666555,0.8329205085001048
0.9272222222222222,18938.935149922952,0.8327435118092474
0.9275,18939.77133513648,0.8327802788083276
0.9277777777777778,18933.224445441454,0.8324924125754636
0.9280555555555555,18929.663354828986,0.8323358316970234
0.9283333333333333,18928.087877903123,0.8322665580986065
0.9286111111111112,18921.444393773345,0.8319744446159273
0.9288888888888889,18917.257332659123,0.8317903398630034
0.9291666666666667,18912.060266091783,0.8315618252485263
0.9294444444444444,18911.194123166788,0.831523741011193
0.9297222222222222,18906.545737112192,0.8313193518363684
0.93,18895.57724967206,0.8308370682930843
0.9302777777777778,18886.408909501242,0.830433937085819
0.9305555555555556,18883.48472909807,0.8303053610999558
0.9308333333333333,18881.736368704234,0.8302284858288412
0.9311111111111111,18875.279119246832,0.8299445610702834
0.9313888888888889,18868.120367255506,0.829629791299637
0.9316666666666666,18862.676326464,0.8293904172476502
0.9319444444444445,18854.23197545304,0.8290191197876742
0.9322222222222222,18853.050375475035,0.8289671649281508
0.9325,18843.079725124895,0.8285287562044358
0.9327777777777778,18839.312921906454,0.8283631301586425
0.9330555555555555,18832.56499988455,0.8280664245499347
0.9333333333333333,18827.821497717174,0.8278578531269974
0.9336111111111111,18815.375180482442,0.8273105895220959
0.9338888888888889,18806.38229378768,0.8269151729905846
0.9341666666666667,18795.074376342094,0.8264179647362482
0.9344444444444444,18785.232092432067,0.8259852002749636
0.9347222222222222,18777.769327894282,0.8256570630961938
0.935,18769.77386692789,0.8253055032967129
0.9352777777777778,18762.512466566437,0.8249862200851816
0.9355555555555556,18757.862430503013,0.8247817583595967
0.9358333333333333,18734.791638932362,0.8237673374409612
0.9361111111111111,18725.343842684782,0.8233519185716432
0.9363888888888889,18713.430119609726,0.8228280730906957
0.9366666666666666,18709.27498429235,0.8226453721125867
0.9369444444444445,18704.098021863152,0.8224177414755066
0.9372222222222222,18694.595810366038,0.8219999299718808
0.9375,18689.398247086483,0.821771393517006
0.9377777777777778,18675.985408889304,0.8211816320602383
0.9380555555555555,18670.552944871542,0.8209427670380964
0.9383333333333334,18662.89630276253,0.8206061050775346
0.9386111111111111,18655.39645860511,0.8202763375107612
0.9388888888888889,18645.150883142374,0.819825840351137
0.9391666666666667,18641.648510249455,0.819671841286278
0.9394444444444444,18633.444305086097,0.8193111030206228
0.9397222222222222,18624.171195615167,0.8189033651153454
0.94,18617.64041666698,0.8186162072707723
0.9402777777777778,18610.805043338605,0.8183156564348917
0.9405555555555556,18603.606003421144,0.8179991152072532
0.9408333333333333,18592.804769041737,0.8175241857680963
0.9411111111111111,18589.094228237416,0.8173610335762945
0.9413888888888889,18585.492402905395,0.8172026615953902
0.9416666666666667,18579.702948996237,0.816948099755371
0.9419444444444445,18565.125739501316,0.8163071409828166
0.9422222222222222,18564.882418250952,0.8162964421662823
0.9425,18557.510792430425,0.815972312349852
0.9427777777777778,18542.84272638971,0.8153273586220156
0.9430555555555555,18534.416957177553,0.8149568782022939
0.9433333333333334,18529.094469388776,0.8147228488264234
0.9436111111111111,18522.04182761747,0.8144127447139335
0.9438888888888889,18519.67231479526,0.8143085574186488
0.9441666666666667,18516.073517107172,0.8141503185630138
0.9444444444444444,18505.931791097315,0.81370438765579
0.9447222222222222,18500.48338980436,0.8134648218728924
0.945,18504.019412281483,0.8136203005073628
0.9452777777777778,18498.685012699087,0.8133857473708495
0.9455555555555556,18500.33448870743,0.813458274703192
0.9458333333333333,18487.64650289912,0.8129003849498263
0.9461111111111111,18481.061122176092,0.812610826269442
0.9463888888888888,18472.644526129818,0.8122407491931138
0.9466666666666667,18454.734222582778,0.8114532345332206
0.9469444444444445,18439.007488247098,0.8107617312424436
0.9472222222222222,18433.09005195749,0.8105015420270675
0.9475,18431.095389675964,0.8104138368810262
0.9477777777777778,18413.77419037675,0.8096522250892864
0.9480555555555555,18409.538280784796,0.8094659724725798
0.9483333333333334,18400.93452439297,0.8090876659703523
0.9486111111111111,18389.7725764506,0.8085968759837675
0.9488888888888889,18381.663784684537,0.8082403330378021
0.9491666666666667,18374.398612397188,0.8079208839749813
0.9494444444444444,18369.02503767863,0.8076846083107649
0.9497222222222222,18355.84080989849,0.8071048988363295
0.95,18348.595481428194,0.8067863223046078
0.9502777777777778,18346.289935824592,0.8066849476429712
0.9505555555555556,18337.592576072864,0.806302525408258
0.9508333333333333,18323.24367457136,0.8056716053204929
0.9511111111111111,18311.361098973986,0.8051491293917268
0.9513888888888888,18301.387937986186,0.8047106102754684
0.9516666666666667,18295.11380722424,0.804434737231768
0.9519444444444445,18290.926625338176,0.8042506271685156
0.9522222222222222,18278.14893589641,0.8036887931533341
0.9525,18272.305973979823,0.8034318785703721
0.9527777777777777,18261.996968299307,0.8029785923889846
0.9530555555555555,18251.363765938608,0.8025110513046769
0.9533333333333334,18240.590670057732,0.8020373591131212
0.9536111111111111,18232.91920297496,0.8017000452996114
0.9538888888888889,18224.045598462268,0.8013098735964079
0.9541666666666667,18213.73471739429,0.800856504954379
0.9544444444444444,18214.15385166091,0.8008749342556222
0.9547222222222222,18204.290528699214,0.8004412447088651
0.955,18196.01386379384,0.8000773203939652
0.9552777777777778,18184.647560704365,0.7995775449273885
0.9555555555555556,18168.870519885324,0.7988838296644342
0.9558333333333333,18158.00617567164,0.7984061252907515
0.9561111111111111,18147.256012801034,0.7979334414618814
0.9563888888888888,18140.15923494701,0.7976213966892525
0.9566666666666667,18125.428186743575,0.796973673640599
0.9569444444444445,18116.62779795298,0.796586721227026
0.9572222222222222,18111.120877825175,0.7963445823754919
0.9575,18099.958547811962,0.7958537755892817
0.9577777777777777,18097.318955263705,0.795737712909359
0.9580555555555555,18088.853058330253,0.7953654680768396
0.9583333333333334,18076.976950111715,0.7948432765182202
0.9586111111111111,18065.308259170066,0.794330205081202
0.9588888888888889,18062.641288675717,0.79421293859511
0.9591666666666666,18054.091134058835,0.7938369889587755
0.9594444444444444,18044.58779312658,0.793419127793974
0.9597222222222223,18033.81906662827,0.7929456277238315
0.96,18024.188106300713,0.7925221551441021
0.9602777777777778,18015.207684020766,0.7921272866719449
0.9605555555555556,18013.578319655622,0.7920556436469962
0.9608333333333333,17999.78025796158,0.7914489439429053
0.9611111111111111,17988.69369320529,0.7909614685491742
0.9613888888888888,17979.809707128687,0.7905708403694096
0.9616666666666667,17968.87980610041,0.7900902534676665
0.9619444444444445,17960.26722661809,0.7897115590148333
0.9622222222222222,17950.890585192414,0.7892992688175239
0.9625,17940.966536702304,0.7888629091739854
0.9627777777777777,17918.14916520319,0.7878596311162691
0.9630555555555556,17912.14177829998,0.7875954867793793
0.9633333333333334,17901.39186569005,0.7871228139544516
0.9636111111111111,17891.36388286112,0.7866818843260843
0.9638888888888889,17885.664837986486,0.7864312977643114
0.9641666666666666,17876.87337508718,0.786044737821487
0.9644444444444444,17863.672564187862,0.7854642991885857
0.9647222222222223,17856.798808411826,0.7851620606794539
0.965,17846.70539305859,0.7847182539880605
0.9652777777777778,17841.5875918301,0.7844932246643938
0.9655555555555555,17833.599866342814,0.7841420049933302
0.9658333333333333,17828.442428102855,0.783915232833339
0.9661111111111111,17817.002780233306,0.7834122324024626
0.9663888888888889,17809.546751418657,0.7830843913929174
0.9666666666666667,17796.574326250462,0.7825139948629262
0.9669444444444445,17789.70679919458,0.7822120302301373
0.9672222222222222,17783.672807294573,0.7819467160735987
0.9675,17774.928780608818,0.7815622418974104
0.9677777777777777,17767.316118869927,0.7812275137503167
0.9680555555555556,17754.552125512397,0.7806662819508984
0.9683333333333334,17741.640202997307,0.7800985457178785
0.9686111111111111,17719.164514359643,0.7791102914291185
0.9688888888888889,17705.181684872183,0.7784954674994603
0.9691666666666666,17695.57977414648,0.7780732722284748
0.9694444444444444,17689.108779948547,0.7777887431147401
0.9697222222222223,17682.830997609955,0.7775127095114974
0.97,17678.51178988139,0.7773227942821751
0.9702777777777778,17669.557283470007,0.7769290653287516
0.9705555555555555,17660.157548503033,0.7765157597102198
0.9708333333333333,17650.066460043196,0.7760720553321487
0.9711111111111111,17639.998893695778,0.7756293852195393
0.9713888888888889,17633.641862235774,0.7753498670385656
0.9716666666666667,17630.275120521477,0.7752018316661264
0.9719444444444445,17619.686123269745,0.7747362342770366
0.9722222222222222,17605.400954888028,0.7741081165296126
0.9725,17601.701283305836,0.7739454422566662
0.9727777777777777,17591.704936391274,0.7735059036570037
0.9730555555555556,17584.623385053103,0.7731945283930977
0.9733333333333334,17578.044081225562,0.7729052369133373
0.9736111111111111,17571.4122189777,0.7726136344439059
0.9738888888888889,17555.075897485214,0.7718953276530537
0.9741666666666666,17547.323249162335,0.7715544443067035
0.9744444444444444,17534.539282822076,0.7709923342967813
0.9747222222222223,17535.744444901808,0.7710453251800928
0.975,17514.752047770868,0.7701222911040094
0.9752777777777778,17505.17894771885,0.7697013626361145
0.9755555555555555,17487.775635510792,0.7689361403461321
0.9758333333333333,17482.948915015353,0.7687239098197549
0.9761111111111112,17477.605388777625,0.7684889553849134
0.9763888888888889,17466.974569214723,0.7680215190720403
0.9766666666666667,17451.09002545675,0.7673230769131866
0.9769444444444444,17435.737748623695,0.7666480384898
0.9772222222222222,17424.55652157609,0.7661564008024511
0.9775,17414.320171347696,0.7657063092756665
0.9777777777777777,17396.755052421035,0.7649339723567984
0.9780555555555556,17386.827838867623,0.7644974735456715
0.9783333333333334,17368.625315225978,0.7636971099908497
0.9786111111111111,17361.08208439309,0.7633654347153158
0.9788888888888889,17352.55796444388,0.7629906298213028
0.9791666666666666,17338.909611506555,0.7623905127996503
0.9794444444444445,17334.278174338055,0.7621868688660348
0.9797222222222223,17329.280958568386,0.7619671416756537
0.98,17323.48035560735,0.7617120896126868
0.9802777777777778,17316.900546318426,0.7614227759078286
0.9805555555555555,17304.856245770905,0.7608931889455294
0.9808333333333333,17307.325344614343,0.7610017550304551
0.9811111111111112,17295.869828119765,0.7604980568573652
0.9813888888888889,17291.38619076478,0.7603009116701035
0.9816666666666667,17279.411580086362,0.7597743889659516
0.9819444444444444,17266.37645925175,0.7592012357123635
0.9822222222222222,17250.047377761923,0.7584832472638675
0.9825,17234.46685919697,0.7577981730692057
0.9827777777777778,17219.669976455007,0.7571475552809916
0.9830555555555556,17208.254851191054,0.7566456331071842
0.9833333333333333,17197.855276878185,0.7561883646300462
0.9836111111111111,17190.529135473564,0.7558662347598608
0.9838888888888889,17177.847477221603,0.7553086232286578
0.9841666666666666,17168.403612207832,0.754893377215386
0.9844444444444445,17160.235820928996,0.7545342400654131
0.9847222222222223,17144.943089516863,0.7538618198495729
0.985,17133.13208810113,0.7533424910320305
0.9852777777777778,17122.79386656037,0.7528879202315306
0.9855555555555555,17107.83536466719,0.7522301960617543
0.9858333333333333,17098.054367892535,0.7518001263910656
0.9861111111111112,17085.612275405194,0.7512530485479798
0.9863888888888889,17076.178309450785,0.7508382377955813
0.9866666666666667,17066.908836504113,0.7504306597879941
0.9869444444444444,17044.599159522262,0.7494497050188832
0.9872222222222222,17041.6604764752,0.7493204913528914
0.9875,17033.64314676831,0.7489679699865844
0.9877777777777778,17017.141954903735,0.74824241385824
0.9880555555555556,17001.35537175363,0.7475482790197278
0.9883333333333333,16990.49883412216,0.7470709179008606
0.9886111111111111,16978.524499451083,0.7465444073327301
0.9888888888888889,16976.233797131772,0.7464436853291543
0.9891666666666666,16963.253292999376,0.7458729335677328
0.9894444444444445,16952.675036130044,0.7454078084324253
0.9897222222222222,16932.592020113258,0.7445247597735039
0.99,16918.916718962806,0.7439234578410072
0.9902777777777778,16906.152705267956,0.7433622251473584
0.9905555555555555,16898.923684713696,0.7430443656734418
0.9908333333333333,16914.378103608076,0.7437238952753545
0.9911111111111112,16906.981750183102,0.7433986781880717
0.9913888888888889,16889.897581394413,0.7426474886095229
0.9916666666666667,16873.709599618996,0.741935704304542
0.9919444444444444,16865.745596796805,0.7415855277172255
0.9922222222222222,16847.979360352663,0.7408043476766893
0.9925,16830.266443400178,0.740025512090072
0.9927777777777778,16821.00904974289,0.7396184652079033
0.9930555555555556,16812.200744991227,0.7392311647301352
0.9933333333333333,16804.03348689465,0.7388720510241449
0.9936111111111111,16790.48425791753,0.7382762924753461
0.9938888888888889,16788.047005921977,0.7381691266938555
0.9941666666666666,16775.260031664493,0.7376068844260459
0.9944444444444445,16766.484230965467,0.7372210131489548
0.9947222222222222,16752.567724734923,0.7366091054477668
0.995,16738.127517720593,0.735974170663674
0.9952777777777778,16719.932930161114,0.7351741560577703
0.9955555555555555,16710.076481617765,0.7347407687786555
0.9958333333333333,16698.57845607395,0.7342352014859628
0.9961111111111111,16679.883789138712,0.7334131984286358
0.9963888888888889,16670.15336369135,0.7329853523752916
0.9966666666666667,16653.638334252963,0.7322591878098984
0.9969444444444444,16636.34848558385,0.7314989545029363
0.9972222222222222,16623.45959746473,0.7309322310905233
0.9975,16596.11590404644,0.7297299310085636
0.9977777777777778,16580.63001152513,0.7290490175137122
0.9980555555555556,16556.286557512656,0.7279786377260716
0.9983333333333333,16534.36807717327,0.7270148838430336
0.9986111111111111,16517.086674682898,0.7262550219138967
0.9988888888888889,16495.47464394529,0.7253047425961158
0.9991666666666666,16485.991261965082,0.7248877590248901
0.9994444444444445,16471.329360860604,0.7242430763688226
0.9997222222222222,16453.142590432417,0.7234434054815764
1.0,16437.113645026617,0.722738613993451
