"model","chi_square","df","p_value","cramers_v"
"Overall",138.289841626008,9,2.32528678709884e-25,0.279044623342658
"Male",41.2802887910493,9,4.44727947368526e-06,0.222079583588615
"Female",106.663733770516,9,7.01401315701454e-19,0.337035459134606
