prior_90d_spend,tank_size_gallons,customer_tenure_months,freshwater_customer,saltwater_customer,treatment,first_14d_spend,water_test_count_30d,repeat_visit_30d,livestock_purchase_30d,maintenance_subscription_30d,true_long_term_value_180d,surrogate_index
77.72188516982646,55,2.513200819299737,0,1,1,98.80725469030537,0,1,1,1,536.7121914976343,535.1503501725227
41.1432317403228,20,8.104676857206499,0,1,1,81.06873289268377,1,1,1,1,402.2424360927578,516.1576863799555
8.874189418370438,20,12.157512583349257,0,1,0,0.0,0,1,1,1,376.81598973924423,406.70019628504
66.13311199939925,120,2.450178542650291,1,0,1,101.98804777924889,4,0,1,0,399.2469618179709,341.30385068054136
34.56960117097271,10,8.504536338338957,1,0,0,16.576342772335597,1,1,1,0,260.6832136205326,239.1793423496878
121.61145327374507,20,8.137369567159094,1,0,1,81.67423039558336,1,1,1,1,402.53177471288654,514.279520129205
42.194298701361724,40,5.1465193112582845,1,0,0,14.753100701197756,2,0,0,0,73.78708761116829,144.00363942417448
34.10152612119229,29,5.330438054133459,0,1,1,79.03763731043655,1,1,0,1,415.4898312735759,437.46207518937223
40.07618658666586,75,16.652813354960305,1,0,0,40.41039746149092,0,1,1,1,335.9617070234059,445.84817664463657
49.60733657296881,120,33.430702945325486,1,0,0,31.287952082846438,1,0,1,1,371.63293723034036,402.17410805193265
169.8601674184306,40,1.8793952935721925,0,1,1,89.07382971266001,0,1,1,1,576.207455707748,557.5572170094612
15.380750748808353,29,30.118244746371182,0,1,1,48.53375207049696,1,0,1,1,399.52911746452327,415.80492602024907
7.830923294496834,20,11.869235895090853,0,1,0,47.21069235640088,0,1,1,0,255.27620688524598,286.79116978974844
124.42005131047661,40,0.9268468273372139,1,0,0,55.12603417768148,0,0,0,1,322.8996862937982,332.8101977406368
65.77786347718272,20,24.606102920223492,1,0,1,50.64744654875902,0,1,0,0,145.3982935890907,201.38189957579715
95.64748261987738,40,13.590107396958974,0,1,1,87.4069962729591,2,1,1,1,575.2047392866532,562.7275387798193
23.78714195055405,40,29.392631573941756,1,0,0,30.035568821731577,2,1,0,0,197.0974813681268,207.5976270807384
22.5412260820677,29,2.8981902851278973,1,0,0,81.68866194367443,0,0,0,0,225.24162268837046,172.09985095444534
11.360068376901227,20,12.573121324910199,1,0,1,55.94023645886627,2,1,1,0,337.3648517222969,318.7626693165648
82.85846033272958,40,28.05979621122984,1,0,0,82.77230526617615,1,0,1,1,531.6196834884539,443.33328347421434
50.4924560376285,40,8.550107823546206,1,0,1,20.282124615462706,0,0,1,1,223.59529588217248,349.29556460948265
114.48777848891098,40,16.38767661634429,1,0,0,67.352671269995,2,1,1,1,464.01010122457564,523.3745742973467
22.876338056447363,10,15.897970573537297,0,1,0,47.56347952902439,0,1,0,0,225.11953562632488,221.92588900615476
74.19782521201057,40,24.090019048152346,1,0,0,23.99234064979964,2,0,1,0,206.21350174064256,235.74568515400858
100.06260961447066,40,20.104554283664097,1,0,1,64.21574121717366,2,0,1,0,268.068298729329,298.6652424271637
43.02143063409276,20,6.49953029313604,1,0,0,15.951846713540622,0,1,1,0,218.95048777966105,217.10139472725587
40.04224313243984,75,0.6274423434328682,1,0,1,67.70114801391772,1,1,1,1,495.44779170431923,507.970184965161
61.14814689142438,120,14.790098149333124,1,0,1,108.92350083855348,0,1,1,1,565.497662178834,535.757682518943
123.29720976440649,10,0.12276852238409268,0,1,1,68.9236658285455,2,1,0,1,460.5920772515222,460.29281486463935
77.11860529723569,40,14.009589995015663,1,0,1,86.79473440734297,4,1,1,1,541.3814807345057,549.9266626882071
146.54639875540624,20,20.93151072866292,1,0,1,38.359135368904255,2,1,1,1,444.93420860277774,491.36420877533124
42.648482108187196,55,40.90354466897061,1,0,1,35.765044997796366,1,1,1,1,449.00864432934543,447.77580631112323
74.36845567079499,20,19.654246827982305,1,0,1,57.90691101273014,1,1,1,0,293.4138001533837,310.79134040456324
81.36748270012579,55,2.0717771107579885,0,1,0,38.72421105712786,0,0,0,0,64.08162011795572,160.9344916470737
127.8765341030025,20,25.202475828579367,1,0,1,49.42540435335697,1,1,0,0,211.38070161360346,241.22808016314676
19.587073730759474,40,13.795087894974959,0,1,1,66.75008384807263,0,1,1,1,495.4599162169173,493.84337928720015
108.80681958119376,55,5.955192234844168,1,0,0,28.215823530534692,1,1,1,1,475.56967997943514,454.40038722835055
160.75013518932008,40,54.10356322364238,1,0,0,93.66919144751307,1,1,1,1,477.0043424881227,538.4245752856135
27.85108116826519,55,17.685764466985848,1,0,0,56.43713357312748,0,1,1,0,329.6786806301603,301.26459290724347
2.211485968105925,29,18.45244610052212,1,0,1,21.27530409486533,0,1,0,0,136.72974560290092,154.76932657130973
256.3588119851105,120,2.0229037303872506,0,1,1,146.71013867780752,0,1,1,1,710.3942792324137,603.4524059893333
83.97802342685621,29,32.59086126071963,1,0,1,53.949652920327104,0,0,1,1,343.867241779133,378.2464222798389
64.23081899285218,20,53.274528514862176,1,0,1,70.84833682886168,0,0,1,1,397.7761330925159,401.0987768088913
200.57612046093746,10,19.655990928101588,1,0,0,78.12692398748914,1,0,0,1,393.1041281139618,379.1432291176006
171.01672826507877,40,4.185276833708774,1,0,0,77.32600713961024,2,0,1,1,497.37479925187915,484.088092293591
11.175289580619886,55,3.301215953880692,1,0,1,87.54390341196861,0,0,0,0,197.24844224306773,187.92281049448457
88.33670549804239,29,1.8193822567195084,1,0,1,84.87892606656207,0,1,1,1,547.2192237798446,489.51331496990866
67.38079139232953,75,8.813779503710748,1,0,1,77.4231574473024,1,0,0,0,257.79260251345005,213.50287839033618
43.47542512216929,75,5.998955207072678,1,0,1,75.59109200956294,1,1,1,1,560.1894439693646,516.7661634919532
53.477116324635546,20,8.004888271894957,1,0,0,42.34408894346418,0,1,1,0,228.23947168785077,260.0565965596329
129.64989872421518,20,25.188780773072537,0,1,0,83.59793444026307,0,0,1,1,429.82354045767016,465.99051149512235
45.50945378044169,10,13.307576715825585,1,0,1,33.37900143727356,3,0,1,1,367.72706040406024,401.26389309934837
147.4866614490969,40,7.94401099950684,1,0,0,69.30492748912776,0,0,1,0,239.88090949461173,278.4329980884823
57.82870719185804,40,1.1780722385499436,1,0,1,73.55604027948053,0,0,0,1,378.12735069674426,334.10230365578485
74.68237453449491,40,17.926865013141153,1,0,1,23.180826209548506,2,1,1,1,484.88825154367845,452.56366428800015
9.070527390733373,20,3.1602445989641006,1,0,0,48.339780419591335,2,0,0,0,119.92821828257416,166.29084312692387
61.27951597189921,10,12.957129796367592,1,0,1,56.264731660354755,0,1,0,0,193.58549854075767,199.70530706182663
120.33852275861658,40,4.938782662018754,1,0,1,57.69695302506581,1,1,0,1,376.5939904514452,410.03026413855565
15.109602748478299,20,17.469789330631546,0,1,1,37.05882799698577,1,0,0,0,236.41982524087757,150.39756032510292
62.76580442469612,40,1.6860403815942786,1,0,0,63.53710010237421,2,0,0,1,372.4649516930868,370.56735749484193
22.904136692470285,29,3.886980985733529,1,0,0,12.992804630767818,0,0,0,0,20.30325507946671,82.97785497991244
61.069216828681746,29,6.586243013258433,1,0,1,21.921796303047046,0,0,1,1,358.3215696677756,346.7419861206692
118.97200222219446,10,47.96041874123129,1,0,1,84.6901247641194,1,1,1,0,300.6417177661197,351.973752390184
81.89428965253533,40,5.685329063044289,1,0,1,55.56434397015007,0,1,0,1,406.81119956558143,374.1220282239667
84.85125883451006,10,6.501218008353694,1,0,0,0.0,0,0,0,0,110.69788012792952,97.72922269046794
57.8355540563463,10,19.02578788811696,1,0,0,16.918799711117888,0,0,0,0,39.97605338538686,94.0978510223374
107.62379377999567,55,7.843399715057611,1,0,1,56.597984965651,0,0,0,1,294.5763256332964,331.11830001298534
96.45470082892885,20,16.257214453440547,1,0,0,17.235568443065972,0,0,0,1,280.4064533897822,279.10030040330207
55.0018110678692,20,30.278947557035625,1,0,0,9.152914997959694,1,1,0,1,259.9610636372442,337.19516606760396
67.11446519179592,40,3.7152400662743648,1,0,1,67.79202681275858,2,1,0,0,243.05636421142992,267.0773627306941
18.528946490909924,120,6.2557874271718275,1,0,1,63.793284986567954,1,1,1,1,514.599789463598,516.6942304758772
184.01211798412365,120,6.847122084815767,0,1,1,126.12184387863792,1,1,1,0,470.14777191568305,425.57642166717756
79.566972810062,29,20.39840135383234,1,0,1,48.07777411386073,1,0,0,0,150.72761323514462,161.105114667242
42.08403479312761,10,12.623144259615614,1,0,1,38.299179963567106,1,0,0,0,87.69110318071694,130.76073070645606
22.48259777368357,20,0.24530783875550424,0,1,0,45.15816214319251,1,1,0,1,409.68642632997114,377.03197519972184
118.94771588198508,29,32.72763726385763,1,0,0,36.196280030044555,2,1,1,1,491.6557632861289,482.3968404246974
40.61736128382539,10,3.555042542508603,1,0,0,26.1657234699662,2,0,0,1,378.19781261157004,313.0398599439196
72.11676179032412,55,33.651677590110644,1,0,0,32.3551248562848,1,1,1,1,403.7559813416118,448.2180191440964
53.94141185036825,55,0.341120592431577,1,0,1,58.52910916550575,1,0,1,0,311.3502017403535,256.06759466836155
24.515966611433175,55,3.166024918407458,0,1,0,67.18122780164715,2,1,0,1,329.2859491813963,447.9282135552621
113.64502589862893,20,11.987197076109828,0,1,0,83.64395779898078,0,1,1,0,349.91724429102646,359.5781996440717
94.41172065557198,75,27.323034835958424,1,0,1,59.9534978949693,2,1,1,1,483.1936456817532,520.2438530932959
55.52493017539427,20,16.618809740515,0,1,1,61.39017256309528,1,1,1,0,330.3274112854995,338.20751873394346
29.74505461717461,20,43.79143201756845,1,0,1,60.98125282301981,1,0,0,1,270.0928750332877,328.2597201345824
9.447228574251973,55,6.261344394102354,1,0,0,49.04538704090674,0,0,0,1,233.98992257000944,299.35909838490585
141.2734285396465,40,42.06086496338864,1,0,0,76.51548497655259,2,1,1,0,462.29390946375247,376.1947108274113
102.44054120356697,29,0.6883673926613526,1,0,0,28.779156868939126,2,1,0,0,287.7038936239654,235.30188963100284
56.31406840733578,20,5.5243015770398625,0,1,1,50.21054704381717,2,1,1,0,408.4684173875222,325.9006400717221
51.020924840402515,20,19.225290997227066,1,0,1,63.691050528162734,1,1,1,0,315.5025487368886,308.3982602353906
91.98350525239324,29,1.9560354563139053,1,0,0,52.637394357248375,0,1,0,1,398.3536644364374,373.6287927614437
80.28661753359022,120,5.564781762856099,1,0,0,86.80483981679157,1,0,1,1,473.77941373191106,475.1909735135713
121.236309121357,10,12.577431171314775,1,0,1,71.16731118269524,1,1,1,1,465.99797581258457,500.90163565645565
22.960257586121877,55,24.25674806710239,1,0,0,35.296362171926354,2,1,0,1,434.99856148294987,391.6482501096791
161.92145756326516,10,16.774161437130246,1,0,1,81.70540329505141,0,1,1,1,533.1456909454528,501.06959480981374
95.16797155002764,55,22.79840200053719,1,0,0,41.53401975861276,0,1,1,0,273.85527435134594,296.89839413412926
112.5784583134252,40,14.837473879704136,1,0,1,99.07078129564181,1,0,1,1,482.6204800871449,462.8068378728832
15.707441027943188,29,6.69925702380609,1,0,0,1.2976781691071722,0,0,0,0,40.25968240955349,79.01407523739991
18.613903228765235,75,10.439341369164454,1,0,1,33.10729869113132,2,1,1,1,487.5982560711611,480.7997510222686
66.85457053204787,29,11.415163050639931,0,1,1,41.85937195698557,2,0,1,1,442.93601086991055,436.19948601418145
7.390421690941134,40,40.99695234344861,0,1,0,0.0,0,1,1,1,288.6133477136948,411.0251741587767
103.70514838189109,10,8.220379261356953,1,0,1,60.464190599053005,1,1,1,0,266.0924984628642,316.4554470130542
115.06068381891973,55,21.11573089804756,1,0,1,47.222379812448715,0,1,1,1,431.8375085862272,460.81532970713664
59.34672873391027,29,54.18382515940749,1,0,0,38.966194532835644,3,0,1,0,265.29113969416096,250.89498264230588
150.15287499417462,55,0.2657410548446357,1,0,1,80.35691211561794,1,1,1,1,469.7777289569556,535.6157194924843
66.20085764131659,20,38.99102947218539,1,0,0,14.493986724740846,2,1,1,1,480.92235510768603,444.0814742954218
20.590701131072738,20,16.593165034606866,1,0,0,8.203435223891324,3,0,0,0,60.48892931289862,137.01372721317688
25.448549959930396,20,2.7714070676368996,0,1,0,43.49764029997568,1,0,1,0,225.52696349952413,226.365085147893
36.419763274633,10,23.626590788733207,1,0,0,13.710901519908074,2,1,1,1,422.26557375910846,431.6866485874173
67.16247138261123,40,5.966679082575768,1,0,0,28.04292035822282,0,1,0,1,371.9631690940237,334.6850209171034
115.68930948249786,40,38.08831028641626,1,0,1,42.661739378895135,2,1,1,1,486.85134881437205,486.3218678539615
237.92015941929407,10,19.118232306215408,1,0,0,86.36106866268916,1,0,0,1,367.433218480861,391.1829000655848
76.03520176294779,10,21.3067656279129,1,0,0,50.62550677880278,0,1,0,0,132.4815618544867,204.02921238983564
98.88274834195916,55,7.2542037210201125,1,0,1,98.52287137743818,2,1,1,1,545.909738577131,556.2846210518725
101.4740379241922,20,18.663814100877055,1,0,0,86.49355261700654,0,0,1,1,384.9502992131339,428.8647677756868
50.35617520450284,40,2.5251109538206142,1,0,1,27.70324429587366,0,1,1,1,310.3470646048119,413.6432946270856
129.82593792072993,40,23.46660762942644,1,0,1,97.11150038220296,0,1,1,0,316.64976906932964,365.3025362709187
274.6649373867775,40,4.148025690214705,1,0,1,104.18228672836614,2,1,1,1,594.1223560370681,592.168677629616
16.973390876449244,29,27.584941448199427,1,0,0,22.161850339822582,1,1,0,0,270.9682484034703,178.9864882442832
25.87380267268223,29,36.75550667707807,1,0,0,46.71380864456938,0,0,0,0,149.97886226560237,122.27552406880221
72.31734294990042,40,51.2533993434975,1,0,0,54.74304972691106,2,1,1,1,421.85063539706755,488.82736153570323
44.02276198565375,55,0.09094296664311151,1,0,0,32.9506973730923,1,1,0,0,74.80062509334519,205.7408562750046
72.30602532947971,10,96.0,1,0,0,21.941828285680643,0,1,1,0,225.68657094442483,248.94044052532305
60.47717963585473,10,17.24609866079189,1,0,1,46.677440999199426,0,0,0,1,250.0194901588816,280.5131872643703
94.85731911930627,29,67.20563291833079,1,0,0,65.360601238829,1,1,1,1,462.15508107849826,493.54148587318
133.10618026357494,55,1.065549678592876,1,0,0,45.46404605609072,3,1,0,1,533.5713771325662,433.41457424874335
157.59925753975708,40,8.331900765780897,1,0,1,71.59037245086037,0,1,0,1,470.5566972383377,419.54243974852704
93.98185317847978,40,4.561632752122363,1,0,1,57.10491796383302,1,0,0,0,263.9980580498651,172.8375852482506
123.10033499433999,29,20.076511422403843,1,0,1,73.84975416902147,1,1,1,0,318.5451223405421,337.5664558927712
68.83673041257185,40,26.46570596179052,0,1,0,56.57317731577248,0,1,0,0,257.34191612904306,245.1105399635342
49.24687933573735,10,7.82509470574388,1,0,0,56.51107915772978,1,1,1,1,457.0683676692321,454.15594776162044
147.15319861670775,75,11.079927670762023,1,0,0,83.79086333807317,2,1,1,1,577.6364430368252,579.5660273454159
30.112281338349977,29,2.8566385127687006,1,0,0,39.78788456928608,0,0,0,0,32.43000822063557,112.24166763981549
70.57370014418122,29,14.364569020122001,1,0,0,47.57621930234758,0,1,1,0,266.1881259270677,280.4336233440847
85.04975624610461,40,0.10628598640185884,0,1,1,88.8831216703012,1,1,1,1,512.7381367305226,543.1682171664853
92.87954394982926,55,56.11710487114996,1,0,1,51.31684555864282,2,1,1,1,433.2951469637112,504.63623264417083
76.29034586274115,29,47.59956394148907,0,1,1,84.14482226060642,1,1,0,1,424.86986456115386,459.56846889709607
38.26483302609274,40,1.7018257157000152,1,0,1,58.444081975021255,0,1,0,1,324.8669337798731,366.3970048944739
15.321557059183903,55,6.019109197723635,1,0,0,52.09754767166247,1,1,0,0,213.11924809236197,230.67647913808992
45.875454907499794,20,0.48459217662628135,0,1,0,34.70667063165853,0,1,1,0,299.91715064651527,269.8239796385125
103.01102617145733,10,52.80050614227186,1,0,0,40.46624978663688,1,1,1,0,326.4852777547208,297.9671617516178
40.53615737459079,20,0.6596785040579759,1,0,0,22.105418555386507,0,0,0,0,111.92963840646195,93.89473432168874
90.05539811171393,20,10.204671523527214,0,1,1,91.02796284844929,0,1,1,1,476.8784261255886,526.0354205195562
114.26859056802554,75,50.33656065150109,1,0,1,86.61011530017697,2,1,1,1,554.7314243735626,566.6154593489083
136.80876074389403,55,4.32905102892869,0,1,0,106.76899591154158,3,1,1,1,574.6593258166633,618.5005294681198
56.0799537918471,10,28.473653034383627,1,0,0,58.80365432964139,2,1,0,1,385.0930711147285,404.48509661145255
34.68120677818851,55,12.434886388331845,1,0,0,15.665590024291483,1,1,0,0,171.30588314570804,187.89020849798422
169.65586801331105,75,16.879092419169908,1,0,1,57.65601079397864,3,1,0,1,524.166371919119,464.1784903441644
45.3550347047894,10,6.489840782305704,1,0,0,2.038102091117853,0,0,0,0,46.22252225876434,79.8792353592975
24.676278251413304,29,19.011056914871507,1,0,1,63.57059774625913,0,1,0,0,193.0465940615205,205.22592684339668
130.70418649791333,75,30.881257284577245,1,0,1,75.37701737455674,1,1,1,1,516.583417313013,540.0424830277589
78.45192556601135,29,8.896305039004098,1,0,1,44.76703529203871,0,0,1,0,237.75218386736026,215.96973640326945
172.59702053974328,10,5.5941965295694365,0,1,0,46.99355979303871,0,1,1,0,302.6568127312332,318.9327563717533
42.71099718601419,20,1.3301675027740347,1,0,1,29.893897899724756,0,0,1,1,337.3724201966495,343.11356744167495
84.88621207069514,20,7.817628175085893,1,0,0,61.53951942392951,2,0,1,1,504.1193209183948,441.28857492737455
87.74533883123912,55,19.394542030884303,1,0,1,70.76558851399105,1,1,0,0,275.2923651231033,269.91180114804
103.02249268335986,20,1.6228972015180778,0,1,0,70.75787640860256,0,1,1,1,417.6498162547166,505.4771108718427
17.730780369548054,29,14.759517700401243,1,0,1,43.30736058349897,3,1,0,0,203.99175147926636,231.37853672421912
43.283954181939606,20,8.60955497994854,1,0,0,25.159567039759423,3,1,0,0,268.87487305401476,208.7810293478058
129.4063491099688,55,25.12257335707995,1,0,1,106.75617845172886,4,1,1,0,447.71576336123815,421.4361140343702
134.01503849040031,29,4.431649051054422,1,0,0,67.69259944603073,0,0,1,1,336.63302937578214,428.97828815929876
66.83554192583658,29,6.507727642641188,1,0,0,51.92535789623956,4,0,1,0,261.33070302047616,269.24044869056775
148.3118521467638,55,12.333905168444506,1,0,0,48.13183706906912,1,1,1,1,466.6315334970649,486.3442903422123
91.01540419660343,20,4.1642766802564735,1,0,1,90.94904514569512,2,1,1,1,530.2060363216351,541.8434235032192
149.09176625910456,20,35.172392560736746,1,0,1,104.06975205447237,0,1,1,1,530.0327199007895,531.4148607517454
66.3499709633104,75,21.855295762993627,1,0,1,79.73442995423537,3,1,1,0,382.8509464933027,392.29644428341953
48.791137014230365,120,35.21666118702658,1,0,1,44.352109701884814,2,1,1,1,574.8383999829034,512.5345973453847
71.88848554506122,120,26.36929441449645,0,1,1,118.3291969367055,2,1,1,1,647.8924104154588,603.3198250727085
16.992445244324177,29,8.95561040772865,1,0,0,10.52267641353349,0,1,0,1,360.98405714290294,304.04296209525126
27.936833949248648,20,7.979201871070209,1,0,1,74.1908676006297,0,0,0,0,114.8829198614955,162.55004608131978
256.79589585111006,75,25.547617952387903,1,0,1,64.93769058411314,5,1,1,1,671.1506586199862,590.6152132112048
119.68352780529789,20,11.592097880044461,0,1,0,86.5549673968497,0,1,1,1,597.6708436705451,539.9049327541038
24.278701319386222,20,11.602502973382403,1,0,0,23.866818305213958,0,0,1,0,183.0273770623327,162.1367184549381
51.39038809784145,120,4.732294210309918,1,0,1,69.2138844413315,3,1,1,1,624.0281531473463,576.984836508168
112.94403718456032,40,7.960096521883703,1,0,0,78.30963992327814,3,1,1,1,587.8539915745687,548.0876087650825
43.90693265737082,40,1.3102451673685243,0,1,1,37.36207298108189,1,1,1,0,334.7378252815367,298.25926046968556
148.4575292712928,29,33.894594418911936,1,0,1,71.84329215791648,0,1,1,1,488.5883435454436,490.0077300142565
102.71799693832475,29,2.6951569929042396,1,0,0,48.318504430650925,1,0,0,1,367.758605816182,319.80533736379647
60.59807322163009,29,0.39328820056080604,0,1,1,80.47085498433857,0,1,1,1,583.4475564604,499.0978492424371
32.742821820672305,29,12.77205766192296,1,0,0,28.963018594954615,1,1,0,0,158.32823622565556,186.9424914039345
79.77443030500055,40,10.834655909221091,1,0,0,58.015246626968256,0,1,1,1,510.3124944748023,446.7796886798014
139.96180267454707,10,27.798906029541833,1,0,0,70.84467870487738,2,0,1,0,356.94561110371944,304.2880275873953
22.745777629608405,20,2.5854457380243145,1,0,0,0.0,0,0,0,1,191.35089580214472,244.3746261637618
94.6058269823165,40,16.64084972720471,1,0,1,85.56527682473451,0,1,1,1,457.77035782958046,491.28337907937794
214.18624322851187,75,2.19547721384903,1,0,0,114.16252715614706,4,1,1,0,509.39813227286726,443.2527473180505
33.42304234349605,29,7.074666718135158,1,0,0,24.27410191765626,2,1,1,1,519.4694792095959,442.89458281506785
21.580685459904995,29,26.92795536449813,1,0,0,30.66910570214273,0,1,0,0,208.59216086577183,164.3655869529372
40.45348484215572,20,61.59400792484229,0,1,1,59.65331026822072,4,1,1,1,606.7737526449337,523.2025165737798
21.58303903996676,40,7.95277796661573,1,0,1,70.86797778926443,1,0,1,1,388.22208560660306,424.85259558128575
35.7284819807141,120,18.095533784610446,0,1,0,57.79070682874457,4,1,1,1,545.4068029426575,554.7525255450114
10.27320496497216,20,32.8042663994105,1,0,1,58.17437532986139,2,1,1,0,209.6772352509409,320.77067844535884
76.98366383750654,75,18.20122017408905,0,1,0,71.6016769377328,4,1,1,1,592.032175171496,582.1644514071307
160.82601814971036,40,27.049372482100726,1,0,1,70.77373387615633,0,0,0,0,200.4099943414749,208.30631766437122
50.21155715016487,29,4.501949822936019,1,0,1,25.73148113581862,1,1,1,1,402.8925862770614,430.91618859009264
70.61775084927302,10,25.788655410276412,0,1,0,43.98096660862693,0,1,1,0,321.87784203347826,292.8524726721657
78.41081193528264,55,11.086214245996272,1,0,0,44.13910710876481,2,1,0,1,394.14416101336104,412.5404152843761
144.00846173470396,20,11.287948122524849,1,0,0,88.0551821062995,1,0,0,0,253.30571424146422,229.49811931621147
48.40634453792633,20,66.09063407123627,0,1,1,67.4613842618637,0,1,1,1,415.8874863436895,488.4174276424499
9.809860548705784,10,6.993334852501268,1,0,0,38.06635632270839,0,0,0,0,82.12773663530224,104.87208790099542
50.24583763910919,20,7.571935667200817,1,0,0,43.84651746553797,1,1,1,0,251.76737715867915,276.5394653541174
212.51199997474242,55,19.292906528902407,0,1,0,89.48405712308869,0,1,1,1,595.5054664593466,573.5861598028308
106.42160540870684,20,2.2478785260567014,1,0,0,50.62147748154492,1,0,0,1,329.95243916268043,324.4981601474539
22.13766771388034,40,13.902197325149654,0,1,1,61.24950830350188,1,0,1,1,478.4114573961584,439.4823205010888
90.47589789192689,40,36.02224971630586,0,1,0,39.11061409445339,0,1,1,1,554.3122596085491,455.0787151138006
63.66149449482598,20,16.624578009760008,1,0,1,51.581507091318244,0,1,0,0,175.0130382507782,199.3802181725806
24.4853746587819,20,21.015901939192396,1,0,1,50.97904623233328,1,1,0,0,140.3325799874272,214.2988871616262
60.70148104370334,40,15.71621300600873,1,0,1,33.42930688656507,0,1,1,1,462.6510302237624,418.3243262913964
46.845837134659135,55,85.90742594822072,1,0,0,22.082731895403356,3,1,1,1,519.9675296247685,478.8690752004482
228.27619864621184,29,5.330281564040998,1,0,1,83.10481197472699,0,1,1,1,422.0100142375709,527.6620856585185
5.340390088416788,55,6.093708362208012,1,0,0,0.0,1,1,0,0,181.61860354043728,174.24885382967486
27.68939096623494,20,22.30837466683733,1,0,0,42.06365807612862,1,0,1,0,278.01038173348877,210.87327342111624
37.5856209508801,10,16.266199150579194,1,0,0,23.521207141039515,1,0,0,0,34.490520761330586,113.50383101526745
59.2267117452119,75,6.558478104314464,1,0,1,60.021756617233514,1,0,1,0,198.45339735376788,271.9071852367917
25.93920338217858,20,14.797479094214555,1,0,0,9.696435041948073,2,1,1,0,242.3695410198808,262.68261795128524
61.10675353657436,29,17.576152113050185,1,0,1,23.75744631226089,0,0,1,0,172.86949263054785,170.15493540150428
115.76957374701966,10,7.4280924804022055,1,0,1,63.5585404095423,0,0,0,0,78.96582610027905,174.0684615454491
70.15656222378261,29,2.876495824238529,1,0,0,18.0339585969253,0,0,0,1,246.69076670628624,267.16029390272337
230.4191504689912,120,1.7141828888145545,1,0,1,143.98276425562352,1,1,1,1,644.4083987753661,590.8994678871794
19.559803876614318,20,0.6863694341831339,0,1,1,100.89012228873882,1,1,1,0,388.86124314071157,362.2053252597727
75.08572724553161,20,9.212138890812255,1,0,0,32.007154153125455,2,1,0,1,415.73933781127914,381.44545743998725
45.22523588036506,20,30.27523410472932,1,0,0,0.0,1,1,0,0,177.5829113390173,174.12851480410805
107.04124580082255,10,12.775661271244344,1,0,1,52.83397298979777,1,1,0,1,386.2875555161367,392.3939199205304
26.387284933454236,120,31.925023467680674,0,1,0,81.76833769921511,2,0,0,1,502.9355719797222,429.84791921265344
71.79760762629037,55,31.74539954367746,1,0,0,79.35363288085226,1,1,1,1,426.4015822223386,507.25082017138794
164.2464840954514,10,1.33269637863257,1,0,0,60.712479295477095,0,1,0,1,480.73959768552834,401.0159465023409
67.4629539519776,55,8.780324217899803,1,0,1,114.64743381186285,1,0,0,0,234.94053193339766,213.04715921946553
35.610041339013016,120,2.7612858294989273,1,0,1,91.06183305574834,3,0,0,1,461.93723903535,427.28495373034804
61.18210163555612,40,8.03819563716549,0,1,1,80.63223201854132,1,0,1,1,429.9178262726964,463.3549508352032
265.53978415638346,75,21.92947202293409,1,0,0,127.95325604954886,3,1,1,1,678.7196696168014,632.0967235918584
61.933523749515444,75,31.514177951402562,1,0,0,75.50248587146751,1,1,1,1,569.6227376385731,518.1676897071696
30.955881222026587,10,20.897117041251445,1,0,0,12.210494587975731,0,1,0,0,102.1338296290782,144.96080792157917
69.09776111683962,20,14.384675670285146,1,0,1,49.156745430874814,1,0,0,1,355.70212767285295,305.6480456764357
95.9190839211031,40,9.723819578232575,1,0,1,34.80191927593209,1,1,0,1,337.8349781783227,378.7514450126789
31.275242310209013,20,7.454950959353149,1,0,0,23.11222456364718,0,1,0,0,176.0578280466583,152.11965665065892
103.78760990728651,10,38.68644295851239,1,0,1,65.81375139042649,2,1,1,1,533.2846751173893,514.6263313177543
25.928959572283688,120,13.669713806251723,1,0,0,68.98849198103164,0,0,0,1,376.2136216152254,353.7851209804036
158.90621688124767,10,14.05340235862576,1,0,0,68.72741504099359,2,1,1,1,478.5180072594578,535.4789206553886
36.61633387907714,20,3.4599516101910592,1,0,1,76.99972566079799,0,0,1,0,196.78198692317335,237.79883560283244
144.47769164691667,40,18.377179978109375,1,0,1,75.00200200935743,3,1,1,0,443.2130844629781,384.2560159354709
39.368169251968865,55,12.299030457072446,0,1,1,80.74163574163966,2,1,1,1,527.1054405059731,549.1138250643991
99.50882391475565,55,41.43159986774199,0,1,0,61.6695350952798,2,1,1,1,545.8239293542871,541.9321956071683
37.74918475453224,40,5.763442853499505,1,0,0,36.5815006563289,0,1,1,0,174.91892155030382,252.98192716699714
75.4392337368411,29,56.06584117134911,0,1,1,73.6535112738013,0,0,1,0,252.0022914598366,273.0918609060059
69.80592299347211,10,3.230407718033573,1,0,0,53.75670787102535,0,1,1,0,295.30226540947496,287.0924592836976
87.76947067132384,20,20.731871799632778,1,0,0,41.8742859606158,3,1,0,0,230.1567038699308,247.38043884660433
93.2808038953475,40,11.156630728699003,0,1,0,56.76004787514434,2,1,0,1,451.29986161912433,443.2685608531855
29.962926349350553,29,20.79430178983978,0,1,0,47.05298791551411,0,0,1,0,205.28866180683826,218.85462396906922
45.94593148125997,10,18.204069062561064,1,0,0,37.76671210269691,0,0,0,0,109.5813185205408,114.63619614460038
39.98028488052162,75,5.603246953358754,1,0,1,94.12988790254946,1,1,1,1,600.9549412880858,530.9397295418464
95.5382471979156,40,36.96114280856503,1,0,0,42.09653262198578,0,0,1,0,169.03420265548317,229.99474473196022
195.08182165610756,20,6.67586289848791,0,1,0,97.675951236718,2,1,1,1,629.8901186948472,601.0102932793775
90.44062158909,10,29.668988643900775,1,0,0,34.0357942175237,1,0,1,0,165.9336875709671,223.45267000002812
14.58597521478081,10,3.773384294681538,1,0,0,2.598673443278555,1,0,1,0,101.68783287593749,169.50517996714933
90.52591924396303,120,5.802224839300314,1,0,0,44.02521651217608,3,1,1,1,508.22165530442453,535.6912664084198
63.01254039778236,55,3.040903396195537,1,0,0,13.770157530227124,1,1,1,1,425.91768745345894,430.24712930384675
80.17589688160223,29,11.699667310176814,1,0,0,15.073537240521475,0,1,0,0,32.55368789574375,172.76513470650804
74.76344983456659,40,8.018121771315029,1,0,1,71.84571038127959,1,1,1,0,287.54165901642824,324.6896967762976
14.390011785120267,20,16.592428797331124,0,1,0,37.626292586443654,1,1,1,0,279.9642388519685,288.76505072598854
21.601249710941577,40,21.489984892994354,1,0,0,10.667568389038802,3,0,1,0,220.3618435028106,216.34351743845457
45.683915135295194,75,3.5131497741312514,1,0,1,42.15493335619054,3,1,0,1,454.3208254285467,418.3383331640696
70.73713032650662,29,22.564129131600296,1,0,1,23.711909857144278,1,1,0,1,335.7130433325302,353.9986757258775
75.69509724299759,20,4.615074067103952,1,0,0,8.746604079605667,2,0,0,1,392.2327972886924,309.34926474223226
33.93740142251745,29,2.0779053586357907,1,0,1,21.308504312247866,2,1,0,1,312.4888718106147,366.6935258121927
67.25623851628258,20,16.06937555879729,1,0,1,47.729924649163344,1,1,0,1,390.4785783780509,378.2691354646199
39.25240666431737,20,10.76210090113807,0,1,1,63.82820826700962,0,1,1,1,435.3306239910475,485.45317999637035
81.00372676625547,10,35.93595378037485,1,0,1,46.129474422893615,1,1,0,1,451.8010422712486,388.16054783955866
165.64640239043916,20,0.7621695899110587,1,0,1,98.70515210330761,0,1,1,1,504.7203563393629,528.267992109833
86.26598193365668,10,6.758359235223067,1,0,0,12.618900767432816,1,1,1,1,356.4616239876194,427.5963931348777
173.4440534526709,29,13.882171608540038,0,1,0,62.77056734134157,0,1,1,1,501.50650979588744,518.1618945111468
24.021348692513342,10,2.5634013270991116,1,0,0,23.993378361697577,0,0,0,0,84.88257909687796,85.30561610132835
8.586379659454229,10,9.583860095840809,1,0,1,72.91409295343843,0,0,0,0,112.20183817396266,157.09942782635918
63.337996253017806,29,9.431577015420542,1,0,1,63.887781857603436,1,0,1,0,266.9918307690661,247.99370022766536
124.66579323824422,55,23.049148776374402,1,0,1,54.34787298981986,1,0,1,1,379.8761587845445,430.4274183688842
75.22440602538336,29,12.249099791316455,1,0,0,48.980839149357976,5,1,1,1,512.4897825341562,499.9135229562253
86.83118197428338,55,24.931055689217406,1,0,0,29.013194062866184,0,0,1,1,272.17324531918547,378.95056068264404
96.22386411713316,29,4.554519026428263,1,0,1,76.53450499849114,0,1,1,1,459.48205072271276,478.5345025881514
85.93977178571268,10,11.860657362301202,1,0,0,42.05365361105951,0,1,0,1,360.84466401924146,349.39256469975055
26.173236455732937,40,27.98381848142228,1,0,0,30.729427805352376,0,0,0,1,300.5551517513606,275.9403473056837
43.79493352466858,40,63.23506674165768,1,0,0,48.74831430516285,1,1,1,1,465.3685341134211,444.57515467164717
29.142654530279913,10,6.76299437884956,1,0,0,8.841440552396127,0,0,1,1,314.2556269162967,326.6387714254263
6.390096503279476,40,20.452390122751922,1,0,1,67.5952390537883,0,0,0,0,141.05371643591818,160.24557637194118
36.76885902930057,40,37.32685826650698,1,0,1,48.44571904037832,0,0,1,1,354.75006705224985,368.5137096114832
102.80576471273628,40,21.76949380883641,1,0,0,59.80792637018847,3,1,1,0,405.6798051059879,354.7037260189413
53.00606894673757,55,22.9512475248622,1,0,1,54.75034418113195,1,1,0,0,201.25250452944866,239.83738605548973
42.47164057056159,29,11.171453742416862,1,0,1,60.49150162837772,2,1,1,0,393.86477751007476,330.0693755050914
77.00904362112132,29,32.022650716962985,0,1,0,81.84539021976352,0,1,1,1,420.2142089238573,504.4891750558155
46.429023033283784,20,13.418692218876828,1,0,0,52.35784153390505,0,0,1,1,312.6259635105739,360.9268937706519
31.045263175241306,75,12.015451438038058,1,0,1,74.68524929105187,2,0,1,1,444.19742907303555,473.74297647875005
3.2466004352308047,40,21.028944518445392,1,0,1,38.77777233656876,4,0,1,1,498.59997439911274,412.4034091896814
64.92832482330749,40,1.8330848184493302,1,0,1,46.617268573441066,0,1,0,1,378.10190422600976,357.2664085919081
40.96808748012019,20,31.841648946487663,0,1,1,73.7401862056691,0,0,1,1,492.4575502769732,429.5897978913282
35.408450297449235,10,2.7514330206778825,0,1,0,16.000955401190662,0,0,1,0,192.38118275760866,186.48749247290263
52.077705476634605,29,47.946273055289744,1,0,0,38.89910231688522,0,0,0,1,221.40158648381106,274.4139445410334
47.702426875607095,10,15.008886405392122,1,0,0,21.200459183222222,1,0,0,0,31.284717456664225,119.36825280375548
84.34378420609886,20,2.976092780610527,1,0,0,34.4728070678029,1,1,1,1,472.2265380824001,450.5120318222019
71.34102528423891,75,8.810527153478068,1,0,0,101.98553515614648,0,1,1,1,449.1638731565123,521.3672384398071
118.6708940786165,20,22.071756087129046,1,0,1,57.62736502532261,0,1,0,0,217.7648189827959,220.46059537089502
205.0886558713413,55,20.17070370631741,1,0,1,128.92100894517063,1,1,1,1,592.8857868385434,581.0016176203197
39.239843647941115,10,13.636461020278158,1,0,1,40.75909221021979,2,1,0,1,416.484346649588,374.21753284726543
52.4662389583151,55,1.3490637814863264,1,0,1,65.54271052533315,1,0,0,1,341.0637682062188,347.4337715053653
98.76008536620004,29,17.679050236668445,1,0,0,75.53078557088342,0,1,1,0,271.8190765539621,313.2137011171972
100.30641064540264,20,28.5560107868798,1,0,0,37.66090982863119,0,1,0,1,306.70975792704223,348.7989716451987
22.710858832129674,29,9.667923405701805,1,0,0,56.42049365993658,0,1,0,0,193.9168891424167,197.6842032547391
34.53208006165754,10,1.4415279005032031,1,0,1,69.11643137846886,0,0,0,0,132.07740451768854,147.34671911084135
46.92188979618463,40,43.59998614160475,1,0,1,46.329139635727145,0,1,0,1,371.0357881699507,353.688590012282
25.79942173486469,55,13.327755439173396,0,1,1,102.07118717366274,1,0,1,1,552.9260413284727,482.93263344137165
71.36415645811493,20,4.083527368405776,1,0,1,50.52042302049234,0,1,1,0,231.00042624726603,283.304039066481
26.55936968709655,29,1.3070875386682212,1,0,0,41.90528650735786,0,0,1,0,178.23947422785653,188.58126514536912
52.618479552281926,55,3.792862215877673,1,0,0,28.287025162855812,1,1,1,0,221.91365730321894,271.85265141591816
80.38473110906189,29,7.226822933395329,1,0,0,14.626753275543031,0,1,0,1,366.3584114524328,317.3690566998871
50.519692354591136,40,7.167972299691296,1,0,1,58.39925486601285,0,1,1,1,406.1699652602853,441.19591555676607
49.041511022892955,29,5.776645387479653,1,0,1,67.86620713824439,0,0,0,0,163.1779268490648,155.27207424541143
47.8520087762151,10,1.7916502923174158,1,0,0,14.527939403462119,0,0,0,0,76.25111162213756,86.43964035069757
37.12582677143794,20,2.8692801127475396,0,1,0,54.92587014854561,1,1,1,0,349.2352399173316,318.819148640443
87.2746136100238,20,22.761597771734806,1,0,0,11.803666158370696,1,1,1,1,469.02768625544775,425.21252804889497
147.56675655262117,120,19.110184722870343,1,0,1,94.90627164219738,1,1,1,1,587.3252868036142,567.3295101529544
86.31882649594921,55,10.659222687659001,0,1,1,58.23013670654424,1,0,1,0,251.04159880891305,283.568891752345
31.4552851417629,55,1.5447859219276223,1,0,0,82.34061770924929,1,1,1,1,507.50058888928083,510.6637263159411
31.111511964261666,29,71.81676605943156,1,0,0,41.52778055639766,1,1,1,0,314.2552475254269,286.3720304313781
253.20030766278637,55,4.834733601339267,1,0,1,122.35322069819264,2,1,1,1,661.46747835251,609.7656766589099
117.14736386416442,55,0.4765338455029462,1,0,1,32.740553062480075,3,1,0,1,419.99660937638157,415.87247823728995
94.3311719666257,20,7.080640717340751,1,0,1,51.82604614778686,0,1,1,1,524.6926123693551,457.566730672547
3.381383108993077,55,16.181098974784508,1,0,1,34.41490884729624,2,0,1,1,398.23969923854787,411.56360547262454
148.46097242174895,10,12.556782454764774,1,0,1,46.21874778684915,0,1,1,1,408.80505691244855,454.54657333214726
201.14934001137135,120,18.020761349608474,0,1,0,106.60714164439759,2,1,1,1,654.2816755961602,631.9663096721549
203.01812901358346,75,2.726450266874473,1,0,0,65.78457839007767,1,1,1,1,532.7323195643695,542.5622058108015
20.126862118169218,10,39.97719552828645,1,0,1,9.377542743614764,1,1,1,1,319.15325343069514,398.6327782162953
185.07174168573292,55,8.054526959431206,1,0,1,83.21331258997124,3,1,1,1,598.5236000737244,593.3521488734732
76.41325447926673,29,22.986651800996846,1,0,0,56.450715978299705,1,0,1,0,228.17360649346122,251.23570838731646
6.595357671655068,55,32.964634385237716,0,1,1,49.286373386125796,4,1,0,1,400.8957067624108,427.169061047214
205.16110528172712,75,2.884804284760743,1,0,1,73.33121457918836,1,1,1,1,503.48697071562424,550.6925809738229
88.19320528329212,29,12.058173355666327,0,1,0,80.57282733151469,1,1,1,1,532.283860083626,528.0266474924197
51.387935279134595,20,22.691179145113544,1,0,1,42.63370939221553,1,1,1,1,431.6661515424401,435.1824858302605
113.37946057151062,29,0.17483592846721113,0,1,1,67.75204562767047,0,1,0,1,467.4142436884492,413.9649199420943
45.61341122945984,55,24.161439640673855,1,0,0,34.12634048000133,3,1,0,1,480.2065475370553,404.97385457403936
42.46817122203653,10,4.885278092996849,1,0,1,37.80574443697286,0,1,1,0,203.999911451395,244.13422982556523
217.429020444941,29,9.17152132535127,1,0,1,109.49183431141806,1,1,1,1,526.375428668784,569.0134166496449
105.09189364948017,20,0.0011948049079600384,1,0,1,70.67490999433063,1,0,1,1,374.19933352423845,430.7903728965832
124.8583653035828,29,13.540813451233063,1,0,1,72.65773589168505,2,1,1,0,301.8302941527239,356.6399820422813
44.8688323093423,75,34.95014935979591,1,0,1,67.25914151100527,0,1,1,1,517.3093071431558,493.45230026150585
55.3034345284475,29,5.225582526963651,1,0,1,19.66869191781275,2,1,1,1,428.2157312668688,443.8598374708188
132.52546683228596,20,7.462327346110718,1,0,1,62.10409085451948,0,1,1,1,511.5174981210385,481.0800145781483
14.187746154376962,10,54.08834412199398,1,0,1,21.29171192201852,2,0,1,0,192.56492920828651,214.9971167748429
112.64458584026279,10,13.308830122461199,1,0,1,68.94815172443035,0,0,1,0,261.79623078590396,250.78178845725813
38.470350715348246,40,60.36359904669849,1,0,1,34.13322458158784,0,1,1,1,443.3628866131091,416.92821717673235
46.74527700257532,55,5.552465952674327,1,0,1,66.03168427012304,2,1,1,0,303.6619061671489,353.1914518548936
10.635708045573608,40,35.11158814261052,0,1,1,44.203180107351244,1,1,1,1,483.96243141995456,462.7714004311152
154.40417208153346,40,49.01525969356554,1,0,0,75.73131664065507,0,0,1,1,401.13068482184156,438.62954806218437
154.98170497861105,20,6.396520666796306,1,0,0,69.87517852896198,0,0,0,1,345.42396951373,356.4429688400059
208.61673890732,55,5.735876122338202,1,0,0,78.3717665818325,2,1,0,1,539.0757614139187,477.26273228607323
40.30042051456762,20,4.289825062086022,1,0,0,0.0,2,0,1,1,411.12399893490084,369.74310197095673
78.72023146472603,40,19.060960372764033,1,0,1,69.33499604923105,0,1,1,1,512.4305737507925,466.0079690354172
28.646119082046262,29,0.9920228562743507,1,0,0,31.186423273803133,1,0,0,1,296.5993651435725,282.15251587976104
109.13227594016914,20,7.429058847314236,1,0,0,3.311660440543257,1,0,0,1,276.208842791979,290.38085150258826
30.777576307472522,10,13.280783084759223,1,0,0,21.166172912380986,0,0,1,0,143.10544719691433,161.12241109781624
22.566987569738203,75,20.130847529567387,1,0,1,55.86421611041672,1,1,1,0,334.0006346834895,320.549640044178
132.05482579883946,29,33.35055209180701,1,0,0,22.73195012642671,0,1,0,0,226.14407058255009,192.9345614776037
102.63163674512882,55,42.50151867426764,1,0,1,91.84149648492638,1,0,1,1,463.0017397659006,464.6466959954576
56.83079568996695,20,5.078831382413394,1,0,0,27.308316469395336,1,1,0,0,168.81434879540342,190.50596665988212
16.578999229277365,20,28.065960648785094,1,0,1,20.179776946330826,2,1,0,0,260.865824141543,189.3306104006132
138.59617217128473,40,0.8485580768083875,1,0,0,93.77582851009916,0,1,0,1,443.4051716023608,442.7557228456773
100.14805271065174,20,12.337636478369964,1,0,0,26.339519249231117,1,0,0,1,291.9792041487343,299.679346192043
137.98465940190462,20,12.78828533153236,1,0,0,60.56898213108485,0,0,0,1,284.9401511529843,346.07687465757834
5.297964668155429,29,3.7815758347560724,1,0,0,13.123261843748827,0,0,0,0,153.14504550501871,82.47280249166138
94.4760538530563,120,10.408470264178485,1,0,1,38.403773358372746,2,0,1,1,408.85285497051666,438.47916357560547
51.65033113594624,29,2.3845136119465167,1,0,0,0.0,0,0,1,0,176.71912298356796,160.82414275412634
52.682363564107696,10,11.033341264874226,0,1,1,75.34075229600242,1,1,1,1,465.9161566610559,516.1170429772197
39.807685955225985,40,14.937765914900515,1,0,0,60.606021178177414,3,1,1,0,406.5675108132405,342.46040488413274
115.70510359301738,75,21.61687583998477,1,0,1,71.39423265217665,0,1,0,1,462.2992227080651,430.8861650464154
76.40491247326027,29,1.5101007609500867,1,0,1,64.35982119302722,1,1,0,0,267.15071675586046,250.24546096122498
16.365030071574957,120,6.166142258819066,1,0,0,93.27161109346595,3,0,1,1,471.8177742288999,513.638667365497
238.3313164527194,40,1.189370536303933,1,0,0,109.48755429977227,0,1,1,0,424.8991275967545,394.228844303516
52.28373457176241,10,1.015040043459542,1,0,0,30.346191439867354,0,1,0,0,160.76947381026176,159.1722503382297
76.63676047368078,40,6.428177379570626,1,0,0,44.22423251236495,1,0,1,0,294.2671864274438,240.01756023002434
105.6658705014245,29,7.259213721676995,1,0,0,53.83777220060219,1,1,1,0,343.82048072884294,310.9832060519924
50.61063922778733,20,6.503153694601224,1,0,1,48.92178987351861,0,1,1,0,331.9070998176269,265.2776312456831
9.592434670636417,75,27.200827897284217,1,0,0,62.88192257611332,1,1,0,0,246.42818833185106,249.3181577020096
36.1217402037835,29,24.678540351419123,1,0,0,42.594945484698044,0,0,0,1,310.34207240506026,273.3418347452023
19.77927872222969,55,25.80604147065093,1,0,1,70.12767938769186,2,1,1,1,577.5304922858761,518.7219015874775
66.77982070405001,10,15.002745653593138,1,0,1,32.824115768581265,0,0,0,0,98.8057579148245,115.31224274006493
350.0,29,27.1896191594038,0,1,0,130.59760417474027,0,1,1,1,668.3414199266556,591.6632161585625
113.4773792766548,10,59.60221242600098,1,0,0,68.60996246078398,0,1,1,0,357.97169893516906,310.3523248722408
92.80733981452082,10,14.053368849892887,1,0,1,72.77125217085356,0,1,1,1,489.05438175621464,473.3325555328018
78.11091178118164,20,31.557596108890554,1,0,1,33.951720536855504,3,0,0,0,130.80584756874725,181.89054574436523
26.66460295768215,40,15.700665882072862,1,0,0,40.545495044268016,0,1,0,0,277.8902512721769,183.4105710134859
163.00554426330356,55,2.2852999324565713,1,0,1,114.07578907353597,0,1,0,0,341.0261916224452,293.280618710388
179.6861091280946,20,41.69146108233796,1,0,1,105.23217849308901,1,1,1,1,550.1656600276225,555.3441603514071
247.93815128720786,29,0.8745342080620168,1,0,0,26.523096733075143,0,0,1,0,142.92548416443321,221.39097105407743
74.2112627255408,10,28.165424027131046,1,0,1,47.785808750457775,1,1,0,0,288.98889871656434,227.56463543158276
144.17347053731504,20,11.936847740437459,0,1,0,71.27310816580892,1,1,1,1,535.4710422496245,534.5968827572594
102.45871716880917,55,23.369636802171062,1,0,0,46.147201986516926,0,1,1,1,405.5500757841186,457.9355561409466
45.83998691199444,10,21.47445179223811,1,0,1,20.387897928407806,0,1,0,0,112.43154254632067,155.04289902898117
94.42182525257984,20,5.577317600811171,1,0,1,50.64405396220067,0,1,1,0,264.34708401190994,284.6341419957987
43.974430049908094,10,7.691897842099128,1,0,1,58.802077941784184,2,1,1,1,463.3801608454978,482.8282865941828
13.355348049501291,40,4.379722971385567,1,0,0,27.735655169376102,0,0,1,1,345.54954217679233,349.4697879082214
114.36315923611784,55,12.67171330768267,1,0,0,25.073208720043816,0,1,1,0,261.59119562437877,277.3610657957522
70.50489209599554,20,1.3179601119442887,1,0,0,49.143092757023304,1,1,1,1,424.8310349245657,449.81010132396176
32.58583621645647,75,5.361491741722853,0,1,0,73.44009198458457,1,1,1,0,293.47670051667063,371.4062463009785
110.84297060676506,75,6.481852128771689,1,0,1,61.324766721157886,3,1,1,1,579.8769564487874,556.9205588535727
105.95741510103349,20,68.53619695366675,1,0,1,74.95630951261418,1,1,1,1,516.1943409687113,502.27921821990077
45.22131400034162,20,13.022189687859399,0,1,1,91.72076902862395,0,1,1,1,496.60212489254496,516.6783220757022
5.973575640780564,29,4.0894635664481065,0,1,0,35.501983088037065,0,1,0,0,142.7121666633634,205.6835458452333
36.27170407494535,40,1.3670141421673376,1,0,0,41.104268012493996,0,1,0,1,388.2827724728169,342.52193536074014
38.212158828318934,40,15.90874784972807,1,0,0,50.86562025267068,0,1,1,0,238.42611453796874,276.3881339734377
85.61739317522992,10,1.9406838694264232,1,0,1,74.24474440049696,0,0,0,0,164.57861796365503,179.97663049486823
127.91377322087477,10,2.2195430474322206,1,0,1,64.00370616043506,1,0,1,1,455.2048144306281,438.32433410685053
39.373022894826065,20,2.7860231785733807,1,0,0,0.0,1,0,1,0,112.81000195452089,172.11604014181708
88.32931505840456,20,30.203727663020288,0,1,1,58.52686338460662,1,1,1,0,380.34238162975373,333.014322079809
137.36808894687798,10,11.050611020510527,0,1,1,92.20600902919121,2,1,1,0,392.9692143076086,398.7016825535232
57.31092899671368,10,19.302178588183413,1,0,0,37.21833476688332,1,0,0,0,111.00630734503447,135.55546744279596
74.83467216221817,40,9.42842854713651,1,0,1,56.43685141986593,0,1,1,1,452.87320525399156,443.7752694087375
19.689332078426013,120,15.885950094760549,0,1,1,54.23607744891976,5,1,1,1,700.5064317661536,549.144134828949
77.17189623030293,40,40.380655246293536,1,0,1,110.22870494747126,3,0,1,1,556.7327727293094,487.83489355137795
61.1324399195747,40,6.368051563718417,1,0,0,17.154952738091264,1,0,0,0,156.02721308838153,130.8300691559996
122.38545605303209,40,5.660450985362988,1,0,0,90.36721810861252,0,0,0,1,320.91965341568664,380.99920914661016
44.478618761532175,20,17.272375615594076,1,0,1,40.52879675758103,1,0,0,0,80.94654634513881,135.11443749785784
97.99395963058485,40,9.553939845303168,0,1,0,71.49293309782742,3,1,1,1,531.7668643540228,557.4733868293782
24.633683921980495,75,0.4550750571594819,0,1,1,111.61957053832279,1,1,1,0,394.43587989741866,388.18985952521837
57.40794806507874,29,32.9616105817902,1,0,1,65.34729325662565,3,0,1,1,483.1737287739703,456.7407696926376
109.36045623164216,40,2.848291855559363,1,0,1,79.21872781447742,1,1,1,0,401.82766606173624,348.09191796827224
26.002027339037824,20,18.64341625176446,1,0,0,0.0,1,0,1,0,158.39037160871743,172.90407260394164
100.90848866184956,40,31.634439050286662,0,1,0,52.4127831877945,0,1,1,1,466.6582261323921,477.2988982405695
95.04217567419886,20,12.517547389218937,1,0,1,62.69766537035088,1,1,0,0,183.90610982873707,242.43669790008042
93.18445076963967,10,13.373535058736275,1,0,1,60.501510911936755,1,1,1,0,402.36153456538926,312.68036241292015
175.4349995940145,20,38.58014769805193,1,0,1,96.9839172653685,0,0,1,1,330.4828900715416,459.648911582891
41.175246691629646,40,1.928365635138028,1,0,1,37.327911325717814,2,0,1,0,284.00423826414413,249.2459867227922
95.26965249801785,40,39.08821302438972,0,1,0,53.60590241189608,0,1,1,1,461.0324014104537,482.4319323494033
171.39607591546897,20,11.2041696429554,1,0,0,58.58056584171112,1,0,1,1,515.7325253643628,432.4491583886809
179.76391536855527,29,5.252569897009879,0,1,0,57.0178366004732,0,1,1,1,449.8154846140894,501.4569973892124
65.63984204396299,10,33.420229044392464,1,0,0,4.8854283435648505,1,1,0,1,309.5328696318353,337.2433013615999
33.89855616364852,20,2.7257084284327626,1,0,1,31.58902563966753,1,1,1,0,248.63093704432728,257.62996971045254
17.560109396030555,29,11.818925291832254,1,0,0,37.902138595626184,0,1,0,1,369.18203610381715,329.54883872125055
76.152480744324,20,6.128017951494131,0,1,1,78.90120099904676,2,1,1,0,435.91961802071603,372.6847314408764
61.14765303520102,29,6.8432321106812415,1,0,1,72.94853390201004,1,1,0,0,280.953210098034,249.9496971535573
110.3106514475456,55,33.96002090778689,1,0,1,80.03016703966928,3,1,1,1,567.3852131051217,553.8299979756462
47.2899128930478,20,1.7314709976127036,1,0,0,27.41600793526819,1,0,0,0,127.6913007170757,129.03667666656784
32.49863224884611,55,2.3218550577348718,1,0,1,63.40786209772335,2,1,1,1,527.1137125668988,515.4745491311147
70.7497546732143,40,22.661217395550636,0,1,1,80.58198796773803,0,0,1,1,460.08249203303063,447.30030880523253
44.85707978308409,10,0.5856286316161822,1,0,0,0.0,0,1,0,0,125.38660763992263,146.2206288446997
16.863097554002927,75,11.586205626614861,0,1,0,85.28090603413372,1,0,1,1,512.2144057198392,484.00405597243713
74.55016811755901,20,0.9385550184638962,0,1,1,70.21916369297844,1,1,1,1,515.8275253253921,521.7856046577587
148.69037902240999,10,26.9192943646285,0,1,1,118.38313091753417,1,1,1,1,571.465640777565,575.104498590847
25.394895011358646,29,9.134689495904608,1,0,0,39.66357277497937,1,1,1,0,181.1819374108631,279.4318523892774
32.91710178257969,29,1.8357642263267995,1,0,1,88.30084319939974,3,1,1,0,386.39695137980516,365.74579440076707
19.246573069060712,75,0.5271232350356095,1,0,1,62.863981764694074,3,1,0,0,330.48772179813307,286.972960212924
6.504316244749001,40,20.392635984168024,0,1,1,58.53072305571819,1,1,1,1,405.8375992317889,492.22564977355347
199.95270691274612,20,19.995801600922658,0,1,0,107.36113697513974,3,0,1,1,555.7494262828845,536.0421940262642
5.470893594380225,29,18.389559352963197,1,0,0,36.979581748480115,1,1,1,0,267.34240222811167,273.5231485328587
62.05089921414651,75,7.559294442566923,1,0,0,33.40166414638471,0,0,0,1,241.07592821911248,294.9712216314534
62.21566002527863,20,4.4929630695264215,1,0,1,82.0572152084548,2,1,1,1,476.6599687939079,522.2763244871975
56.71574285102985,75,9.834135346734517,1,0,1,59.51493643673412,1,1,0,1,399.02749868058913,417.68019680987015
83.4731031637427,40,4.148757392388467,1,0,0,18.324310933315097,1,0,1,0,182.8524881617856,210.21444999034142
55.62870317896575,10,13.063970803530985,1,0,0,0.0,2,1,1,0,205.14120363749902,261.68916823020277
38.86254281388728,75,6.638385103624524,0,1,1,75.11856386957105,4,1,1,1,637.4492730658153,577.2703227517652
15.61242985497246,120,2.340491503943108,1,0,1,18.089694893788064,3,1,1,1,532.0584249156647,497.0359407589834
117.62949710843213,10,69.23429021677154,1,0,0,39.16899436107181,1,1,1,1,358.7832289166066,450.9303115057455
12.410409532679294,20,6.615609301586741,1,0,0,28.708526556562546,0,0,0,0,55.35330060363503,96.15026901694687
106.6215363280812,29,4.639448079019286,1,0,0,63.60161995440862,0,1,0,0,216.8189271806401,219.20753605127098
25.98837979363034,10,10.131458025777782,1,0,1,8.333714566731285,1,0,1,1,277.3610416864501,346.4560300140565
120.70585273299868,29,22.494763422722727,0,1,0,74.04183455790974,0,1,1,1,550.2974455544154,513.35056721292
307.86069041999224,40,3.0088529709251506,1,0,0,86.96241712823111,2,1,1,1,596.4751066448727,574.7685119945406
16.418305464719364,29,35.64336365111182,0,1,1,53.609872502572564,2,0,1,1,506.3755261711337,444.53757870077584
68.61392799650633,55,9.281579508706665,1,0,0,17.498664688078065,0,0,1,1,374.35942477165764,356.7716614874701
104.29002497011416,29,3.772422469982407,0,1,1,119.67769010775876,2,1,1,1,589.8592133814711,578.8117598412473
18.169447886670195,29,2.279753028478803,1,0,0,45.06933325129728,0,1,1,0,278.39192262649277,263.2488140303745
22.49740953787081,29,6.1069739582317,1,0,0,34.43119937405245,0,0,0,1,221.05176740884986,261.51766237127424
88.72818353300745,20,4.131692126550907,1,0,0,23.54119057510588,5,1,0,1,501.04778020036684,385.13022218915984
55.307438158924754,10,1.2911389932125057,1,0,0,16.719560709302584,0,1,1,0,171.77402602005566,224.24698258487658
48.451111834766024,75,38.88692528553021,1,0,0,33.18889764485291,1,1,0,1,329.6045436646162,386.6604370824911
48.015956856789565,40,29.332055561667378,0,1,1,42.580589697506596,0,1,1,1,412.8054192240038,448.3931905725086
66.19242925299302,55,6.292179709816253,1,0,1,66.1756894960987,1,1,1,1,433.2446494082875,498.79919958695945
36.15019863961103,20,30.576490002072536,1,0,0,37.51346875783986,1,1,1,0,345.818294565129,270.9894465178734
41.444852544120856,120,0.9052135512518757,0,1,1,46.656208898898086,1,1,1,1,556.0740316013668,491.7640218561426
110.85268956781061,10,3.3855545276038286,1,0,0,37.43319132016621,1,1,0,1,335.5591040429041,370.5882905611923
58.166104585546925,55,2.4357755922959448,1,0,1,22.726552937635944,2,1,1,1,485.47095363965457,463.93401509428804
105.05723525970906,40,7.666012346786121,1,0,1,72.1272420672449,1,0,0,1,286.3425917432362,366.5057498667884
73.78553853977576,75,22.643111229949387,1,0,1,55.920795831254125,2,0,1,1,457.5711427575907,440.5914775439824
7.476703519684936,75,6.696250708728487,1,0,0,24.789828488158335,1,0,1,0,184.50534352695098,207.73838238559554
101.94544961278241,40,40.36449881923877,1,0,1,77.59624174167497,2,0,1,1,541.8372076026682,466.52662419095094
57.59548247851254,20,18.376984127402906,0,1,0,54.78717949345992,0,1,0,0,261.52102812754777,237.27339389591677
156.14607333141112,10,21.011020191511047,0,1,1,95.78957699696718,0,1,1,0,364.9275299014416,385.6325608937676
54.12734196655884,55,3.9757125741053674,1,0,0,46.79080057123368,1,0,0,0,150.86101645476427,161.46701118126325
114.95061799481368,10,9.446744374911772,0,1,1,83.42035650855216,0,1,1,0,410.8335347576727,361.56749436892056
18.411917995234095,20,1.5791928438890481,0,1,1,53.83996029500887,0,1,0,0,229.95674781053404,233.7242942335563
88.9461580157653,10,6.131060316273265,1,0,0,6.602590322720484,0,1,0,0,109.24098672436608,160.19099362748364
205.9044737559606,10,3.6989966087634834,1,0,0,95.75420117632385,0,0,0,0,249.07956533508388,223.94434862912522
76.98697811177726,10,5.138032114501722,1,0,1,39.22597954997835,0,0,1,0,213.47906213027454,205.61415286289738
49.27599958253049,10,78.97168978323248,0,1,0,28.95539942078877,0,1,1,0,265.4060773739875,262.71751245898065
183.86000320389215,29,20.783482557632098,1,0,1,88.48583953565137,1,1,1,1,580.586233242539,543.1811457360789
8.553584647393665,75,1.5354080156577237,1,0,0,34.641317410975404,1,1,0,0,180.89064996762912,202.30359272217387
94.12981608751876,20,57.2526237104639,1,0,0,17.234936450450036,0,0,0,0,56.574097838393406,112.07015293095733
143.42638229684428,10,32.92180751813119,1,0,0,56.401385457473836,0,1,1,1,369.3755116047545,466.28895724966793
53.90438376365878,55,7.59015417012338,0,1,0,45.994591667022526,1,0,1,0,323.3541310626749,246.53858778162913
80.28728777341321,10,1.94564227977629,1,0,1,81.53486289549376,0,0,0,0,127.62606258600137,190.88124054832244
39.258570423162816,40,28.60404514192288,1,0,0,12.331010068334184,1,0,0,0,166.57087816733753,115.13965221703756
96.53237907833424,20,12.949806438263542,1,0,1,77.5426104113859,0,1,1,1,442.13597410264435,479.73887413878526
60.442160756177955,20,24.293734594390468,1,0,0,3.5513299092226056,1,0,1,0,112.4736591214816,181.701611236612
35.91305678126286,40,3.152080178918287,1,0,0,50.337606085944756,0,0,1,1,396.914030467774,370.6756290270246
143.03739444780433,75,2.9393994680624775,0,1,1,124.91688379848038,2,1,1,1,666.9534950727401,627.1842199247786
61.11445892983737,20,24.499272967861703,1,0,0,32.415238038868,1,0,1,0,219.2957918633989,212.77094985728718
49.313947343844625,20,2.1092830191524032,1,0,1,47.23486937548375,0,1,1,0,246.92419545984973,260.85031591049193
125.75568777948823,55,0.582843488039546,1,0,0,22.972171488375167,1,0,1,0,209.1689735770898,242.74153439397594
52.64425591648757,55,5.297130320964932,1,0,0,43.514042661393205,0,0,0,0,121.5824000435175,140.62651926966157
61.71732474538383,55,13.896813296712848,1,0,1,19.90343834483874,4,0,1,1,413.6612345152603,417.6051759193535
49.61211033927201,10,93.99996252927947,1,0,1,93.61558416419345,2,1,1,1,498.7877700298558,530.3488466111642
57.27592631999799,29,11.708228153888825,1,0,0,59.53846725099284,0,0,0,1,294.7141498476665,310.1399236857752
77.05935199741242,10,9.048073799237454,1,0,0,23.696300657784967,1,0,0,0,132.45251545198124,129.1348431270468
44.69926078189891,10,5.1692755622370745,1,0,0,31.83736683012409,0,0,1,0,179.89405507388705,181.2865571540567
94.67070335407271,10,21.751967131022525,1,0,0,76.23804930510641,2,0,1,0,401.89861388042004,296.58448259266015
78.4197952151955,40,1.361544917680589,1,0,1,69.54604609929356,5,1,1,1,608.3067798897713,540.6370011551662
24.60491606904316,20,15.420199010809224,1,0,1,71.06879524010014,1,1,1,0,294.06542506362234,310.5122592736532
38.359519275920285,40,29.103224590685574,0,1,0,94.27367199329478,2,1,1,1,614.3582065896036,557.9742383346969
48.402058643179096,75,2.5458026666496427,1,0,1,66.80670886000357,0,1,1,1,464.38811739292055,491.8660597930807
44.97169835544379,40,1.797544484583829,1,0,0,55.015051426110695,1,1,0,0,172.76493545310723,234.06634763550542
27.801860401447122,120,6.5739720521379725,1,0,0,63.117248128630315,0,1,1,1,582.7371380961052,494.34623381288606
97.18522943247609,29,39.54771591509065,1,0,0,39.23541385928559,0,0,1,1,346.4829961002437,374.1940023333695
18.007854833324927,75,12.909821171895343,1,0,1,14.771763800403534,0,0,1,1,349.91187008792224,357.6853371353192
90.49835617277367,10,3.8763427211332413,0,1,1,65.40978977313772,0,0,1,0,284.05216080658795,266.3383935681842
114.30387790151852,20,22.019709163188818,1,0,1,36.08622551157942,2,0,0,1,346.53830692190934,341.18240572684584
26.441463055657074,20,5.102708154047276,1,0,0,16.63771735219594,0,0,1,1,299.74055985212067,327.2848826185849
92.94499096839523,75,10.055393075055964,1,0,1,65.11998331472753,4,0,1,0,439.30332155770304,326.4725909115199
80.9947926457381,55,7.068460165758737,0,1,0,57.27700070868978,2,1,1,1,584.0891325596546,527.1910796413952
4.36928142624374,75,23.608872188398884,1,0,0,29.28563970155659,3,1,0,1,436.9180894006087,403.47020703681807
23.359409936154464,29,4.100039126160537,1,0,0,51.87450670961428,1,1,0,1,426.15229152454646,378.37503158884437
48.42591731621393,75,9.219731751586599,1,0,0,60.78508683099517,1,1,1,1,496.264607062724,493.54861136478024
177.4522313659224,10,1.4208916599186203,0,1,0,80.91127046610347,0,1,1,1,619.3391207356269,532.2408056359976
75.18265506648547,10,27.44676649909416,1,0,0,53.35380645472162,0,0,0,0,178.2812311874769,146.66753208422782
229.28359043745786,40,3.0756212947496695,1,0,0,57.28241566974929,0,0,0,0,198.78917910703274,179.7685296614383
74.60510847408369,40,10.607469492875566,1,0,1,40.25877777778891,0,1,0,0,191.65124300974526,192.29819512634495
63.076460874721526,29,20.445056717421537,1,0,1,60.05809231429893,0,1,1,1,513.3459031380816,443.3507835027351
45.960135774398374,120,2.455029519629566,1,0,0,59.74504656921919,3,0,1,1,476.43940429925425,470.1707850247524
83.97616035122138,10,6.743111203696114,1,0,0,16.160598884897485,0,0,0,1,233.93047331423645,272.75974919128686
78.10080040725546,20,29.86726491200663,1,0,0,57.15372757138659,0,0,1,0,239.00887376862732,233.64387175725224
28.718504638623823,10,13.645027596033088,1,0,0,38.69152493736411,0,1,0,0,218.56654355626364,167.1818607183902
41.620332578515836,55,5.626459551366765,1,0,1,49.54399093129927,1,1,0,1,440.34875158182484,394.2027163198123
51.478720985097056,29,19.72804976183884,1,0,1,62.88120127456784,1,0,1,0,217.38867550562438,248.04503300621343
35.461818826562606,29,8.122956674263355,1,0,0,51.30234204753576,0,1,0,0,155.02299966029193,196.90807700269826
87.45479620757267,29,6.708853228961911,1,0,0,43.84525288437551,1,0,1,0,232.42076391873476,232.87676479751462
34.35128638193676,29,1.970847381853227,0,1,1,96.59072130635971,0,0,1,1,359.9145381528036,453.21990158475296
24.273628220515953,75,3.695566396602801,1,0,0,59.729438147308784,1,1,1,0,328.9404454543761,336.32927761503
34.331588494745425,10,50.85681159326844,1,0,1,60.52394045403437,0,1,0,0,181.44655171591143,203.18212709114636
122.39186356276828,29,75.28426041171814,0,1,1,90.12262045209744,1,1,1,1,560.3901314491188,552.6930640266645
63.55169938921604,20,36.3005970628595,0,1,1,88.90081637308643,0,1,1,1,489.8347601167636,514.7919762016586
2.373948085320148,29,27.220608205934923,0,1,0,81.15027240775632,0,1,1,1,470.7808823832613,494.6727782509898
57.050629575329246,20,23.252483137784125,1,0,1,56.02754885310511,2,1,0,0,302.69508006096254,238.88458819086662
26.023307725277444,20,0.9852938904839273,1,0,0,3.259145383739792,0,0,0,0,50.76044778159718,74.47532101431852
12.80424145615287,29,23.308637720145693,0,1,1,49.715384029635786,1,0,1,0,216.1166945849364,243.2244015932755
33.5320495161001,40,2.6209646974462384,1,0,1,50.69417865059003,0,1,1,1,450.90038156271874,432.90901170049773
22.28790862410918,20,6.633732553857577,1,0,0,6.697076424640379,0,0,1,1,307.5745186200778,326.01288371709893
49.661000932267775,40,23.638698119477525,1,0,1,0.0,1,1,0,1,357.35391888470735,347.81457294241284
153.07491041430188,10,20.463959109382458,1,0,0,59.8987170201182,0,0,0,0,139.68335796457652,180.62812906611552
27.354183436178698,40,3.2868653535487202,0,1,0,0.0,0,1,1,1,350.0553628128232,412.6043996320572
27.69128189868084,40,20.775382703185013,1,0,1,91.23232330692234,0,0,0,0,195.96635436667606,183.92970526312777
176.23230416460137,29,5.53657297397406,1,0,0,71.07732641672311,1,0,0,1,325.5497180640533,375.37065478704864
131.06825459936164,75,8.420773299771978,1,0,1,95.67524793994897,1,1,0,1,509.05170706724493,479.14620050189706
52.28890093898169,10,24.868979631009633,1,0,1,17.120401844589683,1,1,1,1,450.37484331246014,413.98170661949075
109.79502778461922,10,0.6042666499202203,1,0,1,60.079901836016745,1,1,1,0,323.4036056096805,319.3105001667366
48.539297641655004,40,15.315155874506466,1,0,0,29.254813656394408,2,0,0,0,156.84399682117012,167.17153898261378
111.79309893451675,29,22.141573864773,1,0,1,32.15313701443509,0,1,1,1,434.03322426141835,432.93422382036357
125.92986903319563,55,5.693679400728588,1,0,0,74.7624122963507,0,1,1,1,526.0683688646152,506.0051945788217
83.54048573914505,40,0.7382632925168121,1,0,1,68.17032708981635,1,1,1,1,450.1619954296854,494.406410712939
78.38870496696507,55,53.01443529185293,0,1,1,97.84885484642504,2,1,1,1,617.2641039016652,576.882310024055
43.10370613249824,20,13.56519703351603,1,0,0,40.029750028244514,0,0,0,0,138.17584358663885,116.2883648804281
131.84982850004405,20,9.855599362326618,1,0,0,11.065207479198236,0,0,1,0,231.34838763873583,204.09842307989885
63.59904281733426,29,3.723492778863665,1,0,1,69.98491872873265,0,0,0,0,142.16123600243085,165.27257799023585
119.06641851668559,120,40.987665002395055,1,0,0,94.08162851203318,2,1,1,1,669.8625358697143,592.860398084257
274.22602825960485,55,5.259864014051967,0,1,1,140.0574017921412,2,1,1,1,728.88336805584,627.9418625896703
32.82155987075185,29,29.367808759174647,1,0,1,40.34697343717025,1,1,0,0,233.07397564160635,203.28949316755669
129.56000855840105,40,7.22872780834056,1,0,0,73.55514217690484,1,0,1,0,261.73276594398095,290.7629299765074
87.30090792135559,40,3.5321143888182234,1,0,0,64.30714291013292,1,0,0,0,199.55634712624084,180.2044802579838
61.140203260241414,40,22.63924320714788,1,0,0,63.48616466736564,2,0,1,1,503.49366810025697,445.4095348571644
206.47639892439608,10,5.961327084048867,1,0,0,73.52823955377688,1,1,0,1,466.5174739777438,435.60736221886566
56.7101481295252,75,78.90219000951775,0,1,0,94.71731334275368,5,1,1,1,683.5657556324518,601.7567476508534
93.67688878784573,40,23.98918167665069,1,0,1,85.56292324488493,1,1,1,1,508.9734950555307,511.273860657723
48.073324828438466,55,21.836812539921493,0,1,0,75.77088729423315,2,1,1,1,471.46133877848354,550.0820685586207
84.48689417921806,120,9.347676380221927,1,0,0,69.85009646804673,2,1,0,1,494.5890453792845,474.8178600043762
54.44210354084152,10,17.701472239826597,0,1,0,47.938220156077314,1,0,1,0,233.4179198608105,234.746370670303
69.3017992294677,40,8.879660978262487,1,0,1,54.11325443647392,0,0,1,0,212.98590140573538,232.53030290863515
85.9271640065381,55,8.022922000534122,1,0,1,60.10858894509586,1,1,0,1,385.1538849984893,406.53131939838374
47.46134260133245,55,4.325364473087893,1,0,0,47.04684872614982,0,0,0,0,47.474238598807986,142.45000430560862
16.271681317063017,75,34.32609163799813,1,0,1,45.026423505636394,1,0,0,0,97.12234355392715,159.59031624428488
160.8424613461432,75,7.0887461260273605,0,1,1,134.7152060114896,3,1,1,1,740.6183683408087,642.3490393865544
105.88194475559726,40,28.216521590301653,0,1,0,79.10355647003742,2,1,1,1,599.8234072432648,551.4472589286687
72.2171775399917,75,77.76530973347782,1,0,1,49.99406952837025,3,1,1,1,563.3284089009562,531.7655139858088
192.41402192648525,75,1.3071437820822676,1,0,1,95.17514444728924,1,1,1,0,391.0467323182563,401.9830704103954
37.021902885983316,10,27.64483331628135,1,0,0,12.358164402168484,0,0,0,0,37.00979658750606,84.21939335900908
14.770331833523025,20,7.782823532444599,1,0,1,31.93155191297743,1,1,0,0,165.9736656361021,181.18667189035727
76.81685903474354,40,6.751412529743161,1,0,0,39.998835036876734,2,1,0,0,211.91301842668764,238.75066934960884
90.36442931985574,20,15.066911300049075,0,1,1,34.18411265564303,1,1,1,1,534.5993757750189,467.5090678535964
133.79802571672303,20,6.338271960984563,1,0,0,57.85583156375187,2,1,1,1,461.3368844929796,507.872020938877
52.83056935873538,40,9.68678889217298,1,0,1,32.83720350189165,0,1,1,1,452.0500113836633,416.7845341497597
56.61490079127477,20,3.200227425014215,0,1,0,38.09648754562312,0,1,1,1,404.6126120960176,444.05081696392
118.81652795149024,20,8.740842715321847,1,0,1,85.65221345559333,1,1,0,0,305.22846376671095,289.1313198834203
101.70064051773842,40,4.625691032097484,0,1,0,58.187307343256784,2,1,1,1,593.660122735408,524.4052737251802
69.15170084401515,10,36.691876346840175,1,0,0,1.218502262397493,0,1,0,1,276.036260019333,315.67492557856053
102.08817286336536,40,1.901325839679654,1,0,0,33.65930821904283,0,1,1,1,475.8514082489784,438.93648719067977
85.1531414445948,55,3.368653900119959,1,0,0,71.62249609129599,0,1,0,0,275.23963169089694,239.7584516641567
50.42143827096514,40,18.907338590542587,0,1,0,56.783918983682184,1,1,0,1,524.6829154283794,414.51335013171143
51.23957180209163,20,3.2610960488122123,1,0,0,76.32520757894741,1,1,1,0,222.8438046112261,318.86337525301116
35.073441936541755,20,16.0212992594477,1,0,1,53.23344471283953,0,1,1,1,454.3103652716811,426.9280152765547
26.3297414136306,20,11.396012180783561,1,0,1,57.416654903419314,0,1,1,0,255.43670748194867,286.56148645129605
104.67110600397704,40,44.37820033309743,1,0,1,75.581793931006,1,1,1,1,510.6145630674498,503.95395968867786
40.400582370279515,29,10.829650806665624,0,1,0,19.95406991622205,0,0,1,1,359.9387744359909,379.4584315011185
27.949559349919763,75,47.56854544789593,0,1,0,85.31057326419052,1,1,1,1,527.9497095190443,550.8058439066534
42.02669675003002,55,6.602848244904346,1,0,1,65.08009608130132,1,1,0,1,425.9237162983522,406.36786832019556
42.06887425240297,75,59.929723820247155,1,0,1,72.76821198524767,1,1,1,1,460.63650549410374,514.3483777260763
60.08504094001369,40,28.75924124783307,1,0,1,44.36396946209825,0,1,0,1,296.319188429833,352.923234090763
99.31633442935683,20,8.659420252782125,1,0,0,40.15029916079067,2,1,0,0,279.6902800461768,234.77813861726113
18.27998501995549,10,2.3379077598611757,1,0,1,32.295561228122835,2,0,0,0,128.03112711331627,156.19049495841523
33.6167831638609,40,79.91242122343249,1,0,1,50.82343854032528,1,1,1,1,476.16499117094395,445.5067800506468
74.42383950007135,55,49.22568502713377,1,0,1,37.5315639960256,3,1,1,0,419.4360927559161,338.63904084023324
34.94804573365942,55,23.82987442574268,1,0,0,38.358822435760345,1,0,1,0,143.79785218061448,229.18139045320606
46.945484079383064,20,71.70388058504771,1,0,0,40.23849705958123,1,1,1,1,480.3765817839402,433.0085665428363
142.76698010262297,20,2.8135756392737026,1,0,1,93.99970692855885,1,1,0,1,471.1286218623822,459.0490028105133
22.407187103238726,20,10.711456485724744,1,0,0,0.0,0,0,0,0,55.9948145929031,76.90459909287392
129.00540782400205,40,42.7196460135615,1,0,0,54.152895347267474,1,1,1,1,484.8616662502124,481.8300182101214
93.72522235057505,10,11.351966667960339,1,0,1,103.34068244449884,1,1,1,0,378.2871633585336,349.48294792208395
41.08808016183045,29,7.681180688103015,1,0,1,55.778228172232815,1,1,1,1,482.8774679484684,455.1454267415217
95.97408255410124,20,96.0,1,0,1,81.66682618159732,2,1,0,0,339.4549713719599,290.9103604783686
100.95364476019908,29,3.7728551340583434,1,0,0,35.66695793542392,0,1,1,0,323.6199253250171,264.862874372903
132.16861755108246,29,27.828208825026117,1,0,1,109.02669397764262,0,1,1,0,403.8269299750159,369.1423765737461
42.72791097997911,55,12.23271792125449,1,0,0,70.32005845963033,1,1,1,1,557.4376927445657,498.6357185621184
132.59092574499945,10,32.12433520049334,1,0,1,45.59817627540623,0,0,1,1,396.0500867252659,394.14555021295166
80.17337287400963,40,16.412843498425733,1,0,1,60.695043574925855,0,1,1,1,437.02435738544045,452.9817233637346
81.19773892828663,29,7.0007986367583905,1,0,1,53.70646295286402,1,0,0,1,275.2320174135985,320.9581330095418
38.661281831069914,120,28.430088738351223,1,0,0,0.0,1,1,0,0,154.3869126720412,197.34848967924802
220.89492753653377,10,2.6920195474562805,0,1,0,78.6254646930663,1,1,1,1,671.3783179170911,548.8855312119443
102.27619804582126,29,1.9474725526621224,0,1,0,38.207991086634806,2,1,1,1,487.70160021943923,496.8449762790565
111.80607318007652,75,11.622771004621715,1,0,0,64.12317302082997,3,1,1,1,549.6751247787128,569.3946219173191
38.01887711076578,20,23.74026372603401,1,0,0,22.02199203689151,0,1,1,0,296.31550016990826,227.778254462251
85.1734274028393,10,8.486103820232177,1,0,1,68.75911776304845,0,1,1,0,373.9108558481589,300.69438651065093
35.12185869972922,20,96.0,0,1,1,63.91241731836209,6,1,1,1,588.9593534249706,539.0668255966024
67.99983976552936,40,12.446254667118753,1,0,0,7.630674157984501,0,0,1,0,90.82033447304686,181.43285988567342
38.53790922030189,75,3.073156865637583,1,0,1,59.67701795625349,4,1,1,1,628.1446357378587,539.514130017039
48.109063889233944,29,4.26865385338333,1,0,1,18.298841432304297,1,0,0,0,113.01290163920439,121.68564694177229
90.2850351199216,10,0.3026791486821772,0,1,0,76.58824281853485,0,1,1,1,524.5286954876661,502.61673083242437
95.68993464343676,20,8.11809238694973,0,1,1,57.09562227473901,0,1,1,1,463.7284704320285,480.9326787404489
61.73410914459966,20,21.58267308142681,1,0,1,53.154311041135,0,0,0,1,277.20008110064555,297.13008151988646
72.87341133410649,40,0.3735949018824817,1,0,1,95.534076201661,1,1,1,1,570.8846133948311,515.1106411706212
13.633417580875989,40,2.5016063267011863,1,0,1,33.85156477525919,0,1,0,0,125.1501565419266,166.58973643710567
242.56069472931404,75,2.568661201366462,1,0,0,115.39549066838916,1,1,0,1,526.8434609776715,486.94551332606073
68.4931871332254,55,2.649794025597164,1,0,1,54.35070325287841,0,1,1,1,398.5614953868404,456.02600404145255
171.83488616431535,75,0.1322488373954938,1,0,1,115.22543485229812,1,1,1,1,619.8921236776279,579.5397318433521
131.54636485270774,29,2.6092337242800534,1,0,0,90.21538607788648,0,1,1,0,350.0589350523175,359.7381579579423
57.1209598630276,55,14.468103915390191,0,1,0,51.76499300628166,1,1,1,0,335.06616439121206,323.64776876082686
19.483014848149782,75,30.640761728801916,1,0,0,81.35838350727248,2,0,0,0,156.16294183790492,234.40662744239458
107.25451849713795,55,3.525377753370546,0,1,1,120.72290406096164,2,1,1,1,642.1735515417656,592.3253397748185
118.1768031481619,40,47.08720386054251,0,1,0,53.8188136071965,4,1,0,1,519.7538627215799,446.52914799049205
54.68538267625214,10,3.7344282757682983,1,0,0,19.298392754744395,1,0,1,0,177.91127075751191,184.3869500070735
21.095240687973746,40,10.19053558078024,1,0,1,39.22121229813649,1,0,0,1,285.21678363360746,300.6161925216787
121.0896491099329,29,1.6952320380753916,1,0,0,44.66076870573954,3,1,1,1,488.8439386916682,504.10632548134316
21.047784768445876,75,26.977826447633007,1,0,1,77.75651988089993,2,1,1,1,562.0444401500004,538.0652609924551
98.52320175863507,55,13.269513603782853,0,1,1,111.08321255506743,1,1,1,1,640.8301350951533,563.1483552550969
140.09895929239943,20,35.04507254679733,1,0,0,43.988873857216674,0,1,0,0,206.9695035117012,217.85532761625186
29.60563006907402,10,35.71230505834968,0,1,1,78.13249199735756,0,0,0,1,260.9312618583712,354.49611837721227
45.48637357992645,20,33.46366516324575,0,1,0,25.307174418642365,0,0,1,1,327.54347138376835,383.4101318356039
104.65485761530846,75,2.316262741394507,1,0,0,48.16508861627736,4,1,1,1,576.6721425931786,536.3595981819853
13.393049229034244,20,10.818582745197494,1,0,0,37.13513540141675,0,0,0,0,52.87670009790344,110.3701039982394
16.42134504078963,120,87.94699949901016,1,0,0,77.78957072901326,1,1,1,1,484.89097545571104,530.5991270038286
72.5488675635262,40,17.193225462804776,1,0,0,76.2440381844462,0,1,0,1,477.3258081990118,398.9071306814349
34.96455373750911,29,52.57091171522531,0,1,1,69.4675855573081,0,1,1,1,510.83975895092175,490.9717015055017
82.0965681841396,29,1.7228936734384916,1,0,0,68.672091569537,2,0,0,0,147.03707580138305,207.30727852928902
106.52609732495509,20,6.687197926373142,0,1,1,67.81803315998526,0,0,0,0,105.55400968015614,203.88444674439472
45.20001647304948,40,8.340254293804511,0,1,0,87.33419201434268,1,1,1,1,513.8702616237027,532.010631498545
111.79262605569691,55,5.778183873567481,0,1,1,136.27879906165418,3,1,1,1,623.341853063897,604.5243733569656
25.103039062262056,20,31.628308251363833,0,1,1,98.58024773849226,0,1,1,0,392.84762857825297,351.1074264726996
159.06974566800505,40,10.73291541975245,0,1,1,155.41498906652768,1,1,1,1,668.88519692029,588.6863380205236
8.742077464933956,29,6.438888201698222,1,0,0,0.0,0,1,1,1,302.58354848177,385.555830633484
49.94396838810186,40,1.3412958466108296,1,0,1,92.13117597948869,1,0,0,0,195.17141952351994,194.92309188472947
83.24177790794714,55,26.713285636456643,1,0,1,63.60455030189274,3,0,1,1,455.22786443944585,465.7952807203423
112.80336408709101,20,41.36163868905192,0,1,0,61.0738664679117,1,1,1,1,577.5481959601817,509.778768581976
154.45349099242762,120,2.968279805422269,1,0,0,161.22890126710843,4,1,1,1,648.2157654623833,637.70689793722
34.54282617094044,120,51.57849533894713,1,0,0,53.8009168039428,0,1,1,1,535.63954907088,477.89487913937927
84.41493667619086,20,6.1091520858241815,1,0,0,41.96845380257469,1,1,1,0,205.8960396283336,293.1413931909054
15.087076985645155,20,30.511068355103905,1,0,1,49.074158582682045,1,1,0,0,196.97622888665032,211.40846545913757
70.99158984761496,29,19.935432434521537,0,1,1,98.20577805511564,1,1,1,1,517.148983185199,543.8172018072199
129.35528746654683,55,19.45856532773583,0,1,1,120.09294394438278,1,0,0,1,521.2276105739011,422.31991349003397
14.349676044349115,29,7.203970872969483,1,0,0,8.061169391789315,0,0,0,0,29.387274129386782,79.10573675850924
98.3433519288928,20,73.5343692640968,0,1,1,85.01198033995152,0,1,0,1,442.0475144639031,437.5571186484007
202.01830242954077,29,0.9958126774662764,0,1,0,95.35775126176173,0,1,1,0,342.55289276282747,401.95178133264204
125.6298126738741,20,35.88374409717006,1,0,0,57.103450394180776,0,0,1,0,272.95902092624453,258.6276079145085
27.794299282815146,40,53.518720944063716,1,0,1,12.312050132516156,0,1,1,1,408.8272969856477,392.32554557746727
98.47469079629512,29,12.64924952506391,1,0,1,51.423489441757674,0,1,1,1,474.63981864978206,455.9908505760151
36.991459728736736,120,3.9613170032649463,1,0,0,92.0153230585332,2,0,0,1,405.27124613658617,417.3832582311866
21.14110503681302,20,31.04532105285655,1,0,0,3.494151300059862,1,1,1,0,259.86841991336587,232.131423338355
117.471800210104,75,71.37883318283676,1,0,1,89.97762026657111,5,1,1,1,669.5143073437982,605.4461466739863
20.928648249573563,20,16.92492985788124,1,0,0,74.17125824022443,1,0,0,0,102.84723814093519,170.93063133946382
64.71488928178724,29,26.626496733319392,1,0,0,48.04934419269287,0,1,0,0,237.6323532831583,202.43521181384548
11.24243332626182,29,4.792794676688463,0,1,1,39.46029220645667,0,0,1,1,307.7091127773554,386.7874443565466
52.54328726325188,40,4.763162237203621,1,0,1,85.14748199163643,1,1,0,0,244.66187072832747,267.973477986027
148.67054704415756,20,3.584071635980554,0,1,1,109.0533229511025,2,0,0,0,276.3066018730551,264.4644616717853
95.16711701199749,10,1.4281269025330883,1,0,1,59.437631698907225,0,0,0,0,119.46081121249136,157.7600786486158
64.89032333839441,55,13.726023049031024,0,1,1,80.8875041907535,2,0,0,1,491.7424184841147,417.87824409169446
74.18019430294764,10,1.9951020085116464,1,0,0,10.245832162479648,0,1,1,1,386.8665346656759,397.84436153214233
45.30708866144162,29,5.124335902403037,0,1,0,54.899343834154166,0,0,1,0,270.73139075367305,247.4077417771753
11.354178700250687,40,9.590764872388291,0,1,0,16.8441025278539,2,1,0,1,398.46360149724916,376.4883988166678
201.4723451242239,20,23.52516838127057,1,0,1,89.58740340074823,5,1,1,1,665.3568778587575,588.7234195514591
87.47320356277498,20,31.19658871285004,0,1,0,49.655706560440834,1,1,0,1,447.43278799880187,411.8165181884333
176.00787570189922,120,20.28580298760858,1,0,1,133.80260855803968,0,1,1,1,673.5807531121749,574.1219063377856
64.8034026004863,40,3.2909452616988504,0,1,1,80.96699893093061,1,0,1,0,312.72293620422823,290.75817839472256
110.99178200954299,29,51.30735894194133,0,1,0,53.74307410102394,1,1,1,1,565.2913307554405,497.29076219297536
79.77191893347081,55,44.099132883494505,1,0,1,65.8044679112335,0,0,0,1,336.4927674105479,342.8504021631146
34.71143302186265,10,29.36453064278526,1,0,1,12.85736996045998,3,0,1,1,394.18747358172226,379.8227324218174
62.27377125749339,40,5.71304923581011,1,0,0,68.05302850640696,1,0,0,0,171.89946832617935,177.69998942150727
135.32551709729955,75,6.838467822847505,1,0,1,110.20833219741465,1,1,1,1,533.1542840738718,572.0015560571803
173.45438536858035,40,23.025528252110522,1,0,1,57.55751085208968,0,0,1,1,383.50050794938085,419.3357715237565
28.63781214022238,10,89.82439930118343,1,0,0,27.61436849985342,2,1,0,0,234.536383162555,197.00738997046747
111.4988523508039,20,7.869820752208076,0,1,0,45.25314059883996,1,0,1,1,367.80880037416773,422.83825993822836
67.78778058503525,29,5.09354216645373,1,0,0,43.34925462244392,2,1,1,1,471.0256777058192,474.5585203426452
24.52457134591305,20,32.307670338793535,1,0,0,35.67735592001208,0,1,0,0,157.7432261599264,167.54251976862793
58.82235668713284,29,22.630197426797288,1,0,1,36.40432843054508,0,0,0,1,300.9104272886839,267.2630669980862
47.96085278743199,40,7.215324992251028,1,0,1,51.93981528630402,0,0,1,0,219.9174076928684,220.83295916883677
79.56692655558125,10,16.928718959561152,1,0,0,49.404512041155236,0,0,1,1,398.34931647320263,361.81655009707487
103.62062377982654,40,25.765540930194987,1,0,0,26.37302553730891,1,1,1,1,420.74560607115126,444.43183300852417
45.800465872040995,40,3.074755345986635,0,1,1,52.77256191309606,0,0,1,0,235.60946748474848,247.89000701361792
35.573985147428836,120,44.190080340587926,1,0,1,96.59633701379252,2,1,1,1,559.1546388944141,568.835909084271
67.85184429159226,120,5.282327129676928,1,0,0,28.695036471251342,1,1,0,1,379.1362779355281,392.1426800332766
56.68661841745041,40,10.867432177828091,1,0,0,31.658235063844153,0,1,1,1,378.27803828966694,416.5404264493695
78.87624462458993,40,13.804868229729296,1,0,1,60.59109475916154,1,1,0,1,416.2942721943415,405.0565438451276
78.2606026262595,29,0.8259631376423487,1,0,1,92.9548657406342,0,1,1,1,464.12411504123673,496.8825344155464
13.488393545541024,20,16.675431637780793,0,1,0,24.773570607762803,1,1,1,1,430.2816729110695,442.0984869394973
161.89291931529417,55,21.555278322689126,0,1,1,112.63877492786014,2,1,1,1,670.056146229814,617.2379681949691
128.45282575625157,10,3.0655674881616557,1,0,0,59.29679755037371,2,1,1,1,560.0897205114217,504.48497676406936
111.40994657257473,75,0.6350841046576787,1,0,1,52.449713790030884,3,1,1,1,550.8985614388884,534.1300403987178
47.9799379299984,120,11.214071383177702,1,0,0,21.67319610676897,3,1,1,1,483.80530167860627,505.8268471214516
157.30414203306685,20,1.8625698622501798,0,1,1,92.7392884677057,1,1,1,1,541.1631851320835,563.532544919576
171.07116744395694,20,3.8076196415171846,0,1,1,122.48366656591085,0,1,0,0,310.22794616009253,301.5817085154029
100.06662057679222,40,18.93871871142098,1,0,1,41.28007032371944,0,1,1,1,499.0129082620559,444.59647100084896
101.31584368399832,55,15.117904326382625,1,0,1,48.83601880295652,2,1,1,1,509.276372897483,502.5569543142749
117.99430843522924,10,20.604584447207476,1,0,1,62.51299691605862,2,0,0,0,171.43725393229974,218.32945489358352
110.74669515963456,40,6.920867525765525,1,0,1,67.76797861027151,0,0,1,0,292.58115559625935,261.7339483329825
109.2210318479949,55,2.60214241603575,1,0,0,69.57346409669854,1,0,1,1,452.7100701155758,442.4429411346378
30.69835707964979,10,13.848090052705512,0,1,1,71.50715790226491,1,1,0,0,214.4279958150197,263.16905923184686
70.51561546857764,20,23.370037364860785,1,0,1,64.01499219737421,2,0,1,1,336.3114511047038,440.45528368901404
350.0,20,19.060590639853196,1,0,0,113.3437177746104,0,1,1,1,603.8129701609146,559.4334288178067
72.24937395276349,75,19.564380834511898,1,0,0,32.14619385385822,2,0,0,1,341.1497523083249,349.1061250828124
11.087440754863971,20,38.311768993649096,0,1,1,84.46170973820786,2,1,1,0,292.75420969433276,362.00832344479977
74.06721072019016,29,19.86244157665305,0,1,0,53.84021552389442,1,1,1,0,356.52789048445146,322.47576176788704
8.132308867178324,55,0.33510189306575605,0,1,1,35.022587708138346,2,1,1,1,481.2175932502115,490.8376414784922
77.2913374527323,75,11.387492242368063,1,0,1,63.59607582239968,0,0,0,1,367.2824440500127,350.40262846854284
145.28648934480844,10,2.091911969211229,0,1,0,44.180658400715124,0,1,0,0,278.42199720272714,239.84113940764394
99.15209186663813,29,1.1784904800021856,1,0,0,49.785323046798766,0,1,1,0,355.79877563611717,290.43308246578215
50.846909775025104,29,63.56341772948995,0,1,1,52.61220772682914,0,1,1,1,488.32043903262434,457.9256681975439
105.1898020655106,120,9.360138797493228,1,0,1,47.884746531062504,2,1,0,1,477.6246647039767,435.62455790794246
98.85380201602219,55,4.404192208080038,0,1,1,89.31191649414703,2,1,1,1,540.3353147607357,578.1165975198301
39.04674461429275,40,9.402148051840687,1,0,1,15.08035832675948,0,0,0,0,106.97799400915864,103.3803097041972
55.13752090977923,40,14.979469340940492,1,0,1,40.61679736590298,0,1,1,1,408.75501319475757,419.3695897374827
102.03113113938115,55,43.228285343882234,1,0,0,55.1847902272277,1,1,1,1,503.19664341651134,489.08234545759683
17.165899344649112,75,33.82271362032224,1,0,0,26.35961057559927,1,0,1,0,292.03657624257,213.51993214125076
89.96533533746647,29,14.666825205594122,1,0,0,54.64112418383968,1,1,0,1,376.8962444897171,394.3184609170062
49.64146496465679,10,26.204285981018444,1,0,1,4.615064039370381,2,0,0,1,215.01172774448622,300.77196383717643
54.82091027066412,10,14.07956319855866,1,0,0,23.732707582300822,0,0,1,0,71.86381663336236,165.26373243775575
77.15325979148236,120,2.9399108383916013,1,0,1,75.86073221781449,2,1,1,1,617.0114180518401,559.8776475926353
78.30352088141701,55,20.513078920549212,1,0,0,32.45709458204603,0,1,1,1,479.5201964012815,430.9416131106212
149.0620211235408,29,20.47601301574198,1,0,1,82.63328210051553,1,1,1,1,479.8849670054165,521.9495049773204
66.14625992521418,10,21.18230225318003,1,0,1,54.901512210014985,0,1,1,1,490.6040074624026,431.46284699838156
18.21845550219394,120,26.47432716549852,1,0,1,49.17852948344637,1,1,0,1,301.70022270810017,408.8815194078975
92.4810666185443,20,18.823943085980925,1,0,1,37.42331805374337,0,1,0,1,376.2159387612346,347.50919438987546
205.64475150639444,10,1.3885980811063747,1,0,0,43.645075304856206,4,1,1,1,571.5522843020493,511.5960289717914
108.55737359397912,20,4.803960019300416,0,1,1,75.35182963843334,0,1,1,1,490.7336537783843,507.19539387188775
27.593976930818428,75,19.755217447071544,0,1,1,81.8032828747284,1,1,1,1,562.0189587072459,543.1899633697343
220.6003193508172,10,32.10185440716013,1,0,0,51.47471027328418,2,1,1,1,557.6691935718031,507.99899364502704
63.33801492867291,10,1.4989566068497213,0,1,0,33.73935226953249,0,0,0,1,337.6899647014396,304.46906068957117
98.48827070880512,10,69.68174159365695,1,0,0,43.436530501149434,0,1,1,0,309.68875486841955,280.84583829142025
30.075264165596334,120,49.190244217334026,1,0,0,72.09172192621438,3,1,0,1,561.6120603618137,485.1616546774088
153.3893227199738,75,3.9220631601564144,0,1,0,67.92785642745459,0,1,1,1,468.6669275147503,541.979891201057
27.07794063376771,29,5.698070365395444,0,1,0,77.11198886642785,0,1,0,1,404.71390541067655,408.68483419029224
210.37136220151984,75,49.12693680889533,1,0,0,75.54558530801415,1,1,1,1,548.9307022446153,550.9456348167438
46.17151616274804,20,6.67735949170931,1,0,0,42.79202693077861,0,1,1,1,392.4584490932216,422.48848163512804
92.44006478417069,40,28.779916840416934,0,1,1,34.71168677246352,1,1,1,1,511.0594041277593,469.92387238921026
97.18934420518217,55,1.042403513567272,1,0,1,75.47260402054586,1,1,1,1,542.0484058668588,513.6211669009962
62.927502253672884,29,4.884452238333767,1,0,0,0.0,0,1,1,1,428.1368059598624,394.27419574345095
69.46741200304209,10,0.9084946565009306,1,0,0,32.650027604793976,0,0,1,0,87.37317461500716,193.64049278243226
57.1568512554514,75,2.5443756581706505,1,0,0,56.48931887036975,2,1,0,1,445.25670059406673,432.11665765290184
72.23851550965365,55,11.272981538929965,0,1,0,40.777243251651726,2,1,1,1,528.0468494740935,505.39075256061585
47.56880396379674,40,7.144540636934706,1,0,1,34.51554101494508,2,0,1,0,225.23771100887865,246.1768973935112
43.82847863254352,40,1.6406516069964392,1,0,1,17.78552589090905,0,0,0,1,168.0949202980463,269.5645633632347
13.205278070001079,40,0.673440266719487,1,0,0,2.1973351694035763,0,0,0,1,246.2470230981256,259.31563274514514
56.38443135477695,10,11.796650925715632,1,0,0,68.4115030280399,0,0,0,0,99.50241779058345,157.9737503993296
42.190521260457174,55,6.240223818592293,1,0,1,93.69093265219567,0,0,1,1,410.3840868245782,441.69530969949597
82.19068572241812,20,11.190693179227923,1,0,1,11.322842362079967,0,1,1,1,328.37227200325697,403.606370288383
36.60430658208931,120,33.11985997998872,1,0,1,67.65498898095966,2,0,0,1,490.28330369537497,404.2912580198345
44.07368347877279,75,13.516258496690753,1,0,1,64.03547480664561,2,1,1,1,500.3679008462887,528.4871603695577
69.69990505283688,75,9.440872961554987,1,0,1,89.9503922567732,1,1,1,1,582.8644460308095,529.8875532826105
26.694126350228885,10,28.179178298654477,0,1,1,8.61846682661323,3,1,0,1,429.7457755549263,376.14387467689795
55.64484974873622,29,6.50852461014567,1,0,0,64.27569067757474,0,0,0,1,415.57373151794224,320.60009383757904
146.03488101057192,40,11.951593267304538,1,0,1,68.29585312731078,3,1,0,1,507.221785732476,468.1886200690197
27.990028812707564,55,0.4134136465784045,1,0,0,66.42142066533874,0,0,1,1,379.9277644597296,415.8100915798613
325.21752178742634,20,14.360436229187526,1,0,0,100.56372485626339,3,1,1,1,726.7008863685221,598.1131294009342
111.28064679460262,55,27.94101983658915,1,0,1,85.80490432245944,1,1,1,1,617.5602076887756,526.2172610666356
54.08649949074746,75,9.4305415245054,1,0,1,86.82083395122982,1,1,1,1,547.0856322595504,527.5783314568496
77.91209452976943,55,36.67520083138698,1,0,1,118.94127854963469,0,1,1,1,515.5383860745093,518.1757359543188
33.63294244315056,55,14.07496587512771,1,0,0,25.89422982416265,0,0,0,1,217.63644821413442,277.37285910910146
29.947857492548707,29,0.36670361858198,0,1,0,39.86268078855964,1,1,1,0,301.2159101945711,301.09015243221614
189.9818531150803,75,0.0024999772095341726,1,0,0,112.18859349397053,1,1,1,1,646.8099520285431,580.8271868812282
42.79817490872209,20,18.505382701433636,1,0,1,42.914911349851174,2,0,1,0,232.38624493265664,241.02772168111196
52.98377695693098,20,50.78963703900545,1,0,0,26.674945528825788,0,1,1,1,446.2175218295571,401.9827302592477
48.781198812966906,29,24.701176280715753,0,1,1,82.61917934938523,0,0,1,0,225.89170831082743,272.8195026385423
48.416339391115756,10,4.977350779927968,1,0,1,34.92886527142543,1,0,0,1,325.6224750635294,287.8875025403087
40.914573017823976,40,6.496653174580311,0,1,0,52.86655933189334,2,1,1,1,500.64170697409713,507.5477749868034
66.40229605991222,29,57.68176311205586,0,1,0,78.83206394000734,1,0,1,1,458.3750658060263,456.3116797520308
35.16122759156281,75,12.70993181382918,1,0,0,34.42159851919468,0,0,1,1,353.1375459114304,374.3127359573897
38.762375835231154,40,6.192064918945058,1,0,1,14.313256968014876,2,0,0,1,351.57222873026103,309.69614072845485
26.072061855583275,29,6.622255678192158,1,0,1,15.381486444944322,1,1,1,1,498.52920566168524,415.89218429772717
102.08540241185094,75,5.913495147088293,0,1,0,62.873690761293574,2,1,1,1,556.4380697175221,559.975430954643
103.14299763426034,10,2.416324404970506,1,0,0,69.28303555575867,0,0,1,1,355.1086670496525,411.1724937857268
264.82465431850403,29,43.87313587678349,1,0,0,45.32311254151078,0,1,1,1,513.8533910223284,466.87047490890785
25.910619082608353,75,13.166245389012426,0,1,0,68.47345215134618,0,0,1,1,388.8585956871843,447.4718507782922
23.981252495460293,20,7.206156875843952,1,0,0,44.601091867321045,1,1,0,0,144.456671055354,206.7622359694336
309.2132900698907,55,14.16564137685183,1,0,1,164.23681975195737,2,1,1,1,700.687533550675,610.9478954957652
9.025841332124788,20,2.618124804176689,0,1,1,47.542411287172854,1,1,1,1,531.8907267582989,462.7527152655637
36.52592929380337,75,0.061494720222800024,0,1,1,90.42133297318172,1,1,1,1,485.36708953612833,555.6939711623037
90.27756218331191,10,8.370162938167127,1,0,0,121.64889329060706,3,1,0,1,507.03108504244307,472.4676846169533
84.41440275745799,20,48.57440484676155,0,1,1,56.88236757751732,0,1,1,1,495.9793171275538,478.2428536121474
15.434714935839096,20,10.35102281719912,1,0,1,38.0654296689835,1,1,0,0,224.12907991232464,187.6333709445061
108.66243539395842,29,31.003036235710596,0,1,0,39.29274137863865,1,1,1,0,350.7159724473472,313.2715946847131
86.2388672879574,120,15.22205558802579,1,0,1,64.20538664907953,2,1,1,1,657.968383218937,553.1454973693956
114.60255094919775,40,12.16134111027557,1,0,0,66.60507014311627,0,1,1,1,526.2670148236643,475.5286026458305
105.92284711091544,55,5.865535968075316,0,1,1,79.05926401010524,1,1,1,1,555.5457086661601,541.1567702298877
64.30371581838143,20,5.655470365494004,1,0,0,27.454140960554078,0,1,1,0,247.24851152081925,236.76006916218364
20.518051146290706,40,24.725822654244002,1,0,1,72.8503793042265,2,0,1,0,239.64582694422228,284.5991114363297
222.63695103200988,40,26.98275716176043,1,0,1,89.98289874863968,2,1,1,1,590.0691262548409,577.1550624417807
8.894007707840357,55,4.086009459565514,1,0,0,11.102051714405384,0,0,1,1,323.1712619765207,347.55446485703163
41.140676632268836,75,6.616053734602818,1,0,0,58.49624697904966,3,0,0,1,456.0779072353956,390.137422696393
61.31104971348842,10,36.75793847672514,0,1,1,51.87830994677854,0,1,1,1,491.7119806147994,455.99683725386404
7.430196331566565,55,26.506144702894034,1,0,1,70.1025778092129,0,0,0,0,121.34913643533797,178.30134773807254
134.32304885181745,10,4.936741027216476,1,0,0,57.47878059691393,0,1,1,1,450.9044068127649,468.16282878830134
72.98146522675741,10,4.454569598121749,0,1,0,29.95672106614524,0,0,0,0,132.35303812325603,136.5738508600175
38.24575582982959,40,0.5211188914530013,0,1,1,90.54138991139075,2,1,1,1,586.2249523644127,555.0626594978381
38.95861705837777,29,6.83001097285057,1,0,1,63.428034500254995,2,0,0,1,346.90852304487026,364.53665612652946
87.520866537879,40,24.163676585532084,0,1,0,38.450627579036876,0,1,1,1,423.1719970472967,454.83077996498815
19.982655976914998,75,5.605087531902898,1,0,1,44.53641112556872,0,1,1,1,449.35580767078005,448.6329997074731
64.92395372620345,29,58.96442557179377,1,0,1,60.042242586436174,0,1,0,0,237.10239957586182,212.44801973292678
98.56695247691702,10,11.5086922009133,1,0,0,58.63124809522813,1,0,0,0,281.332353609049,171.4582997141997
57.04025591658285,75,14.091013124252223,0,1,1,68.38540612051628,1,0,1,1,509.67750460956984,464.6168933820318
203.347909009919,120,36.818620717181894,1,0,0,122.26474851812861,2,1,1,1,611.4455290514013,615.3347265401898
52.63218686867158,40,13.804054313360236,0,1,0,53.099559317906454,0,1,1,1,493.82505552173416,463.9360821414758
24.703566923279872,10,0.431606193347563,1,0,0,19.184021340596626,3,0,0,0,179.58309370885877,149.35299041378187
37.9026170989303,20,14.65122655070676,1,0,0,24.731323677440912,0,0,0,0,40.3955697354364,96.13635395119064
49.73271791912173,20,37.97007137531501,1,0,0,25.392595317373882,3,1,0,0,229.58442355958758,210.6668698013075
25.347836372561797,120,14.365452395485164,1,0,1,49.799905958823615,0,0,1,1,410.33920612059376,393.82353028502473
115.06998770139009,20,14.013067961775036,1,0,1,33.15568232058596,0,1,0,0,216.0063219470326,191.70484314982718
48.46634473236967,120,11.436129959563683,1,0,1,54.485653889664626,2,1,1,1,571.9984045272503,519.671280674304
69.40097012864501,40,43.253270662084084,1,0,1,95.57085615702456,1,1,1,1,453.04710658328776,511.4019199548799
92.28677969501231,20,30.983994819290537,0,1,0,78.02799947389704,0,1,0,1,505.00250414820925,425.2319578860691
43.949856663288216,20,12.347844015741558,1,0,1,18.435939920469888,0,0,1,0,226.3098797185387,162.5129112504486
90.8442857271511,40,14.917517265979484,1,0,0,35.40963625949631,2,1,1,1,457.15551382338384,475.0023798152199
67.30051984215068,20,2.024227348610862,0,1,0,38.75920523752027,0,1,1,1,431.4359951414919,447.6507382369305
132.19746807718636,120,7.356865371204323,1,0,0,113.98846434680586,1,1,1,1,565.1017813562781,578.1388157596268
10.1108871786052,20,3.6803525356405755,1,0,1,35.38155090252373,0,1,1,0,209.38364473733986,240.67230370499345
123.42481841657026,40,9.774430239534881,1,0,0,83.49562513692588,1,1,1,1,506.11226052318807,522.0569851528969
131.92624932125275,20,17.248174648029245,1,0,1,75.21015221288883,2,1,1,1,506.5025220392762,537.9879845555469
93.06874015244918,29,20.788130578917958,1,0,0,42.91657236404082,1,1,1,1,400.61094918258163,455.664726697335
36.181448385734996,10,28.948839719770074,0,1,0,5.872650806264851,0,0,1,0,45.22193974215867,182.0847314655216
98.39215005246695,20,30.826947338748354,1,0,1,66.04372481306638,0,1,1,1,487.42936283236395,470.06005018491044
105.46467195722332,10,0.06533886359601558,1,0,0,58.91124578381353,1,1,0,0,205.75016041685748,245.7445953515262
102.15152503856046,20,17.83866778327781,0,1,1,94.46726271176922,0,1,1,1,503.97574954933475,529.7779803350168
75.75965906255581,20,10.754418481916778,1,0,1,51.95976655839468,2,1,1,1,535.9893668032047,485.3649558881931
46.246192010337424,20,5.64968199275273,1,0,0,73.89123633264991,0,0,1,0,237.23996967720268,232.51627192062506
6.658193912578388,40,11.706670996131233,1,0,0,15.329644057774892,1,0,0,0,51.29218893820655,108.4517635833407
39.38992650243926,10,5.6983126328180225,1,0,1,35.54020992763444,0,0,0,0,92.38342200121815,108.23273773317284
158.2467569792781,120,3.668564646776912,0,1,1,163.7525259347605,4,1,1,1,807.0522178266699,647.0334180175705
126.71403874135784,20,2.5962833079446996,1,0,0,24.04201143782648,0,0,1,0,138.5818391248264,208.9051003074008
10.538113107871778,75,47.45088598665069,0,1,0,73.04677897378279,0,1,1,1,460.0719758276555,516.1164408524173
76.97871449376741,10,18.553209009526974,1,0,1,71.62733914855565,0,1,0,1,446.1768933711922,392.2487300891413
44.0868770389092,120,20.22778339811393,1,0,1,67.07373212758296,2,1,1,0,462.1350089174447,369.87995185479355
137.11376784527465,29,16.411666529469684,1,0,1,105.57787044057736,4,1,1,0,425.23184098662125,404.7421576790337
114.85532519257012,20,0.8879031892726976,1,0,0,74.02803049020856,0,1,1,1,407.8658592722187,481.9750514752678
61.44967750699176,55,12.078128554284394,1,0,1,80.84949411430846,2,1,1,0,367.25599849398554,368.22075192756733
70.4321753157899,20,13.40694240837301,1,0,0,2.0852958675843496,0,1,0,0,131.8808116496996,160.005664977762
10.353739486747926,40,7.654117716605724,1,0,0,59.99159946489963,2,1,0,0,226.6901140545699,245.16695091282764
181.4593906070985,20,3.184828656173315,1,0,1,105.7371215296113,2,1,1,1,547.9747912954284,582.0675229637317
95.11441760497274,40,0.462555781287032,1,0,1,88.55035199518373,0,1,1,0,330.01928104295104,338.3376210299634
42.35553910095828,29,5.566734370289451,1,0,1,44.18484559801306,0,1,1,1,447.29067700364556,421.70859847090173
221.7528893526504,29,6.555125715813778,0,1,0,44.184224436071865,0,1,1,1,489.68871194694765,483.70523194514266
73.3053098456658,40,6.976416701510351,1,0,0,38.906888091523186,1,1,1,0,283.3252601516586,292.950307812755
128.40588767129273,120,2.8073121881236736,0,1,1,132.96766486533096,1,1,0,1,582.0994151893605,495.8524423071244
97.17007113451051,40,23.498494179069667,1,0,1,86.54117934455972,0,1,1,0,341.3978321239854,333.33721129584364
47.06368488067168,75,11.368210056245731,1,0,0,54.778771361796686,0,0,1,0,175.2767601759565,246.1872578991296
242.0941996977809,29,5.352940568514665,1,0,1,94.51827617777039,2,1,1,1,647.442271010985,583.8614530662802
111.71302206843153,75,4.324069201211053,1,0,1,87.17172140722577,0,1,1,0,338.4212726633181,370.4459157651299
96.63232956027099,120,4.785559295109982,1,0,0,92.31111811840789,2,1,1,1,607.2063576570754,577.8473218978205
148.72846089894585,29,1.7543170505307282,0,1,1,57.82424501291788,1,1,1,1,532.5627633480661,506.8566437600495
7.481495135471177,29,20.736715110799746,1,0,0,33.92870095523522,0,0,1,0,157.3201264760241,183.6500359118787
87.59272483249592,20,8.722782209948694,1,0,0,55.491167179395426,1,1,0,0,124.35821903499497,237.03472868388457
92.49460691397749,40,1.6419508840952395,1,0,1,29.110448739508684,2,1,0,0,167.41976202150067,236.00125059495238
49.928139612797025,20,4.674125094299072,1,0,0,24.713046000839306,0,1,1,1,384.7876636074225,405.27724062157176
29.861444680203032,75,6.247416851677397,1,0,0,22.9457087680641,2,1,1,1,429.3978163977797,472.038017145161
108.53079945729498,75,12.302811715575723,1,0,0,54.51600405963709,3,1,1,1,532.1748150043019,536.6959146603803
63.28256983677414,120,26.56348998549275,1,0,1,89.45690903687554,3,0,0,1,386.37016506434173,431.67761505006814
45.76617806321947,40,8.591983166519329,1,0,1,25.881166414871586,2,0,1,0,225.0975278065005,229.85138587702494
82.24943458116547,29,2.638989642546196,1,0,1,65.75402044635213,2,1,1,0,347.33030394020875,348.61408539855523
69.25238547142543,20,23.793044940439614,1,0,1,58.327533942282926,1,1,1,1,473.5487181916866,458.0864345018235
113.10133281651328,40,1.7857701677016966,1,0,1,95.97881175549088,3,1,1,0,423.2901387297554,396.606629964649
49.3484185190707,29,33.95679196234501,1,0,1,75.19102801994705,0,1,0,0,140.81956925516045,225.88797313173626
107.51751669010432,10,8.108495107693404,1,0,0,42.95793203889114,1,1,1,0,263.4183361284241,298.9089717263339
122.12141471019893,20,5.530507388380503,1,0,1,88.2335159670819,2,0,0,1,428.4594677878752,407.480932427408
86.4956200477147,10,29.542923614036404,1,0,0,46.69232314970759,0,1,0,0,239.65440420724957,203.32516178042567
31.911156692686728,120,1.9017786939476746,1,0,1,53.2438605373784,1,1,1,1,550.5582842054662,490.0181889176361
51.80061448490287,20,7.297502885331378,1,0,0,33.06787078941163,0,0,0,0,108.13824780774274,112.13355920482807
87.38511258268439,120,3.4873619391420703,1,0,0,79.45349996993488,2,1,1,1,538.0998904048008,563.4157288705045
30.494818197965763,10,0.13516830574245114,1,0,1,50.181158860772975,0,0,0,0,124.0633425029928,122.3469358758875
14.399941576854468,20,21.155328213122836,1,0,0,37.296345865427675,0,0,1,0,124.7629961510809,184.58515135948068
126.77399704335154,20,4.756666347812728,1,0,0,38.16483347895727,1,1,1,1,462.25322371574595,459.07998465421804
57.50011684353836,20,6.183860253033424,1,0,1,50.21636748439373,0,1,0,1,264.6643110012941,357.27139710965656
78.0335837118017,75,4.445976608571596,1,0,1,122.78566974882105,3,1,0,0,375.9575092647862,330.6643025158361
21.28189744615395,20,17.456482744211833,1,0,0,0.0,1,1,0,0,155.53508448067262,161.7223748709807
101.14784742557161,10,6.565579099192727,1,0,0,36.050475224170235,1,1,1,0,329.94249350335645,283.75587962248045
88.32484614793276,29,29.171924964938015,1,0,1,66.49434850093436,0,0,1,1,415.7797525838934,408.7478239662305
32.72740125132722,10,19.43462494694298,1,0,0,35.67454084217319,0,1,1,0,233.65198550042933,243.89043852399064
54.2100439582841,29,13.346415454894883,1,0,1,40.43331426319895,2,1,0,1,417.8802351727815,379.8836121655034
59.68286754199484,40,23.160523890173295,0,1,1,97.17080186177759,2,1,1,1,478.67170741116104,563.5812407616187
27.112942255589793,20,9.517228723442711,1,0,1,21.584277772222265,0,1,1,1,354.88237670575165,399.3151363696312
205.82647345541358,29,18.812524774241346,1,0,0,59.77323103619635,2,1,1,1,468.34050867394205,521.1743232584058
23.397004694433246,29,10.053454580103116,1,0,0,55.76516291648568,0,0,0,0,57.353396572124126,140.09056668256432
15.268839474375193,75,10.576667286525279,1,0,0,0.0,1,1,1,1,386.98453276473714,424.9530686641466
92.64245630881229,20,40.191543676782594,1,0,1,59.98005923197034,1,1,1,1,410.57618664825407,477.5978457544871
63.82501606300821,40,15.045718186078927,1,0,0,41.167470786617905,1,1,0,1,336.9814074624684,376.83747296347525
98.40864295603086,20,31.830910797180913,1,0,1,29.50579741209509,0,1,1,1,461.13599631591836,426.17304373905705
40.480271525004724,20,21.287903079944,1,0,0,0.6933569930439845,0,0,0,0,136.5117687151864,79.9245871123703
60.717718115478135,29,20.514407900496995,1,0,0,20.34768390256943,0,1,0,0,119.42444304846072,172.17953228424375
92.20406334285813,20,27.75129783031222,1,0,0,40.52065965832175,1,1,1,1,450.6228699512425,450.289928277064
198.95139794809148,29,21.28837324822198,0,1,1,132.4594570896191,0,1,1,1,537.5663485440157,589.5544497771128
114.02971357536055,29,7.591888098203134,1,0,0,41.55709962845237,0,0,1,0,175.99967055656097,226.13710830491735
15.095530469986045,40,20.954592980183772,1,0,1,46.5174833179112,1,1,1,1,374.0900116075679,437.12524898783283
54.47543118583202,29,16.40991283436993,1,0,1,77.80741878204444,1,1,1,1,389.82236834092964,492.4112746755002
56.854393150032706,29,3.873713293150004,1,0,1,50.058119080983786,0,0,1,0,174.6555735829119,212.493670343266
119.55720465137316,40,2.7121656503392253,1,0,0,10.299849145721431,1,1,1,0,308.36558679498285,273.41215829398345
152.08684173708994,55,52.08071228278095,1,0,0,60.79922642045056,1,1,1,0,302.1731796790876,347.85973439113116
39.91782817657928,20,1.7873517398243781,1,0,0,63.87775000098053,0,1,0,0,87.10617892834377,203.0976148816272
16.29504514943743,29,44.05824544509801,1,0,1,18.801298500238072,0,1,1,1,349.6449440336152,396.41664195529086
22.55595714604763,55,12.671521352873865,1,0,1,49.14022546702708,0,1,0,1,401.9382815869573,360.0989666136013
103.4568908937434,29,4.831080417389067,1,0,1,43.615787357894405,1,1,0,0,228.0311982068634,237.17736118867808
158.11143089313285,40,62.74093143277833,1,0,0,56.37082191346532,3,0,1,1,485.46427764254486,452.8857471519724
55.12337116479182,120,1.4071107035894617,1,0,0,52.23305163685148,0,1,1,1,479.4604604870734,473.17862764775685
129.5971989521438,29,28.269825553811835,1,0,1,76.46112943403395,0,1,1,1,438.0757215813531,491.2186424866444
13.551046835707083,29,3.122345948957735,1,0,0,77.33390308054118,1,1,1,0,359.88211240274563,321.1510973173835
37.90008858554358,29,8.398620810965665,1,0,0,29.66242040073557,1,0,0,0,28.700220346081437,128.25657061478068
38.81726256721747,120,22.915677911043105,0,1,1,96.16051315590545,0,1,1,1,609.6942089937405,551.845335572334
78.72499925293714,40,1.9426648078255644,1,0,1,57.30707607479738,0,1,1,1,390.80282487759314,447.12219873449794
341.2594531454438,29,2.3351448641106853,1,0,1,125.33768628891923,2,1,1,1,639.7621380143366,596.9378590965598
151.49800202223253,75,5.011068046312505,1,0,1,112.75964206307421,1,1,0,1,465.427777151051,484.9318646411422
36.20986873000249,75,10.679183461414576,1,0,1,28.723619790529423,2,1,1,1,506.9806141873236,477.1078312760156
124.55238200113399,29,4.354696795583337,1,0,0,32.963251594870954,0,1,1,0,307.5205129397466,270.6310005678183
59.08472448509471,55,23.913418170633186,0,1,1,75.92692085596177,0,1,1,1,463.7420122983533,504.9841841900476
31.657577333603815,20,3.398059293061026,0,1,0,35.285359805830126,0,0,0,0,109.9028151598152,135.23569600031874
101.69668734870775,29,18.522074373135634,1,0,0,44.09417852514109,0,0,0,0,128.6448288917783,141.10164567716498
126.88964968526909,40,0.6862357759638777,1,0,1,60.58078482475335,2,1,0,1,450.89220468828165,438.8159807181756
127.05736409640757,29,14.414181891024754,1,0,0,49.78138870427977,2,1,1,1,480.6725889804907,499.4918631150479
80.77608147919152,29,8.557253155695474,1,0,1,46.969815083231076,1,0,1,0,237.91304322964805,235.16096412033372
64.6474093207159,40,1.9413998373907957,0,1,0,83.87754180635815,1,0,1,1,402.41963395050414,468.587023211498
141.05535916844008,55,11.632687635893191,1,0,0,65.88474271813266,1,1,0,0,374.36550008944243,274.2221757301537
106.22142839095586,10,14.389847579343199,1,0,0,61.18731796138463,0,1,1,0,237.89754215643416,302.1426920411355
16.73947078297859,55,43.57490705397398,1,0,1,55.801255635111204,0,1,1,1,449.11248067503914,452.9253092624109
155.77304809676335,20,5.391687492759324,1,0,1,69.56810280810764,0,0,1,1,383.77670740375385,427.37858712258736
30.977284023980697,75,4.031257877485435,1,0,1,41.79892401622776,1,0,1,1,427.97207034826124,391.172433437164
19.179213300338866,40,7.337036478209465,1,0,1,13.82834691944388,0,1,1,0,182.96604900855795,224.8187547262372
103.65922845628941,20,56.25225795715272,1,0,1,53.971883131293524,0,0,1,1,356.1983324448308,390.1195808114571
30.362122063886787,40,1.0854001017912305,1,0,1,30.64819457055942,1,0,0,1,321.43853340638816,294.99661210824564
35.19345959816943,120,1.7651180291453519,1,0,0,64.71324313771325,1,0,0,1,392.77038360511443,362.376900118068
75.03729248517291,40,21.61214333778785,0,1,0,73.3192763002165,2,1,1,1,519.7652039671633,546.2395963758685
29.712871577507904,55,4.612282394180766,0,1,1,0.0,2,1,0,0,117.26590824991919,220.1200946672832
54.15232324782318,10,3.863116534545753,1,0,1,37.16231052865756,0,0,1,0,99.2475067234224,189.82757654258685
48.70210919950761,75,3.3591010674361024,1,0,1,40.05745026218284,1,0,0,1,347.54710564464233,313.8157185993662
86.64480918010018,20,10.528922107540362,1,0,1,73.35366378078743,0,0,1,1,382.1095312414477,410.2996888739439
68.40964467066075,29,18.15711353460831,1,0,1,102.95808271858965,0,1,1,0,299.96231590450714,334.14235498744284
20.921797603505087,55,5.4541501307782,1,0,0,39.05028948861396,1,0,1,1,363.1625795205301,384.01142276293604
58.73726438240734,29,21.722745828109876,0,1,1,67.02803314772326,2,1,1,1,490.68176911387286,537.4315037944709
77.35421936270546,10,6.292200357921933,0,1,1,63.876923135186566,1,1,1,1,412.1927236404092,515.3183529428281
226.92181052789965,40,5.054621523640226,1,0,1,97.2284204970017,1,1,1,1,627.348298522935,561.4112299842972
34.641447357119645,10,19.37724642840271,1,0,0,35.17819170031049,0,0,0,0,96.7757783607972,106.92660227851923
3.010215359113939,20,14.456688023695964,1,0,0,42.357966308583784,0,0,1,0,169.61436513376762,185.0025616397966
56.025976118719946,29,51.42317324507611,1,0,1,31.03487495979135,3,1,1,1,504.33174924109335,467.26893956697296
15.729697085478884,55,7.723302379938036,1,0,0,13.05119012611306,1,0,0,0,154.75094731766083,114.13991567325911
52.285913145996034,120,1.4546824662290272,1,0,1,94.4838780348586,3,1,1,1,655.2379249024245,597.1384367458479
96.68602294601097,20,43.27507886838586,1,0,1,42.65220982009038,1,1,0,1,454.5547259294565,376.6354761048046
108.37393499847704,29,62.30286826710485,1,0,1,84.80645536907704,0,1,1,1,520.3621529873149,491.5442663828804
71.33031992057495,75,15.611905264635997,1,0,1,67.4905522573133,1,0,1,0,252.35132858220416,281.4646601197155
86.99883619992379,10,18.130638950493626,1,0,0,62.896543199935266,1,0,0,1,365.7921721357772,341.6033648129392
110.99250493108829,20,3.7672934058604306,1,0,0,34.27723931153342,1,0,1,1,332.3528352376422,395.95746230178304
208.17363798711622,40,17.82091576289903,1,0,1,108.8005512489051,0,0,1,1,456.11127015687316,479.3946206823659
79.19576610126065,20,7.311537427539984,1,0,1,51.88408491360618,0,0,0,1,299.8657563632503,303.9709435451412
89.15796548044054,10,0.9708789841306936,0,1,0,59.27481994549822,0,1,0,1,406.2114271248066,397.18260115911005
148.3467358893644,29,25.25801423060461,1,0,1,75.84158438118794,1,1,1,1,474.9807966150986,517.057148333337
70.17875930291225,75,4.194338178221689,1,0,0,82.23449783387505,3,1,0,0,351.09115684121434,320.9535757079844
21.908471213544786,75,29.134391565573942,1,0,1,65.53426932630458,2,1,1,1,501.56179145650293,530.7628938142734
51.237312281756914,29,6.084391659522891,1,0,0,25.66330122507061,0,0,1,0,144.17985545479422,171.77797260454227
47.82370395418262,29,8.649166109904995,0,1,0,59.97928061476287,1,1,0,0,314.97717590450554,263.80468290110105
94.40044445777855,29,0.746712320547039,1,0,1,90.03517038468593,1,1,1,1,509.58855183214195,518.4849999662312
87.76335724854323,29,32.415492386466035,0,1,0,43.65300884913671,1,1,1,1,527.807117989138,474.242408258067
43.232989513753026,75,9.960071260541364,1,0,1,77.21905477121453,0,1,0,1,318.73313288831696,420.6154846407341
29.86589369969011,120,4.831346536014759,1,0,1,61.21344923152413,0,1,1,1,420.8111300228207,489.8083801042152
41.74719229747317,20,12.5721335251954,1,0,0,7.49773101053578,0,1,0,0,142.6185158347783,150.11793836920518
27.306490880196232,55,4.461916690982777,1,0,0,34.068920682124535,1,0,1,1,388.05828977282425,382.6584233557139
4.453247360784087,10,3.5877636861706503,1,0,1,43.69232439588856,1,1,1,0,282.80414175000686,276.5545378813226
25.42695365659473,55,16.083096741819737,1,0,0,57.2749946737827,0,1,1,1,453.60429704962013,454.43310607686414
35.55164401045252,20,27.386315392984727,1,0,0,22.795827271778634,1,1,1,0,209.93301296692997,251.44395355955538
173.4806068694581,75,23.294023659189705,1,0,1,120.16331053671608,0,1,1,1,538.7165087533348,568.5195717578433
145.22939955178117,40,38.50213779852837,1,0,0,46.30717502006059,2,0,1,1,457.7746532343502,439.75192649127496
78.5584525968698,75,47.065428361090454,1,0,0,63.700329580194385,1,1,0,1,452.44936761760096,431.13754577083773
52.81579581756228,10,75.96704395743701,0,1,0,60.381226898646396,1,1,1,0,364.5498541187268,332.65632981605245
142.25138731395248,120,12.319088191482095,1,0,0,68.10076825135727,3,1,1,1,603.7363044630605,590.7353770560329
76.00586885720824,29,12.30508392394095,1,0,1,55.96142515400818,1,1,1,0,272.58595682564226,307.52754132749664
112.68242025959626,20,6.199883257348381,1,0,0,15.301519579588678,0,0,0,1,237.26790489228972,285.16175045238094
83.19973656489157,40,0.43884064086512287,1,0,0,29.658075599592415,1,1,0,1,351.9420182732944,374.3581762594673
42.4203088701626,55,16.656607549341068,0,1,1,72.58716025948416,1,1,0,1,408.3911610335248,435.41968101778235
82.69130167504504,75,43.09533304340924,1,0,0,61.190682819881,2,1,0,0,227.59646531418917,293.82026489202053
40.12777624139637,10,2.6842534524169555,1,0,0,37.37368204590973,1,0,0,0,188.5069102707909,125.87168900330425
43.06465346068478,40,35.0331219359435,1,0,0,49.89650808618575,2,1,1,1,539.9844726941174,476.783344838651
38.016667542613,40,10.865288660603833,1,0,1,42.2401596833298,0,0,0,1,281.64938200142115,288.8316312964799
102.63043063824855,55,21.01846364158871,1,0,0,44.89285249489161,2,1,1,1,464.1765880811912,499.9298812491459
76.72376514620731,20,22.45591959508626,1,0,1,8.11540783247424,1,1,1,1,445.7682702317846,406.78951520248563
104.66432394574656,55,0.7184975357199447,1,0,0,29.237964715467857,1,0,1,0,148.5947583664875,246.91101258970127
74.96764553503695,10,32.57950218870931,1,0,0,31.741477550957455,1,0,0,1,333.4886113226819,296.51623210538924
17.466323027595028,29,4.8164588787195575,1,0,1,24.326697784549754,2,0,0,1,292.3831685568548,308.3060414882841
50.717208715659616,20,9.730888508779469,1,0,1,30.608936248132686,0,0,1,0,186.81721917758554,180.39848761569354
48.62573512660962,55,4.356618512227281,1,0,1,63.973611156282146,0,1,0,1,361.10767057737064,383.09277213850595
51.82115037603989,120,26.545438183500895,1,0,0,95.52830423239078,0,1,1,1,575.9177333989209,528.2611905297957
79.53511921833268,40,18.7026939954646,1,0,1,26.4506399856579,1,0,1,0,204.92200325804887,218.82061961888533
100.96471454039532,55,18.079077866854707,1,0,0,61.900556714968204,1,1,0,0,323.8989187359064,261.46512769829366
136.31110194942792,20,10.327700266817443,1,0,0,76.11726172358105,0,1,1,0,279.29904261984865,332.3525615241761
59.84398465975872,20,6.264808159180328,1,0,1,38.85798001183135,0,1,1,0,268.52059781197045,256.1061972278837
28.654769218599455,29,13.080775146982083,1,0,0,53.184890362602474,0,0,1,0,223.54816482018347,215.2948647075881
241.85355387824885,10,2.698551699313081,0,1,1,95.23056323479847,2,1,1,0,429.9259381417095,412.02389743682
36.40220741266961,10,4.982781253498651,1,0,0,24.16009184890036,0,0,0,0,66.51511073273139,88.72215581874323
24.17637104184613,55,17.61964656110767,1,0,1,42.40461472470302,1,1,0,1,424.8352780648394,376.9144425854398
77.63211799031697,20,0.1773629716069485,1,0,1,82.87056672962018,1,1,1,0,382.39674377267505,334.42710668408233
48.6503797304064,20,8.278873838039965,1,0,1,76.88997226128758,1,1,0,0,245.74690839423235,242.51080949858394
195.89371503014814,55,19.97046495762683,1,0,1,98.69547917196137,0,1,1,1,586.7528037910001,550.1215205543549
27.9573805506002,20,0.40127611807093516,1,0,0,0.0,0,0,0,0,41.750370100460515,75.8527076964454
166.04862619432896,40,12.940762582375752,1,0,0,78.86097940320192,1,1,1,0,428.69192118771815,374.6826715574777
66.25281604134258,75,7.311003496826733,0,1,0,77.59371815704078,0,0,1,1,422.85274617462665,460.3710662070258
27.079640963361207,120,32.221251590332734,1,0,1,59.772320558816254,2,0,1,1,454.2754055192884,454.7840603478102
22.016662715281413,55,0.970009751605871,1,0,1,57.923674788885435,1,0,1,1,415.1794510353278,408.87954893788446
160.32614625278856,10,9.525250437051325,1,0,1,40.42885750614172,1,1,0,1,378.3488229267941,380.4094757164434
97.89086932030166,40,11.615309243654538,0,1,0,52.52053631276716,1,0,1,0,345.9556155726457,271.1704432847151
85.71931797864049,29,8.20165769067341,1,0,0,27.711280104402142,0,1,0,1,310.69445398668677,331.2408983273024
3.750278896070555,10,39.365828495263834,0,1,0,19.126017297845387,1,1,0,0,156.215619526885,205.3322070384663
100.1401243132565,40,11.376079505216497,1,0,1,69.49495166988802,1,1,1,1,430.6052019549757,498.84736304107645
36.95280779824982,20,2.2640008286897375,0,1,0,46.392165400297976,2,1,1,1,523.6823259799042,491.2645268969306
90.0636061261529,120,5.166448814155633,1,0,1,84.34811767806089,4,1,1,1,650.9251049125958,607.6760607305781
119.51360669211279,10,1.4544128794946347,1,0,1,49.60003843148985,1,0,1,1,464.0612024446915,410.52232354608293
33.57397379838793,29,6.94521486167785,0,1,0,58.46104557664825,0,1,1,0,291.0060191665415,328.40767980059036
3.799929816399386,29,14.18970072401377,0,1,0,37.33943378995917,1,1,1,0,306.1525259938462,294.25401311928374
75.59028071701712,10,59.22158807274438,1,0,1,23.132669130011234,1,1,1,1,449.6317985611133,429.44168049962036
1.4155408442526527,29,44.84511340736425,0,1,1,58.48111814170642,0,1,1,1,410.75966665453035,467.2125108850802
18.015230640635792,20,2.632278568117111,0,1,0,8.531106852172329,0,0,1,1,397.70560717876486,365.5179775679056
35.75841025108484,20,2.8216566613915184,1,0,0,35.325090942670144,1,1,0,0,235.29482255191851,193.33284719589452
152.9308902936449,20,47.77798085132836,1,0,1,36.41136221026749,1,1,1,0,236.94567503001184,306.08248065763576
70.66338822892503,20,12.37818615128942,1,0,1,31.61243796947546,3,1,0,1,375.3701007822081,387.1160965996956
66.012584946627,75,5.969479829969591,0,1,0,56.10855205262838,1,1,1,0,307.3517230294848,345.8970830066949
104.76570311109604,29,22.37067115273174,1,0,1,59.0272650686871,1,0,1,0,256.6219476794173,266.21412073487005
25.315022075573538,20,25.1104835900028,1,0,0,0.0,0,0,0,0,94.97784759957185,77.03828319531259
37.755988385347194,40,76.33631413723627,1,0,0,44.228142447598586,3,1,0,1,466.0797899861716,403.13255866969337
97.85226254047338,10,11.866685849597664,1,0,0,17.751449901344394,0,0,1,1,313.7481257247993,357.07187782663084
67.28171398885895,29,35.03108033639142,0,1,1,69.29749628758329,1,0,1,1,484.1457760401897,449.4492582530406
120.87272692418847,75,62.66731248254186,1,0,1,59.57631718218094,2,1,1,0,410.8259119084594,371.72642764604865
30.5555467495035,55,24.136409241505035,0,1,0,57.99277843410371,1,1,1,1,535.3034027478168,499.82662177199364
159.39451160061606,55,26.622116894499953,1,0,1,102.79588779174807,4,1,1,0,512.87383105238,422.90372922617837
98.75041254128166,20,7.910130276714695,1,0,1,45.04544667815858,3,1,0,1,512.2254852107895,407.6827380604701
2.3840429949559208,29,5.803058753197018,1,0,0,21.13442018683863,1,0,0,1,313.71940544634907,272.58647375338364
43.056534767401985,120,3.070930021363598,0,1,1,110.21517377617877,1,1,1,1,544.1056842622977,571.6835139280715
78.34775711096218,29,17.027005613312756,1,0,1,74.56000353740183,1,1,0,1,414.0388860470372,417.97481394735826
120.73825656336817,20,11.20787592020796,1,0,0,30.368338613288998,2,0,0,0,138.03187713791385,184.5937992271447
26.490052468199817,55,11.696215195056402,1,0,0,28.43111854977915,0,1,1,1,358.66498127450166,416.84518816413174
70.27790223625246,75,8.363167788646003,1,0,1,93.67081995434836,0,0,1,1,413.776988011419,454.45674626164043
102.59805104443276,10,7.586028041700101,1,0,0,41.03096446869587,1,1,0,1,326.6568834649772,371.1964047280468
8.12966928258198,55,16.410052218574876,1,0,1,65.57592220009113,1,1,1,0,240.74655209962873,327.71960752572755
161.18861196717498,40,10.70122243560529,1,0,0,80.298410492385,2,1,0,0,337.65086101974487,316.59880841964053
24.588326975262724,20,49.20443655442573,1,0,0,39.9409375211219,1,1,0,1,316.4424566550746,359.01905646989275
14.97382154530753,29,24.20736789995305,1,0,0,83.61561042618972,0,0,1,0,195.43522229402228,246.4544046454249
120.9338731138833,40,2.8318477888905234,0,1,0,30.873507674821376,1,1,1,1,542.6285839680048,474.605203474318
172.94315355381377,40,0.5698801809361653,1,0,1,55.170065257759404,2,1,1,1,423.5943274115257,509.3210841057825
50.18402473874407,29,43.075363146878225,1,0,1,60.28917082574412,0,1,0,1,390.77075805236666,372.41252533247433
60.48381996632482,55,4.070685747175994,1,0,1,63.00225287427267,2,1,1,0,325.6203027515944,352.4398975560364
98.44042302078165,20,55.2859152705535,1,0,0,34.5836779414568,0,0,0,0,146.90288211322343,131.03292049678214
171.91684559044444,40,19.755729333471848,1,0,0,77.78680513850907,0,0,1,1,346.7932549296092,443.8816746524575
250.44059196026984,29,4.373569500382436,1,0,0,44.192947628179326,0,1,1,1,510.33023428086733,469.3861905257852
110.06717426428783,29,5.555750314210605,1,0,0,67.32444030049119,0,1,1,0,336.7587528412166,311.0440967241722
75.86203548706152,29,26.868153002052033,0,1,1,80.93641917520833,0,1,1,1,432.836413856656,501.2798269195582
48.42058236088352,10,2.7964259583286446,1,0,1,55.99790038464364,0,0,1,0,170.54714185253752,216.95323489753827
76.6176830097727,29,0.7961599553245167,1,0,0,51.57402857017367,0,1,0,0,147.20791602421536,203.72738770222588
61.08031831809842,55,35.71159739245575,1,0,0,51.317420324267346,1,0,0,1,283.57182734878376,322.91985311918575
101.98172099816885,75,0.9126943060481943,1,0,0,20.285401581659563,1,1,1,1,462.72249633237266,458.7697285903782
24.886819903008586,10,41.97643140557627,1,0,1,93.82628793782703,0,1,0,0,314.1649332723906,235.9140914327714
37.37461696041279,29,3.402248383151046,1,0,1,103.08318403229433,0,0,0,1,381.7562234207211,347.85293689330894
104.51195667869753,20,1.4051789244888222,1,0,0,14.050507103482282,0,0,1,1,303.0760968294262,361.0729519778658
73.51792797591747,120,96.0,0,1,1,91.0015981680968,0,1,1,1,610.7244988725718,553.2984095826195
39.185701752883936,75,24.765213732780918,1,0,0,28.512107498284397,2,0,0,1,373.00075760896664,342.1268300078738
138.7246633862033,10,18.408782570347032,1,0,1,72.66349067628731,0,1,1,0,271.8747411104198,324.879165141934
58.67682400998767,55,5.463313060730327,1,0,0,48.74916114391004,1,1,1,1,480.79629529762155,464.3568870809532
88.27269874048427,29,31.34272407934753,0,1,0,58.517850354409894,2,0,0,0,274.29062866419196,221.81769079384858
25.117421141759593,40,0.8166165576525207,1,0,1,32.06714768774071,0,0,0,0,138.04276252637473,115.01816648237636
91.82066011950018,10,8.507770514326895,1,0,1,70.45405456164325,0,1,0,1,490.90692416331353,393.43078809521813
48.9445237084138,10,14.130469927680421,1,0,0,9.626073469644428,0,0,0,0,60.64546977466003,85.13170932842647
14.543447240909558,20,12.508134051660319,1,0,0,48.956898330437745,2,0,0,1,390.5064474003564,334.6037775902373
172.38539656543298,20,8.899672574645194,1,0,1,61.9671817405431,2,1,1,1,541.4403739196257,532.1966174078221
76.97043481510086,40,6.852459719504564,1,0,1,67.05080480056031,1,1,1,0,304.7530940503631,323.8244320764639
65.85428751950734,20,22.713502330765028,1,0,1,61.22673733311909,1,0,1,0,158.23048793643972,246.18185648128065
8.810990759995459,29,39.25981343616427,1,0,0,53.23978228996411,0,0,0,0,116.24172490033442,137.05078439108013
26.32411643554487,40,6.808156573554864,1,0,1,68.92958545766797,2,1,1,1,518.6488885071453,512.1772205838259
60.838083964441736,55,22.955931521350724,1,0,0,13.892175161674068,1,1,0,1,378.94582538966523,352.58813279050423
62.43853116912622,20,12.660657084608648,1,0,0,34.09662398625372,1,1,1,0,257.07527553415275,268.42490564441465
73.48022000768901,75,30.47983038717908,1,0,1,39.88438107262654,1,1,1,1,445.01881219828493,466.4928435097723
118.02017870594803,40,8.151621727764775,1,0,1,115.4168120871174,2,1,1,0,337.4501998848714,401.16836023359923
81.8555536890346,29,2.0045716625366747,1,0,0,30.152365986590247,1,1,0,0,262.96359800090823,213.33421841067283
9.121690678033987,75,9.940995400058627,1,0,1,58.12425042348637,1,1,0,1,351.53152965792185,408.21007184070635
43.07572030559627,40,12.947594892836348,1,0,0,45.71433765598677,0,0,0,0,182.1285661290761,132.52907061439828
89.16928419958904,20,20.442505724142563,1,0,1,15.164940857966883,0,1,1,0,183.19915483740255,237.54910058271668
205.5096930641601,120,6.873590001867049,0,1,1,111.00061447659371,1,1,1,1,645.1589661423698,605.9039469188468
24.245784500938687,120,2.1679154151679763,0,1,0,83.61568658061984,1,0,1,1,489.4378421831043,489.58571514820284
176.50475746478978,120,26.548433162135943,0,1,0,136.51932570437475,2,1,1,1,809.9715398021636,634.6565417577223
11.92367695633294,29,1.4099855933340424,0,1,0,26.51198042360081,0,0,0,0,200.11644993355628,128.22292150546676
84.27134643388166,75,29.62252230145476,1,0,0,74.79338564319355,0,1,1,1,503.9438055012268,502.08187445945407
117.19805577491249,10,9.666165504385027,1,0,1,56.0645359174263,1,1,1,0,324.729025068657,311.8353337591931
80.97552985450231,75,5.5284939274345035,0,1,1,93.41982863175951,4,0,0,1,438.2501124046561,445.727220820027
76.18328103915081,55,26.942056199248704,1,0,1,21.47690328123879,3,1,0,1,457.26421171952813,394.9474328625366
10.8073222090592,29,18.944517867828154,1,0,0,18.149562420824967,0,0,0,0,132.68784403011045,94.61743003406973
83.41434722071858,20,15.24762364163679,0,1,1,72.7030104003813,1,1,1,0,326.43764648855495,349.1380427322489
68.33454695929487,55,8.957347402749328,1,0,0,26.865306048006573,1,1,1,1,446.6764257744423,442.7488866232824
13.344256814569961,10,28.19006451156771,1,0,0,17.82596473042768,0,1,0,0,123.36714277689222,145.73374338721536
22.220582507439275,75,6.984240911694473,0,1,1,47.858108622340374,3,1,1,0,346.5716298048244,348.466229921426
51.4151625761937,55,29.13710238079978,1,0,0,49.45261253456469,2,0,1,1,398.9632027979816,424.37315092041797
113.53065597205597,55,0.6017868997369983,1,0,0,13.572928091660827,0,1,1,0,280.3542088624729,268.49883915005813
125.05183555042807,10,49.7319028140481,0,1,1,50.29727450739489,1,1,1,0,312.66877624312565,325.58618283148854
214.73565965488,75,6.801324999649564,1,0,1,112.06474506442126,3,1,1,1,777.6688971091213,630.7838657045256
114.78515448671372,20,46.51437874054938,1,0,0,22.24289756082697,1,1,1,1,353.04987172702715,441.1192443043482
19.43042841814171,10,9.605004331789539,1,0,0,8.24643047236389,0,1,0,0,131.13809260448744,141.12230826884996
45.38234918133247,20,12.831596947778264,1,0,0,56.51837261403154,2,1,1,0,327.80663160669747,321.4462481716284
154.4876387419445,55,0.036504221424579375,0,1,1,140.4961646688113,0,1,1,1,575.0160845326143,583.3354324312035
131.26018630600433,120,11.973427924498854,1,0,1,84.25778323892561,1,0,1,1,491.47415790289756,493.9122412820128
40.84049613584678,40,27.324100215088187,1,0,1,67.43154936430075,2,0,1,1,484.5280333116973,448.5690483376803
135.34037090637554,29,4.904839990899493,1,0,0,93.80543166615013,1,0,0,1,417.5340890417518,390.08174496688946
36.83539151531295,55,16.869624649122894,0,1,0,34.348852616978974,1,1,0,0,281.02742540745754,228.68502127487915
70.98011960128196,40,18.259299779009098,1,0,1,52.038666083994464,0,0,1,1,335.2024521131216,376.3913941471039
29.842909536568204,40,28.75346110298902,0,1,0,28.727020233219417,0,1,0,1,345.10926144721554,355.48108306427537
38.801932016326475,10,21.913127510524212,1,0,1,19.931943340257696,0,0,0,0,100.90916243701245,92.52989039639269
159.8283676165622,120,1.0090348749287505,1,0,1,111.13616759164277,3,1,1,1,649.0885290113616,632.3237518252805
31.911605627878682,55,9.653169086495469,1,0,1,24.122551651287573,0,0,1,1,392.4822291151032,358.7870413513233
97.20439400946583,55,62.95183576091246,1,0,0,71.24462600266037,3,0,1,1,454.11905686681575,476.9703424069476
20.96963850249978,40,41.0941263253649,1,0,1,66.88723499740533,0,1,0,1,359.32294601409956,381.47062333731697
60.87871962764417,20,2.5984639340897457,0,1,0,42.68546643180068,2,1,1,0,375.47199592128845,314.9532868498607
21.782256540689936,20,31.848600578286185,1,0,0,35.49382678082269,2,1,0,0,138.37495338952863,205.41920346498694
124.01417713297391,20,25.797217388191495,0,1,0,86.06031983687521,3,1,0,0,331.53402874627307,325.6932229615877
73.92271349806782,75,13.827666766958409,1,0,1,66.34173048093682,2,1,1,1,644.3485542926956,533.8846323352524
88.23136812414734,20,50.83464747216475,1,0,0,38.78424709209465,0,1,0,1,372.2690396520421,350.0406661271188
95.56919392583828,55,3.275977316442429,1,0,0,30.613922276243592,3,1,1,1,477.19917634078,494.4191901892381
65.10999729320105,120,2.372062990417148,1,0,0,35.0744647191421,1,1,0,0,280.08608262743326,232.5797906957633
168.8427656571383,20,10.54250987001284,1,0,0,69.58068572846312,0,1,0,0,284.7007312114199,244.41672633936392
106.93599931028888,20,7.9014287327009445,1,0,0,42.56652431496845,0,1,1,0,325.94965436544476,282.50955432122396
47.6269408631914,55,11.457386208340383,1,0,0,35.56536759500519,1,0,1,1,338.4401931146136,388.33323446405825
78.41568097664353,20,1.4290575337404572,1,0,1,16.68616504226957,2,0,1,1,431.1730543139868,380.9244642404683
49.69617821665345,20,7.5514342507023375,1,0,1,53.92610398663436,1,0,0,1,285.808239310934,307.74095257405685
124.24663041480925,75,18.472060762135843,1,0,0,99.69517946362237,4,1,0,1,546.0741555144142,516.8696647091906
101.86161747296654,29,31.844168443151464,1,0,0,5.384611524775529,2,1,0,0,217.77487289348463,226.42365225368428
87.56084911391882,10,59.79403833014186,0,1,0,22.518967431037844,2,1,1,1,438.0850764624389,481.275294417496
38.20424398242588,10,1.264602238833979,0,1,1,33.77000270218533,0,0,1,1,338.5347280435369,384.53223906579433
49.44439609674453,75,12.258547066757114,1,0,1,82.1541438081473,3,1,1,1,546.6285961514163,572.6209044424921
88.88857325001852,29,2.096899594661156,1,0,0,55.38088062975313,1,1,0,1,258.45651092540345,393.31939075065833
45.29354678343703,40,9.21835157790753,1,0,0,55.60882187143092,1,0,1,0,322.17059873416457,245.37581692155567
174.75594078169067,10,54.13782677584732,0,1,1,86.4145593740275,0,1,1,1,541.005247781955,547.6166281514512
34.41166847067021,40,20.34410304558119,1,0,1,32.035354675927046,1,1,1,1,456.7645192994587,429.6056926752072
125.00088077088844,120,45.76806625243742,1,0,0,82.84265889527198,0,0,1,1,472.91588430412526,475.87489793436
167.286670319689,29,5.929016659410679,0,1,1,117.57927960420767,2,1,1,1,611.7722699757098,609.3818010747711
13.78513443058551,29,4.411608303869882,1,0,0,30.883697234815756,0,1,1,1,381.40903820659963,409.53188306212917
68.75668304579374,29,8.983891022139263,1,0,0,44.343501668953145,1,1,1,0,250.80474955927812,291.50266586662457
62.856959054347385,55,6.198547557870589,1,0,1,112.80935753542838,1,1,1,1,573.0703096129297,533.2749217184632
18.416035931524235,55,38.5236201757641,1,0,0,38.781606316615374,0,0,0,1,337.7904046122181,289.58601707525423
32.811472220221006,10,0.46951475595136066,1,0,0,0.33469538469610427,1,1,0,0,193.8421529473577,166.3446844391551
19.598738389448958,10,0.07997220199175717,1,0,0,4.05111100463769,0,0,0,0,79.00342733100166,71.42800769662054
114.03383585417653,40,21.11768244954398,1,0,0,39.57784087402503,4,0,0,1,331.3794961133329,355.84955712912154
66.246703952697,75,12.601728886943162,1,0,0,47.42835775536787,1,1,0,0,297.2158884142144,248.5122666158018
4.019105995906308,20,0.5096191346863617,1,0,0,40.76403067166827,0,0,0,0,69.42833379345528,110.58049606965501
115.06733462971063,40,79.92894870576954,1,0,1,98.79511505735957,3,1,1,0,490.7712606797579,396.58964948369055
8.049410536863135,10,62.44986908420195,0,1,0,53.03074673812081,2,1,1,1,500.0311031350549,504.28558325185946
70.60374563057418,20,26.03414289799669,1,0,0,21.070256795355476,1,0,0,1,293.9302530652693,290.3853532937394
88.06475387882799,55,15.689289814014668,1,0,0,22.501962691258502,2,1,0,1,413.7157146323014,387.9062495559042
25.363636888540615,29,2.3612250818455633,1,0,1,65.9753268124978,3,0,0,0,226.39641508314816,202.0220465182183
21.77819420698294,10,0.8359658314455221,0,1,1,35.38465525711839,0,1,1,0,214.62484816267892,271.51031639200806
104.20955225765894,55,0.8332935777092022,1,0,1,51.30293303214797,0,1,1,0,252.84361416812078,307.01807698576994
83.73975571602591,40,22.98198805421471,1,0,0,29.94850032602618,2,1,0,1,377.3896433303589,395.9251981196695
66.8902902595999,75,1.3330765627202446,1,0,0,34.75076844518465,0,1,1,1,425.0821030347087,451.38574364084343
12.869181901115399,10,3.5807290999461783,1,0,1,28.73103639359326,0,1,0,1,363.6377705764291,315.78164871579185
147.7080488865956,55,2.266584943659879,1,0,0,93.2856866338125,3,1,1,1,577.7902867970635,599.2856847447656
37.4886788448362,20,3.073753981371355,1,0,0,16.605074832022602,2,1,1,1,393.56492742624755,434.8368683064789
17.50225528978672,29,15.074954514813705,1,0,0,40.33479186393822,0,0,1,0,166.27273805037944,188.2440153738663
42.459713838163744,29,2.732151823563288,1,0,1,64.48551638692273,0,1,0,0,258.5737768480362,205.89972571379064
30.232878974064583,75,14.346142276560437,1,0,0,38.81889444812121,1,0,0,0,90.76525260420978,149.95470478249945
52.14679461698089,75,39.31033929580008,0,1,0,49.42778041261822,3,1,1,1,608.2636471165579,537.4225968247487
54.09971190301735,55,6.383996620906907,1,0,0,71.87297024781756,1,1,0,1,435.2090152732171,411.4134703095576
105.02921728002464,40,5.657834395346226,1,0,1,51.071524394640946,2,0,1,1,402.64513826796497,428.5280616603086
81.73408608892017,120,56.661195329628285,1,0,0,61.68328215878091,2,1,1,1,542.5843918129387,543.43918103863
15.37298346344525,55,6.78461311519896,1,0,1,67.23649237316401,1,1,0,1,348.0933038557485,406.3012756109274
60.05907255294607,55,30.239320802869347,0,1,1,96.8909790452596,1,1,1,1,480.59490369483376,548.1496659920697
59.53911352937992,20,15.866415554074841,1,0,1,37.005593833779145,1,1,1,1,442.5023580265965,433.67686876539364
94.659914569665,40,3.6863466841395343,1,0,1,72.4865947473841,0,0,0,1,256.42779020427975,346.0930067088439
34.307371839023574,29,29.967941450569537,0,1,0,36.27285878760113,1,0,1,0,309.6912668125541,229.24820317754774
71.08751569784776,55,0.9217733431240837,0,1,1,95.37983011319079,1,1,0,1,531.5940988671056,464.62654463693684
29.616587403271858,29,40.33396279925459,1,0,1,67.07709072407278,0,1,0,0,247.29611825473089,209.82090261479917
35.428693867814026,55,15.45458942604016,0,1,1,100.41929968514705,0,0,0,0,226.04898522767226,212.8683459694865
70.94829860295954,10,46.7003663172995,1,0,0,35.33187574572393,0,1,0,1,328.98837491309354,341.80276562777203
74.35796940448022,55,51.957172969736206,0,1,0,67.37859904388289,1,1,1,1,561.9802862597635,530.0933978742373
36.50505333011903,75,0.3680954820958163,1,0,0,13.663113055935387,3,0,1,0,228.51964329605732,236.85865764464825
43.53556214710819,29,18.441234782016892,1,0,0,64.57088767953427,2,1,0,0,250.25766549010783,250.3050579760275
80.46175419685812,55,18.80280373641297,1,0,1,66.08796626741578,2,1,0,1,483.756258839721,444.6791399436144
166.53773063721562,10,22.62558557850414,0,1,1,91.6037148148361,2,1,1,1,551.6327850518819,587.6929222077371
57.44202655572157,40,6.513043614483348,1,0,0,14.752280303769922,1,0,0,0,256.6794487134001,128.43046924699237
130.31670442708727,75,0.7726399776436216,1,0,1,86.69912926568463,1,0,1,1,417.39704836459066,490.7698705184403
65.60019669492334,29,38.574570337782475,1,0,1,83.37138862163796,1,1,0,1,499.067378515901,434.76374869967896
48.75381408762567,29,3.075492122416324,0,1,1,74.55848682570527,3,1,1,0,424.54011982641157,373.4892502909218
52.571250048680525,75,9.647348808612263,0,1,0,56.958122701732385,1,1,1,1,546.7537309666709,501.91344239851827
99.9769928231776,120,4.349969465810249,1,0,0,108.40287126161431,0,1,1,1,551.9427827068373,543.0754897447282
24.35880714384695,10,2.4439324606975856,1,0,1,55.51127161337813,2,1,0,1,439.95983881744013,392.6543322178167
77.7444038429292,29,17.075596083436242,1,0,1,79.68346540348217,1,0,1,0,238.0631930921507,271.65579517505864
14.477165761235682,55,23.416411250595168,0,1,0,61.74723077275472,1,1,1,0,430.62733428937463,348.9015373640309
79.71727694763598,75,2.5084713079228633,0,1,1,88.91086893897818,1,0,1,1,512.5187864602153,493.69310795944125
126.23061061159491,40,21.241882020694447,1,0,0,96.15135642488596,0,0,1,1,430.53177264258824,459.6064074361497
15.487251036613227,40,19.106434058302575,1,0,0,0.0,0,0,1,1,377.07527418437996,337.56933172284073
37.47708737509864,40,7.006413985587838,0,1,1,84.04408423206112,3,1,0,0,356.4440810661694,302.52568819646217
165.10757517914743,20,1.1791287215318695,0,1,0,56.74739241296531,3,1,0,1,536.5598874632404,440.86064771823277
142.2046615251356,10,8.094749443620836,1,0,0,65.43234739441239,0,1,0,0,259.6234400112648,229.31877821544404
71.01383075205624,20,7.493381500580774,1,0,0,27.564635334747962,1,1,0,0,76.37869945286711,204.18351724186974
42.48164605949321,10,45.12137033395425,1,0,0,0.0,1,1,1,0,142.2631589471884,235.92700077456485
47.93714033910907,20,26.726190819496903,1,0,0,60.258081365569964,1,0,0,1,276.077506724716,321.9101308579879
100.22584563828505,40,20.42382639046641,0,1,0,71.87975404158401,0,1,1,1,541.1800486108542,508.01696881462266
167.99596272178036,75,28.039520344344634,1,0,1,87.9910845656044,2,1,1,1,603.8015537913707,585.2289468236413
186.1324302020669,20,13.685935173278247,1,0,1,79.33165999403346,0,1,1,1,644.1320563993419,510.34700977909165
93.70142112764017,55,6.331689654811564,1,0,0,57.28085124389229,0,1,0,1,385.0035419409042,384.60924690312555
20.055869007471703,10,12.13646107319438,1,0,0,0.0,0,1,0,0,110.27264509647483,140.74760837773354
62.790656111118544,29,0.022514202313504605,1,0,0,36.07039428003566,0,1,1,1,418.78009130457474,424.124844865876
23.600223540508452,20,95.95064181332994,1,0,1,25.026727991403888,0,0,1,0,190.71866445706814,171.7628771180123
77.83164889342903,120,12.597439745061903,1,0,1,92.48059162686452,0,1,1,0,398.2382462044275,365.3022171466092
6.680634715794633,29,2.504041491079241,1,0,1,22.310252770062327,3,0,1,0,218.59694763881174,219.30253515480806
94.09379259135403,55,8.046724825831184,1,0,0,47.37905665378837,3,0,1,1,433.2070552709178,435.6314958508045
40.86675230130775,10,13.141014458238553,1,0,0,37.455027986055256,0,1,1,0,247.5401122576988,245.04486300308267
131.10401233179687,75,9.012515960738405,1,0,0,56.08193854596891,0,0,1,1,470.1467359273973,428.2514479236669
47.21018283285513,20,33.01661970485539,1,0,1,29.621407966991026,0,1,1,0,206.70736562719452,239.37980577839576
199.10700089819267,29,0.09498332965472615,1,0,1,80.63336898629346,1,1,1,1,552.2452404527406,537.7730056843395
115.32754072525155,120,9.384101040876601,1,0,1,106.1518400197512,3,1,1,1,720.4504236825135,620.7521825512497
51.07942249617185,75,51.016155827712716,1,0,0,66.83816458179406,3,1,1,1,555.4595223502838,560.4445812654888
63.33583476556627,20,1.8471265022745325,1,0,0,28.78722663313253,0,0,0,0,110.12796794872098,106.39241683744102
33.98772615143575,29,36.80226589988335,1,0,1,0.0,0,1,1,1,280.980926852866,382.5768620766366
141.8449000313784,20,7.90528691847942,0,1,1,67.89324484483379,2,1,1,1,666.3341158307328,552.3055680257501
71.06329423504026,29,1.3949446064521573,1,0,0,50.55186157003755,0,0,1,1,343.14720676074074,366.70236166688653
131.40291754737677,10,9.434362552029487,0,1,0,75.51516589642365,2,1,1,0,384.65991638873027,378.55805605863515
51.56772782014902,75,13.70183501397359,1,0,1,39.01214896115242,1,1,1,1,447.6936371645889,460.39831740798235
154.7217654688483,40,1.9111494767737471,1,0,1,59.57615309239277,2,1,0,1,454.5039788552048,440.9832410607587
54.20992076436686,29,1.5794004551766894,1,0,0,53.555714814426636,0,0,1,1,314.0170689050243,370.2169878440898
18.82444580909904,29,5.912787464972925,1,0,1,26.363049126137646,1,0,0,0,133.5387752679416,119.20331230942375
55.650505719718005,40,12.97659134275632,0,1,1,62.27464360409655,0,1,0,1,432.3697557880589,399.1252426060173
61.46501912025121,10,16.042258957498348,1,0,0,0.1693984511663622,0,1,0,1,316.60016284219887,309.70583551064044
50.39487155471708,40,27.07266740597384,1,0,0,90.1565726775489,2,1,1,1,501.94279916408607,532.407931847364
24.369897252207053,120,17.93006346798253,1,0,1,49.969005328476385,4,1,1,1,568.1495617554239,539.7404684559169
65.03335801588375,29,8.18043568293906,1,0,0,28.024071020168847,1,1,0,0,184.5208257934666,205.03548572287457
99.25898975903557,120,15.486339605162701,1,0,1,116.32770649240504,3,1,1,1,617.5778280317202,612.696725374474
54.6809578834095,55,4.828487476531008,0,1,0,62.96033292412815,0,0,1,0,297.22163749852734,277.86457416128616
98.12797462022333,55,35.60287922672764,1,0,0,41.87455377253371,0,1,1,0,325.8100074410268,300.26399178075246
106.30581050731575,20,14.862615673279002,1,0,0,2.6379741791950693,0,1,1,0,193.22957733815448,237.00386530121702
97.13038794312429,55,1.6190985864888223,1,0,0,47.94731502852411,1,1,1,1,493.7803344473771,478.21211693551675
24.539587851687685,29,13.435448947680872,1,0,1,35.68626235843654,0,0,0,0,68.95702922845004,112.01711118745128
25.941324580547445,29,19.66665918130259,1,0,1,47.08314581712682,0,0,0,1,296.9527159269695,281.7060504918556
109.79087778177917,120,11.043954919039306,0,1,0,96.71523998501621,2,1,1,1,608.8827055202047,606.8605124783751
41.09005756575089,120,19.014372969600174,1,0,0,65.48602496848119,1,0,0,1,337.8673416062309,365.9140513745271
86.08992301817935,40,3.4597870564464968,1,0,1,85.25898471217789,0,1,0,0,262.88457686316326,254.48720914089915
12.742761710560975,55,72.43807864365918,1,0,1,49.66281774172945,2,0,0,0,180.0112660849687,186.08880916681923
129.8473809612426,29,7.900816167853885,1,0,1,68.01540801898423,0,0,0,0,181.12295967803624,191.62151451905936
85.14071140167069,10,20.20674778594608,1,0,1,4.896699426573619,1,1,1,0,294.3884085474083,248.76214800443026
83.18171110599953,40,6.578791302629991,0,1,1,72.01390185593442,1,0,1,0,268.29515309180226,287.695512085138
88.72762748418754,29,6.143184071912216,1,0,1,83.38672152703458,1,1,1,0,391.5523233504815,338.91833564130934
130.9017484548194,29,26.10288928008998,1,0,0,76.76179060462503,1,1,1,1,586.894853665573,512.0160479643928
37.87424530198285,40,11.383670700205581,1,0,0,46.42687826390781,3,1,0,0,290.2327776488094,246.90181426717774
67.5133021396669,10,0.3800992515702328,0,1,1,57.35638813847117,0,1,1,0,262.4437835344918,320.08620080761943
65.07502014899306,120,4.1743563485966435,0,1,1,134.31023197366505,0,1,1,1,511.7425826924781,562.5849609508721
130.20261391160435,29,33.01029493092251,1,0,1,33.06326420619848,2,1,0,1,568.3706436745026,400.04809716350195
203.71686112962755,20,16.907304069640993,0,1,1,73.51647016786085,2,1,1,1,588.7078960779714,567.5119710737526
106.22442519721972,20,15.684576004066862,1,0,1,56.20377901830426,2,1,1,1,480.73868226462656,497.7854537883181
67.6688461043649,40,41.7799763189666,1,0,0,17.81268813476632,1,1,1,0,394.22386794748013,262.5537873927482
180.713250547719,10,0.4328598820873316,0,1,1,92.54832896358353,2,1,0,1,480.21060204003555,492.43514689984875
153.89064280237935,10,1.9363210001257203,0,1,1,74.1149562440404,1,1,0,1,460.48642730385,445.9954818840992
66.70427891496193,20,18.21427241822474,1,0,1,36.23433381859632,0,1,1,0,263.75862798010934,256.4782355084051
169.2738033323375,10,14.60494272451976,0,1,1,91.96084611898156,1,1,1,1,601.9857128107208,565.1789723230902
111.1356586201812,20,10.21670772688588,0,1,1,79.79851983520727,0,1,1,0,351.74861034354984,354.7917467752489
9.685634674431984,55,7.918617105930314,1,0,1,40.0292735057116,0,0,0,1,298.813438683881,290.489040035933
82.16528932846465,10,3.2515670593975825,1,0,0,33.73324182984981,0,1,0,0,163.0775454292618,171.77814026030367
11.742984402155091,20,29.40643717588412,1,0,1,37.41850927166683,0,1,0,0,139.8052124648333,166.1483803131325
58.41930960757775,10,22.44079964309048,1,0,0,34.8463694007216,2,1,0,1,280.0493972711743,374.3247968505586
50.97178644215345,40,3.3047377314089466,1,0,1,46.36180345871952,1,0,0,0,132.3833000653334,150.6485090901147
65.68295215155007,40,0.868693940100802,1,0,1,50.59001160188276,0,0,1,0,154.18074865037386,224.5103300800534
113.63910808850483,29,37.87945216154024,1,0,1,70.5008015565947,0,0,0,0,274.79758406691394,194.93911259877845
60.25823585663951,20,10.0124921889403,0,1,0,0.0,2,0,0,0,161.52325166147156,161.9768671945598
27.454937352530703,29,11.710212858560022,1,0,0,14.336520547812166,0,1,1,1,328.77473502513357,390.9158392998081
197.50165433085635,20,4.962748080229061,1,0,1,116.7051213552947,3,1,0,1,563.2288287866464,500.98489413799274
24.78434408584567,120,10.25851507768947,1,0,1,87.72973775046975,4,1,1,1,716.4288490639694,598.2229391488108
20.888289554637474,29,22.44031235096396,1,0,1,33.00745646317316,2,0,0,1,371.0034205197077,317.01544447878416
21.916018326287137,20,6.681756031032599,1,0,1,82.77797770420476,1,1,1,1,453.0249728537566,499.906366768482
210.69685494642005,40,11.555942046138348,1,0,1,75.97716869063433,2,1,1,0,466.5422059961997,389.25735588274415
44.6693278210683,20,73.34894464499754,0,1,0,68.95114128472525,0,1,0,1,344.4905839387631,400.45748798684457
47.78846279805006,20,2.5625287803305046,1,0,1,77.87288749928754,1,0,1,0,323.84590917854166,258.48942950599326
9.071452267931132,55,3.598588978598892,0,1,1,29.804762737635606,0,0,1,1,333.3900332922101,394.5810229646815
170.92129891467158,20,0.3908020961612852,0,1,1,75.98057334051643,4,1,1,1,639.2205423838434,574.5057028376498
98.88995889661766,20,5.2348418774339285,1,0,1,72.75575843866743,0,1,1,0,317.0153952568084,309.7740591106864
17.005020484381664,10,14.42081357475089,0,1,1,48.3107540065505,0,1,1,1,492.0483371833586,444.8017939510823
43.92547541350945,10,29.498751538815778,1,0,1,24.333383286728697,1,0,0,0,160.28038030834566,118.37836667099592
30.028620852324202,20,49.905109294680486,1,0,1,82.74166922431561,2,1,0,0,179.75912258758797,265.2518353248297
36.95796599269199,55,8.347359107495489,0,1,0,66.46192051034113,0,0,0,1,329.0570261573998,357.518664770564
98.25859151255047,75,39.822431116387264,1,0,1,89.49196137895956,2,1,1,1,553.4859570820792,563.128029613281
133.67895689222135,29,15.443183117763615,1,0,0,59.937951470800435,1,1,1,1,481.4955112789723,488.6907429876229
116.00869076996034,10,31.700163230530112,1,0,0,57.30678040001388,0,1,1,1,511.14829260205624,459.44168207648397
53.21974386100439,10,9.28878232015761,0,1,0,61.42401140675301,0,1,1,1,422.47497327007125,477.2661153857706
57.254588772132834,20,19.597229353018,1,0,1,80.18931028043559,0,0,1,1,384.0220089113795,406.90298916509187
5.577976167092843,10,2.7173670193508817,1,0,1,55.92406776514094,0,0,0,0,108.16885853314231,131.03534213428867
143.55912415933958,20,14.023383224947898,1,0,1,48.94322941530392,0,0,1,0,137.96722311396917,245.53631456886495
32.183324046509405,40,46.54824562221735,1,0,0,43.969053236356,2,0,0,1,321.74927473331115,335.5581089542383
9.892173689882378,75,12.214190739019829,1,0,0,43.36220409830844,1,1,0,1,398.87793759923005,383.6050012258961
199.2960337544561,55,15.038376328195673,1,0,1,69.0782219856088,1,1,1,0,395.2643146630479,365.9537979837633
40.98258565253365,75,0.0229180807876217,1,0,1,83.68738475565334,1,1,1,0,375.1330560341184,359.7228492123273
33.23631301516525,20,9.389818366293365,1,0,0,21.44016243944444,0,0,0,0,146.5102167210516,94.65333372399407
107.59509958320822,55,27.385881111830148,0,1,0,65.27515437443039,2,1,1,0,395.5289587254739,381.1659770893191
102.96614975986869,75,13.913693063947255,1,0,0,53.22517799193153,0,1,1,1,514.9935949764592,472.8087752227047
31.26848689497289,75,16.448820895044843,1,0,0,75.70303354449285,1,1,1,1,524.3046920381577,514.5437675828091
23.38374044896632,55,10.7790048977801,1,0,0,28.494475254018344,2,1,1,1,456.5942931068416,461.8216934310255
58.99804440618109,40,17.092932528703983,1,0,1,72.44254973665716,0,1,1,1,442.8417644265927,463.48565216370645
158.63906734038508,29,40.661156041106295,1,0,1,81.13578936345043,1,1,1,1,501.88927058184817,519.8819016758079
83.5280407187415,20,17.542775053803584,1,0,1,48.758512000657056,2,1,1,0,375.2939459015697,322.2889309818693
91.79344013907873,20,3.052271128339975,1,0,0,36.23421607095361,3,1,1,0,364.90145091057866,317.1129686129205
44.91775299150543,40,25.935193088266743,0,1,1,78.89043832810782,1,1,1,1,525.8868554257849,517.497343423366
141.4776140307693,29,8.389397774861266,1,0,1,57.869394953522175,1,1,0,1,424.34254850787175,413.543820661227
22.614644592083923,75,27.396747154033726,1,0,1,46.19679282800192,1,1,0,1,394.3955099088359,394.1328083360867
131.1125529785278,40,1.3537954644968309,1,0,1,77.6891298899757,0,0,1,0,260.508656446075,289.15140398196445
74.53547767890656,120,0.16085027958347897,1,0,0,56.61880465381066,1,1,1,1,544.0992664572344,496.9902607809494
116.2240798307683,20,6.929471875038764,1,0,0,31.56241018936805,0,1,0,0,269.31412335237854,186.10676444570976
239.39137920771861,29,10.539386925543285,1,0,0,93.62003047781154,1,1,0,1,556.5524527449421,476.14855422144143
38.269433033435796,55,40.82573754243079,1,0,0,23.01476556307034,1,1,1,0,279.0237520179212,270.0472726691289
47.92267578173294,20,52.47187661815027,0,1,1,58.62996803952935,2,1,1,1,510.55607851895553,512.6396765393225
118.84524704090312,40,2.7506867209683525,1,0,0,79.01657785804626,2,0,1,0,291.46566919474077,321.967395309987
17.204378567662523,40,27.670104761139577,1,0,0,0.0,0,1,0,0,113.51888800829397,154.1037689479404
137.24340150842215,40,20.572543022087157,0,1,1,86.92217660977319,0,1,1,1,575.2254209634485,546.0504046776741
71.74780850156992,55,28.590083317204186,1,0,1,77.43883048603651,0,0,0,1,362.8354666812328,350.44053066560423
39.83765023598893,10,30.558438232755485,1,0,0,19.83290132246553,0,0,1,0,111.55824109679901,164.71962280339707
89.03899510295122,29,10.978009925907788,1,0,1,54.08491496762811,0,1,1,0,277.0290264764924,291.0773523889407
127.85910861997621,20,2.29176482593713,0,1,0,77.07496749382145,0,1,1,1,514.9122536728761,519.1960201806771
166.5169207491716,29,0.18463267983051504,1,0,1,73.1306038830787,0,1,1,1,508.2848961896587,496.6120845572538
44.253174086735996,20,1.6866861608984198,1,0,1,66.28709806036102,1,0,0,0,172.0692311127624,161.5413893688539
40.33923990519327,120,5.186322363319969,1,0,1,40.1969502055703,4,1,0,1,515.2676108573756,427.5085125271312
46.25280271051864,20,17.762635031653012,1,0,1,76.86128547454577,1,0,1,0,212.9842162366049,254.21832473079897
58.38631155422113,29,12.892304462618105,1,0,1,77.40492262086758,0,1,1,0,296.824731355685,306.80186721019095
38.535943377036155,75,25.611062501288618,1,0,0,34.29350692883073,1,1,1,1,460.8029832478873,457.8398030624463
34.952947337107325,20,13.084678447546239,1,0,0,22.49773504918368,0,0,0,0,39.971745428849104,94.68917092852652
100.40442070060762,40,21.03431393869582,1,0,1,77.38288462339369,0,1,1,1,505.71620489492693,479.9539725783612
79.89799584248784,55,12.755582856909115,1,0,1,69.78468634929186,0,1,1,1,531.9776647029323,478.90657867193096
57.82037728351135,40,35.44003976025316,1,0,0,21.02091507943119,2,0,1,0,210.6640296144722,225.22938567305812
31.182634277706406,29,26.936134532498826,1,0,0,3.9672176725071893,3,1,1,1,465.6715499877222,433.9723480168078
156.95724242658613,20,21.86899863290862,1,0,1,72.61017660697587,1,1,1,1,440.83874048799885,513.6412463722844
88.59512035861263,20,27.572689124619455,1,0,0,89.26359126988426,1,0,1,0,209.05257662926,277.6233224166644
33.24788302196431,20,1.7807491574401928,1,0,0,60.97697188376464,0,1,0,1,366.5104510541458,366.99514991038
46.777151233005426,29,6.150661515069443,1,0,1,27.16087135386102,0,0,0,0,97.02033931945576,104.29523983170853
18.802397054013323,10,6.8097758906651364,1,0,1,32.77013991991671,0,1,0,0,111.83164751111298,155.71610357384145
138.35660034182817,29,7.936982990688438,1,0,1,71.7251312528415,1,1,0,1,391.3641444283964,435.12683932048407
24.85596986173303,120,25.17879775421699,0,1,0,78.496152769268,1,1,1,1,548.5215590135653,548.5009789523497
43.288793330817455,40,10.030624950471427,0,1,0,29.41594301362476,0,1,1,1,461.90342684328783,431.3588710346666
100.06284980561362,10,6.615538932745804,1,0,0,19.30148091463544,0,0,1,0,136.31143005129266,190.0609440805412
196.03492527615896,10,31.339465512977494,0,1,0,81.93090581387624,0,1,0,1,410.98628564091905,449.31008847923533
149.2218465607396,40,8.625531467404102,1,0,1,71.91603411205486,1,1,1,0,363.6633022419118,349.37512681819055
95.32396211550103,40,16.66713641013305,1,0,0,59.671565766939544,0,0,0,0,168.55162547862167,168.02154613357885
87.66736853539156,55,6.179921224412368,0,1,0,75.50769277856524,1,1,1,1,437.17407536970575,537.9051400368083
148.08818080953452,40,10.270702785038422,1,0,0,96.8657046780145,1,0,0,0,269.8898518741705,237.72118637322362
41.709832699168125,55,6.9390265054491085,1,0,1,42.43694094553106,0,0,1,1,432.9510832318788,369.9445297964156
59.45106006348061,40,5.145430469120943,0,1,0,78.2747084525323,0,1,1,1,487.11629082766336,498.24807104336196
68.18612777429666,20,20.061221591835835,1,0,1,86.731280041238,0,0,1,1,429.51518162417267,418.04554861151644
40.46170351992232,55,14.834527842835499,1,0,0,65.87039465499149,2,1,0,0,233.89281128292777,264.32751053013243
53.09984647579751,55,5.736607627176547,0,1,1,33.785975208819664,2,0,0,1,389.5897397316895,355.200119742107
18.386186414885632,20,21.365964018660833,0,1,1,16.80695506369213,0,1,1,1,394.64722683188114,415.7101927140206
17.066299769356053,75,42.85236450998992,1,0,0,57.91731807765817,1,1,0,1,425.0510761755888,410.4154371736678
85.22479019085364,29,6.029631556477135,1,0,0,65.18951038666253,0,0,1,0,225.60175498399198,243.2294136141396
7.872657332782842,75,4.082811550811831,1,0,1,35.76939179819789,2,0,0,1,371.4467536878011,341.9831745773602
138.0933725358519,40,31.03992389832714,1,0,1,12.454396343660179,2,1,1,1,477.80534692274637,470.5425800986587
30.32397900210706,120,0.030379756779410204,1,0,0,44.249051543024414,2,1,0,0,381.75066338610645,254.20283914363716
54.927898574779654,55,33.07005389768178,0,1,1,69.12098958411306,0,0,1,1,431.0888672852478,444.5570074978186
18.70896674499832,29,0.4716662427233537,1,0,0,10.807818174069826,1,0,1,1,384.90613175230993,350.412139049256
81.06404284836034,29,44.79181416670006,1,0,1,32.75058754508729,2,0,1,1,355.5425903965733,408.23262077551584
114.20137096570312,55,9.526055855981397,1,0,1,113.26318248781972,2,1,1,1,588.079925812717,570.3582613561283
101.4129823838897,55,5.625388935311658,1,0,1,84.44525655230402,0,1,1,1,524.595089191152,506.26876349774267
45.48252718781909,40,9.78162319247651,1,0,0,68.91644707422243,1,1,1,0,269.4522472250768,316.8899593390415
10.705378811887009,10,5.1037296606676215,1,0,1,34.98000848349024,0,0,1,0,191.5164696253119,182.81759858580676
37.59891013252085,10,8.033563780708612,1,0,1,75.54912963949258,0,0,0,0,108.02285637797995,160.44156767916493
87.0952297786424,29,3.263336188806978,1,0,0,60.68070009803793,0,0,0,1,278.4292855447651,329.7410675102106
72.0963577877397,20,2.469760217092622,1,0,1,46.23465123146159,0,0,0,0,4.703283526473072,131.10384380622517
146.6223551442507,29,44.58348447914562,1,0,1,47.792251381507675,2,1,1,1,537.2515322371238,501.8475453940514
45.80382026340137,20,15.98208960267034,1,0,0,1.5773411323072537,1,1,0,0,98.609352373692,172.85263350726655
137.54461929208665,55,6.086298419476832,0,1,1,93.9016469982652,1,1,0,1,394.4106478343724,484.86232458144457
50.87930395743427,40,14.99330477233103,0,1,1,71.57499570983515,0,0,1,0,255.82074501362266,271.07561835629144
176.50876906574075,40,6.3908017458571935,1,0,1,95.85796135461084,1,1,1,1,611.4859150729789,549.9527556108459
16.694240176633052,120,11.683644314771525,1,0,1,62.51507282968068,4,1,0,1,593.4183503967291,478.3625193510294
109.08779776744281,75,6.207922814542981,1,0,0,80.64547151789239,0,1,1,1,514.4096918647233,511.9480221495759
28.177826251462395,20,2.137551572581479,1,0,0,56.391299321846226,0,1,0,0,104.21878717449482,194.23213284917864
33.09872758544696,40,12.059363559306313,1,0,0,35.6620508901005,0,1,0,0,121.63639573271092,178.66987294974362
76.58614451887854,20,15.88133319466575,1,0,0,54.02104722921313,0,0,1,0,203.61447710683882,227.31546933895098
51.695895395644584,55,11.337709904136123,1,0,0,18.993850751073175,1,1,1,1,412.65533972567306,434.85519771661234
130.07526767991757,29,10.89737297925839,1,0,0,52.78685972885907,3,1,1,0,431.05114072645864,351.96770689665766
141.84749576169403,20,96.0,0,1,0,54.33075511544203,0,1,1,1,520.6168700045023,488.57542569610496
132.3198254016153,40,0.4702081392441234,1,0,0,60.07273300519902,3,1,1,1,488.52525350963344,524.0331106720039
63.73137020609308,10,24.1127053825005,1,0,1,2.661497017135524,0,1,1,0,193.85409386612423,221.89890794384885
20.00794363858991,20,11.419347966610367,1,0,1,14.459288629638547,0,1,1,0,277.8277402878492,217.41305360224558
58.83327116518489,75,26.308104016742192,1,0,1,47.77341486987472,1,0,1,0,130.34100381809336,246.69732629957343
142.1510139368908,20,48.123288492933845,1,0,1,86.19468107126622,0,1,1,1,563.5443310113268,509.6678946542862
39.64889490693096,55,3.6832895626476643,0,1,1,66.87438726470367,1,1,1,1,571.7216619451308,527.4794368229061
54.5604607106189,40,29.486789036020795,1,0,0,44.50691729307223,1,1,0,0,189.33041007804303,226.3327824845352
54.47005772394493,40,11.833858441508236,1,0,0,22.287790487135666,2,0,0,0,94.9404883310101,163.15370792134826
61.48311040225557,40,7.778492125917839,1,0,1,71.61705457652047,1,1,0,1,265.2482470600055,410.8237667644759
47.35367755697686,29,12.684504082755447,1,0,1,49.6461828254977,0,1,0,0,179.86809599100886,198.3954823042069
34.44258160493693,20,19.127366426541933,1,0,1,48.415037514496994,0,1,1,1,393.30269152416196,421.2420654059519
90.86635945053385,75,54.3380255180261,1,0,0,62.975160857209,1,1,1,0,351.5249540615127,348.3667665390973
47.038819045386546,29,10.124906933627363,0,1,0,20.21866606183753,0,0,1,0,203.8960305986264,194.06284129469077
70.02986734444423,20,0.6088400157113568,1,0,1,14.75733421696755,0,0,0,0,140.29058434089825,99.45647754784018
148.44283810553208,29,10.591531058107684,1,0,0,73.43446765447734,0,0,1,0,215.48004787087248,277.22825203815034
114.79304342388136,55,43.982861986818754,1,0,1,94.36302878795013,1,1,0,1,449.93470136136045,460.22677873673007
66.97209817879026,10,11.226140589481654,1,0,0,72.53298375278149,1,1,1,0,304.33645608819637,312.7213338516562
51.35211347617396,20,5.235089380207956,1,0,0,35.96461368396979,1,0,1,1,453.5243396522891,375.72930035709624
111.70873049101816,20,40.79681003173476,1,0,1,95.6098708197959,2,1,1,0,350.35537903902366,377.01374816759994
28.37952194635752,20,1.4811272467056456,1,0,1,26.748229861526237,0,1,1,0,195.45699202077734,230.14567196607013
60.52558551270989,20,1.0864685767770403,0,1,0,36.421819118266065,0,0,1,0,203.89216823156764,215.74828603866368
121.05856678693094,10,3.434272058049257,1,0,0,92.67530325190803,0,0,0,0,234.6876925002852,215.87461722566692
153.49576971011678,55,29.143061500852298,1,0,1,82.76270094495565,3,1,1,1,634.8420332187176,583.6623883432949
37.531366509751166,40,29.38933145564667,1,0,0,45.94461648479505,2,1,1,1,419.28511711426034,472.23686346288963
95.80115363661986,55,18.558844755694697,1,0,0,32.67002815681664,3,1,1,0,415.1877156754722,336.02130814042454
55.16450526288662,40,7.332222869105513,1,0,1,62.5252985660268,1,1,0,1,467.16568959640034,400.2757760680632
17.93908990292512,10,17.62390152824972,0,1,1,74.05229060544593,1,0,0,0,140.02049716045968,196.93931639588308
62.7634298206542,10,2.483593629026078,1,0,0,42.436306463296994,0,1,1,0,232.00543346317835,267.99689134989495
57.62069441915557,120,37.864634862929556,1,0,0,72.54177510722863,4,1,1,1,612.9345123941728,584.9170805798702
88.73650886677358,10,5.22112685154232,1,0,0,68.97158937277374,1,1,1,0,339.5516493693871,316.91167894457004
32.86767923619349,40,40.74268501122816,1,0,0,23.331585981580197,2,1,0,1,435.16886613697943,374.3992113958221
50.70072389240253,75,19.71670455708094,1,0,1,87.89110287168072,0,1,1,1,493.2966302123816,512.8625135878469
33.77955669511645,10,18.153996341369453,1,0,0,4.572390509730308,1,0,0,1,104.90771709860897,258.87531665979117
89.25389745250759,55,38.43384417477633,1,0,1,66.18133276425597,2,1,0,1,490.6258282068829,445.1622391630966
56.868928489236765,55,25.677905439988507,1,0,0,41.042361684829174,1,1,1,1,383.2208732402836,454.25641813990177
48.944649706266894,29,1.3287777759473918,1,0,1,46.2771288102933,0,0,0,0,74.22416327004147,126.202985034546
57.914470942557976,40,41.08933507526334,1,0,0,62.87225172026112,0,0,1,0,299.5178485421111,240.96109155519667
19.160887651990187,10,28.20264850065415,1,0,1,43.99632494085641,0,1,0,0,104.40022646412848,186.0845072951826
68.25757924342683,10,49.24764079601683,0,1,1,52.588681369063714,0,1,1,0,248.74281446330008,304.66396903403376
143.07103694575943,10,78.12668158221813,1,0,0,2.033099733110575,0,1,1,1,407.3947376212691,416.44687199268833
69.5017828223207,75,9.293769991721867,1,0,1,94.43593041750415,2,1,1,1,582.9964880049432,557.9045364945433
72.00317451078443,29,9.544870177118405,1,0,0,51.86943233803606,1,0,1,0,186.07438343547753,240.38190234646981
98.35599416715337,10,20.81046505805996,1,0,1,35.93007359993318,0,1,1,1,369.8142494022882,434.74265986056315
137.45931602380196,55,25.388825393491093,0,1,1,64.62083765288233,2,1,1,1,567.2861052964971,558.6160849598261
47.783595461194174,40,2.0100211859318686,1,0,1,26.112007388855005,0,0,0,0,118.87893037736846,113.28532024731474
49.58005406090442,29,3.1831326624773526,1,0,1,24.843646249876514,0,1,1,1,401.23333498341213,407.39177120420476
93.7820624505199,10,2.511014311271023,0,1,1,97.10909075980327,1,0,1,1,441.0168812603911,472.9633826525747
50.704335087978166,75,22.787197764240243,1,0,1,80.55716824285794,0,1,1,1,587.2119162414114,503.3000384899844
62.43108696227259,40,45.90419451357364,0,1,1,80.56465647289056,0,1,1,1,488.6665682383881,497.9317384760627
78.28622570951526,20,7.106059486846216,1,0,0,4.151896176054727,0,0,1,1,287.67354160812215,335.87621796353665
44.22944920932298,55,15.868738284889671,0,1,0,61.217873689299324,1,0,1,0,356.07705790562,281.8775544218841
50.067702632922064,55,33.709224518515974,1,0,0,37.34164824739779,4,1,0,1,485.9220176421841,410.1943709833569
107.80690206758527,10,33.07205879258987,1,0,1,63.328159026489075,0,1,1,1,425.5823100875146,468.14121658405116
119.7188868098352,40,14.69710947161452,1,0,0,40.82554940539234,1,0,1,1,374.4890157685355,410.61745671929987
46.332267648743176,20,3.047954665033443,1,0,1,63.136009760662304,0,0,0,0,207.1579188710615,145.27092290871224
49.78715600296823,20,0.9673451284714771,1,0,0,76.34638133601597,0,0,1,0,177.02621636599318,235.73836760840913
52.65168534088265,29,15.422866181903848,0,1,1,70.17228293368426,1,1,1,1,505.0379906619798,519.3875099619116
118.5685989120842,75,26.304407647930184,1,0,1,80.45364251417148,0,1,0,1,478.4084402959001,450.1252749833599
68.91642214993452,10,25.503832083754585,1,0,0,76.37737136469724,0,1,1,0,268.31774783383355,303.45477988496896
121.30598692400679,40,26.497927854475655,1,0,1,71.39966486296495,1,1,1,0,354.39502601969224,341.26499799326746
56.345715195868905,29,2.26561667931505,0,1,0,35.786331248403854,0,0,1,0,235.2050618813797,217.8578447678201
38.69374106499286,10,27.220929016387707,1,0,1,32.87222015196039,0,1,1,1,450.8282034174574,405.5462291835546
115.39877899746776,29,1.0642988955835513,1,0,0,46.066037776943496,0,1,1,1,445.59617837801574,452.58267619746
125.96977946415566,40,71.76281344902138,1,0,1,41.46595823951736,6,1,1,1,607.1975691597828,503.42691592215385
77.59762701125094,29,16.551948129819856,1,0,0,26.69853071252284,0,0,0,0,81.42644566144156,114.08477731486981
44.04985331549814,10,0.31088987317793093,1,0,0,0.0,0,1,1,0,160.03417284931479,210.93826814614505
22.671468269548996,75,23.52327010466968,0,1,1,89.92316703906064,2,1,1,0,490.66395939857347,392.0483687950599
70.04670951163666,55,29.77144345437542,1,0,0,31.77010277289817,2,0,0,1,394.9141025043988,337.40913967577467
62.449963863185296,20,1.7194902041049385,1,0,1,25.803943214918483,1,1,1,0,312.82358163018625,252.77128303294185
106.34038405133458,10,51.93264712955486,1,0,0,41.27456508269157,1,0,1,0,224.11579744190666,237.3532491763587
77.24842778443443,10,31.44377065384063,1,0,0,28.04157120284852,1,1,1,0,247.89377137755565,267.15970512517447
115.84043430031953,10,8.95308248981389,1,0,0,50.099878184133274,1,1,1,1,409.22851346093194,471.65059392872877
18.00682655937273,29,7.509270751601419,1,0,1,24.973661203042177,0,1,0,0,148.15174456078185,156.65359436077745
142.33127285161385,20,2.195169264128916,0,1,1,111.13865136725741,1,1,1,1,594.4146598820837,572.6795867203375
55.754817995525805,10,2.469966837229928,1,0,1,42.11302123076246,1,1,1,1,396.467758762054,441.2629418944969
33.94412950175299,20,14.112632436191305,1,0,1,60.82310975690962,0,1,1,1,481.2793490046165,444.2843948011921
28.50946922063385,40,28.8574994296774,1,0,0,29.056620304036244,1,1,1,0,220.85398429134008,262.65359519840644
107.50500199579913,75,2.957632262746548,1,0,1,114.73839184194333,0,0,1,1,469.31418714771144,470.6680470106895
165.62298425361112,40,10.35575677894981,0,1,1,120.4147539552938,0,1,1,1,669.8548500421871,580.4383896260082
22.774505752530818,75,9.422065131939688,0,1,0,57.57358644030249,1,1,0,1,408.3167224434484,420.28626055274145
14.14271936140344,40,14.034865140531476,1,0,0,44.76243728797737,3,0,1,1,419.1883504165173,411.72738496610674
51.771418132712604,20,8.298816805277326,1,0,1,46.293311869010005,0,1,1,1,445.9689707220068,422.9765884480586
150.76564625631238,55,41.86275777072616,0,1,0,83.90578784228104,1,1,1,1,506.66357805296315,562.9455541717267
36.6766578103426,10,55.94342749343535,1,0,0,0.0,1,0,0,0,39.713433460137416,91.34030159218378
31.312506153126275,40,4.587475868418923,1,0,1,43.105570593061664,1,1,0,1,435.45266728586796,374.6278292862728
41.468505787523775,29,36.19592220219523,1,0,1,17.75748302831511,0,1,1,0,208.32282394773281,231.62305665065213
8.07608027539202,55,9.09778320113694,1,0,1,34.47530922254859,0,0,1,1,415.0184787441581,365.0257757311263
105.1226066550406,20,42.22885619925912,1,0,1,49.956583662263874,0,1,1,1,403.037878240987,454.9623067657553
66.81031521285186,10,5.696780561867273,1,0,0,39.333932214129014,3,0,1,1,457.3351892821754,408.1427121998382
146.64202403042773,29,10.767286242699473,1,0,0,84.86603914832588,2,0,1,0,365.20242712409464,321.3008375359747
178.9478230521163,75,0.9062967563942069,1,0,1,107.98573545606718,2,1,1,1,698.4561880831848,602.7122349311347
11.517946040301366,20,5.785989798643034,0,1,0,56.50872171186687,0,1,1,0,271.31801178692723,314.6536862026523
48.59004081314153,75,4.25073613891959,1,0,0,21.101671830980333,3,1,0,1,350.0311667881363,398.02904835595103
86.08462439986533,20,1.5565353142634122,1,0,1,79.40559601876349,2,1,0,1,451.8482319197235,450.0169673597145
11.137127068998332,40,7.110502349173267,1,0,1,52.03044147860251,1,0,0,0,107.09452645111116,151.43489062842642
18.605300271036672,20,15.94661048333558,1,0,1,38.072385637454026,0,1,0,0,162.58517701013054,166.82156460028563
80.45222214980703,55,14.234782891644167,0,1,1,68.55097073736904,4,1,1,1,515.1406653481374,568.0892046811981
19.7506354184352,55,21.45326465513207,0,1,1,61.30335585888442,1,1,1,1,423.9016301626295,513.0291007385841
97.8549855168595,75,28.048052916940268,1,0,1,69.95538177967708,1,1,0,1,496.25709929416195,440.20819894668324
66.24748613299305,55,3.0553523368021036,1,0,0,76.262327348946,0,1,1,1,484.5424341053016,484.44256121148027
143.53078302440636,10,1.1997395100267905,1,0,0,27.43137963420282,1,0,0,1,364.45380628517387,316.62190447906903
60.109840291772485,75,15.117401025432484,1,0,0,33.44109327776431,1,1,0,1,326.2052598702232,387.8826252835707
39.79363024764602,10,8.935294408249193,0,1,1,43.59087874092401,1,1,0,1,363.90336777422857,380.2511975961644
62.448084281242416,20,22.923539646299865,1,0,1,48.225888998882,0,0,0,0,124.83710893591768,130.80155233614894
41.54493534983557,29,46.154461148900495,1,0,1,63.728518910745166,0,1,1,1,476.53301856319723,456.79810773536826
76.89510628124299,29,11.802217050788105,1,0,1,31.38246726318989,2,1,0,1,404.7768989969384,385.5607266361794
37.98705518728379,40,6.245283572335793,1,0,1,53.82849915536994,2,1,1,1,466.34066468604817,480.89497796135316
54.69849834836484,20,5.348682200840437,1,0,1,51.8793223573198,1,1,1,1,444.330893847234,446.4592857851351
37.82685327088297,55,6.154646035750022,1,0,0,27.456565131416475,0,0,0,0,126.94484566831827,121.3511594792977
133.21361514932008,29,21.978222116671432,1,0,0,18.065206451796655,1,1,1,1,439.78689451539105,446.8844031611319
109.45966294908854,20,5.789206574312083,1,0,1,107.55485393825037,3,1,1,1,622.4936606487634,568.6473003979216
55.486848916499746,10,14.62135112216463,1,0,0,3.8065553013494906,2,1,0,0,162.16720537698106,188.04471058205692
37.96141931862725,10,25.241747666251687,1,0,0,11.190247227218215,1,0,0,1,256.59279929683447,266.65946064324777
51.80039812510301,29,15.438393876805211,1,0,0,44.905557729263364,2,1,0,1,342.2357451263321,388.69663837550036
30.684624417586523,10,35.028674306141895,1,0,1,10.083405778950876,1,1,1,1,389.5218488603277,399.2949793542175
151.4952191192473,40,39.1560793039963,0,1,0,84.10469622895687,2,1,1,1,577.7267415007041,577.0473362459521
104.02179623657364,40,16.290849596457843,1,0,1,83.91573753196727,1,1,1,1,582.1810736647151,512.9744266254633
201.48325265417213,55,4.017795098522525,1,0,1,85.63821137114275,3,0,1,0,280.25031274111245,343.282536185617
131.46737329387977,120,12.18256166721734,1,0,1,104.03762074570328,3,1,1,1,587.3872647054062,625.4791417172218
34.82565091661477,20,11.353870094939804,1,0,0,2.455151205436273,0,0,0,0,2.2389394852923346,79.16613143807812
57.91951216022593,20,79.65770947160928,0,1,1,52.34681254848652,2,1,1,0,340.20500823293844,326.42741901523493
90.00356241289741,29,9.771320614294835,1,0,1,92.72230712831126,1,0,1,1,494.87851323523563,450.9320529382352
22.080626867513278,29,2.140587386707539,0,1,1,54.00528301428001,0,1,1,0,271.52206130763005,313.31208852629476
47.89856668324468,40,6.44396072299927,1,0,0,5.948934728501186,3,0,1,0,159.0738112457475,217.655535389604
13.918959295212138,29,48.015397054748114,0,1,0,45.65648357788977,0,1,0,0,188.3986557597815,222.10614058137676
91.70491390882866,55,8.078060271723382,1,0,1,72.6791709106504,3,0,1,0,349.15766687525763,312.95121584364
73.19119278779907,55,3.3376179931063543,1,0,1,75.68307465218292,0,1,1,1,512.6918663061728,484.6612690568131
78.64510716143454,75,9.744275815238975,1,0,1,63.721138029511366,3,1,1,1,565.496034431464,563.7075538094725
50.527357615187896,40,17.395932146555836,1,0,0,32.28481762799782,1,0,0,0,151.0113044496625,139.39616346012843
88.66218065938989,10,24.50169710297028,1,0,1,38.52520814089083,1,0,0,1,313.01247964013237,305.1751297251256
84.20242498529727,29,43.60903726099332,0,1,0,53.86644497608817,1,1,1,0,284.0334262384806,324.85919928187207
41.807959031832965,10,8.330133674590547,1,0,0,0.42513570005866796,0,0,0,0,57.409357456689825,76.42658818084871
60.65213658335802,10,3.212181827027646,1,0,1,12.008968387492459,0,0,0,0,86.59979108709877,87.63165690879954
35.740786687505654,29,7.343373466213299,1,0,1,71.64470628404445,0,0,1,0,242.1047441996626,231.63986780755562
59.90966322119015,40,11.243204249387484,0,1,0,57.2075516342057,0,0,1,1,401.1981986717257,416.7728146338935
57.931944144366405,29,11.037743844787299,1,0,0,11.220157418923346,0,1,0,1,241.83317668855977,312.94624614431035
124.22359042324504,29,12.421971737517808,0,1,0,80.7742321512725,1,1,1,1,562.7841993996276,538.1530444721294
50.53807057624164,40,13.335046378548572,1,0,1,70.08984999535642,2,1,1,1,613.6257438038988,513.1344891368366
33.53019293823321,75,10.601169588521786,1,0,0,89.0828733694579,0,0,0,1,289.7489784422171,369.0284113687447
54.25411523222945,29,27.721680959573657,1,0,0,15.561645151917823,0,1,0,0,188.16618925722554,166.9627496155229
18.2704079835036,40,37.9881014376224,1,0,0,0.0,2,1,1,0,274.03299248594635,269.60744334133426
132.29208289513713,55,10.909587753696206,1,0,0,50.526103358195094,2,1,1,1,499.92234156763124,510.6589688887933
14.89514108804983,29,22.62916878781051,1,0,0,35.17094379361332,0,1,1,1,418.1299924239707,409.0713354358541
214.8602883393841,29,11.424299384948329,0,1,1,111.20569898611176,2,1,1,1,618.8478979768612,614.3011049887879
50.469395245752295,20,6.703395338487057,1,0,0,41.568038651894085,1,0,1,0,281.6877016790562,218.13038860370233
120.07299866895697,20,3.7239687924039337,1,0,1,74.78373917846406,1,1,1,0,255.89408867906326,338.7149315275445
16.424396675641372,29,14.665883545648658,1,0,1,28.190336412043347,2,1,0,1,428.382013103043,364.6792794296689
33.77160842999064,10,9.03418158848169,1,0,1,25.468978190050542,0,1,0,0,98.79683916669018,155.01120622653738
45.46332667161361,29,8.586710711311932,1,0,1,50.39831543984716,0,1,0,0,199.12158672580938,198.7306759483861
86.53860126117505,55,19.616610526963164,1,0,0,61.411630653652686,1,0,0,1,268.33132835970565,354.87036106190976
23.51670269830701,10,58.470968076994374,1,0,0,8.802675714158836,1,0,1,1,375.72869344432945,350.1439352901935
22.033598383108153,29,11.40349593135554,1,0,0,20.731078327455034,2,1,1,0,238.9801630064457,282.7577182019719
153.6528253303407,75,34.29576750977643,1,0,0,39.768989318116205,1,1,1,1,527.0306330853355,484.2481857623473
124.05837006315011,55,1.8580192740743415,0,1,1,89.44794507881826,1,1,1,1,588.5596768110065,568.6673817600291
116.93941703339362,40,6.5267247927399765,1,0,1,64.95493474963833,0,1,0,1,358.9220473659488,399.44891139402495
110.85054905064176,55,5.718943367070278,0,1,0,102.70326217905588,0,1,1,1,488.10046787633405,547.5746094487058
38.6113163704238,40,23.717454316068785,1,0,0,45.27008867890457,0,1,1,1,409.0705638909828,420.9780945201354
39.58171041103567,20,21.918452649956418,0,1,1,33.298491778027824,2,1,0,0,248.48147859308068,230.92272213582254
94.10958732555551,55,16.26853615935083,1,0,0,82.51574952790389,0,1,1,1,519.4609740950307,499.21130221889877
149.40655695078635,29,18.69409680837399,0,1,0,95.90006904387451,0,1,1,0,377.9605003249625,393.12928863799925
49.0811693376345,10,6.141343184214847,1,0,0,23.05257259834768,2,0,0,0,170.58288895846687,154.20411507288597
29.319594308263074,120,57.81700698665045,1,0,1,97.24254096843478,1,1,1,1,563.6881553472027,544.1263501337681
91.98172319094341,40,11.98843344579818,1,0,0,47.675520790805024,0,0,0,1,391.94493778086905,310.8546490125553
72.44147742827349,75,25.260634174686658,1,0,1,54.9735730894292,0,1,1,1,474.204324219195,469.9099402342137
63.28515509934014,120,23.806626889064983,0,1,0,77.26894107735751,2,1,1,1,556.8473071291577,575.5578666059783
46.485513917661414,75,39.342485669827475,1,0,0,57.659724480690805,0,1,0,1,524.5179721217985,391.7334190769174
79.1931894764841,29,4.285834674062422,1,0,0,4.697364097889832,1,0,0,0,154.30809831448187,122.79929761064766
77.23507347815995,40,10.955900369765486,1,0,0,98.07739244235233,0,0,0,1,315.26686859277925,362.5135035563612
61.85375382654739,55,35.04402834882483,1,0,0,5.960359328203829,1,1,0,0,181.0524355710355,196.68165098602537
188.4897041497014,55,12.235488488136964,1,0,1,92.41831100696609,0,1,1,1,481.61394838843336,540.7430102312761
48.13774692171697,20,16.58321532782297,1,0,0,0.0,0,0,1,0,134.40479538391637,157.0598544040049
17.25778976442494,10,1.7431231034504628,1,0,0,22.23608068654192,0,0,1,0,114.1517994275514,159.44556246193477
136.57488936726065,29,1.4620425963884474,0,1,1,43.968913379817735,2,1,1,1,508.3841451284958,510.0682178181044
146.75821079022714,55,12.245383564957686,0,1,0,111.6735928347569,1,1,1,1,595.2953168055186,587.8117521210023
17.291046747933144,29,1.4041610308454362,1,0,1,9.068148578207904,0,1,0,0,110.50418929798178,147.61444447892634
115.38892554413587,40,6.780394678057369,1,0,1,21.779272972853697,1,0,0,1,352.01592041724035,315.3326695460296
90.83329710666831,55,6.3343937059230955,1,0,0,57.77961151184469,3,1,1,1,572.9479450552662,525.7959879188344
109.33503531172094,29,12.710105497674794,1,0,1,30.145583072345445,0,1,1,1,441.12663414910924,430.8192415208845
54.99899747118013,10,12.56447362182085,0,1,1,51.92199106426079,3,1,0,1,486.0888132473185,418.89712020588996
90.93996411216243,20,1.7990865887996683,1,0,0,50.09978351017903,1,0,0,1,330.90447080551877,318.4401448345077
34.89460758288796,55,23.737555941023235,0,1,1,80.29961737309495,1,1,1,1,497.3388788000132,526.3161637101224
32.813960667673285,55,18.4369450554237,0,1,1,74.72252291100999,1,1,1,1,590.1577866360508,526.347033971542
189.57757926716994,55,30.372372032933765,1,0,1,22.742321539871256,2,1,0,1,450.95127408495995,406.1015251932702
56.231546926893344,29,17.76692596662289,1,0,0,79.66278841644288,0,1,1,1,490.5078186268892,468.0846945975832
34.39593675396637,40,25.865423890507977,1,0,0,30.27147486353752,1,1,1,1,453.42351131485196,426.9619542152731
17.002719322694393,29,10.746753700880587,1,0,1,38.17419917500948,0,1,1,1,371.1270408894197,413.7874690681595
102.3841538554667,29,5.088090858848369,1,0,1,104.4926714344601,0,1,0,1,415.45873191398675,430.54487930121763
167.6123402945855,20,26.526663112913134,1,0,1,110.17637697253636,1,0,1,1,502.930963640901,479.6223229928099
85.81451596245053,55,16.74561791456486,1,0,1,66.56591406867994,0,1,1,1,447.227760936554,480.2814006042698
88.13859575763408,75,1.0417897343109543,1,0,1,77.4114609161668,2,0,0,1,494.65133105639376,411.87653490859975
42.510694798757626,75,11.597156002044576,1,0,0,68.05572428373758,1,0,0,0,245.0995230831953,188.04386834676032
42.76068954070677,10,19.903936906562883,1,0,1,19.608545182117044,0,1,0,0,109.66094597962424,152.21480770792414
30.41836462439532,29,6.155546468391599,1,0,1,51.878440662868115,0,0,0,1,114.57032736951334,292.8166786333884
72.48517372222128,40,1.6507306578338459,0,1,1,79.47591100802002,2,1,1,1,545.0516813175647,545.0970465683641
21.09496626263519,55,3.6834812596232913,1,0,0,53.084781673285136,0,1,0,1,361.1458348907912,366.8328252959498
73.25146316188166,40,1.7843196889466135,0,1,0,69.59970935011256,0,1,0,1,343.19275704241596,411.67350575164437
71.42507839181519,29,17.580066304562795,0,1,1,52.00593977431079,1,1,1,1,446.08035735575993,481.75872101604045
76.91970540462326,75,6.664334840493595,1,0,0,53.221622113630644,1,1,1,1,475.78150942230496,481.1872172710426
101.16432992019583,20,11.983194493829608,1,0,1,68.91427451028163,2,1,1,1,522.9665027377823,521.8824886341195
30.616642149040324,20,2.8481823753559024,1,0,1,69.09193094058823,1,1,0,0,181.8418854967302,232.063837564673
111.77631168274391,10,34.46549668809488,1,0,0,54.34534561399236,0,0,1,0,114.2965053488016,241.65053223190364
221.4852546540398,40,23.062205335088834,1,0,1,60.552773835288534,2,1,1,1,561.2797326264543,528.3031410387108
64.45487732975262,20,8.832851148218708,1,0,0,43.82087346519592,0,1,1,1,449.1731333615948,425.8652432503237
37.16438760498119,40,1.667945156748456,0,1,1,108.0019569633719,1,1,1,0,390.4220799967434,374.20446935144145
84.58322200329891,10,6.0307543135541986,1,0,0,22.87920819230306,1,1,1,1,423.39719013955437,440.97497736712006
71.72900737099724,55,18.187955697381135,1,0,0,36.22982782488073,1,1,0,0,191.52954133925533,227.19180043432
43.050101974230515,20,1.6627781071897558,1,0,0,29.740439859368042,0,1,1,0,320.0253238682252,233.5863682899297
93.08058227911935,29,54.81747073577078,1,0,0,36.511121942224136,1,0,0,1,266.7199441749637,307.46212714275
16.301951066025605,40,6.677308600382452,1,0,0,56.895117244586835,1,0,1,1,442.9277104605064,397.3650201724625
224.36422874941758,20,16.9255251381234,0,1,1,127.9453240949181,1,0,1,1,572.5693655474919,507.6073084961036
86.29864543379776,55,4.768228080026154,0,1,1,59.33303416191891,3,1,1,1,599.5744900598216,539.7854745268864
109.38593307893281,75,15.253870710239552,0,1,1,110.98297901175029,5,1,1,1,647.5356736032056,620.3863899097262
62.20067160758371,29,3.258860550292441,1,0,0,41.387532387068354,2,1,0,1,398.8789244804879,384.34136470148326
35.92867903576973,10,22.747992338076767,1,0,1,57.10278351558955,0,1,1,0,287.1163951855732,284.372606559982
64.45862419694151,10,0.34915165796296993,1,0,0,48.840726351012,0,1,0,0,167.41966474634893,192.06476020385213
110.46438727432049,10,15.716822889593335,1,0,0,49.62018013550882,1,0,1,1,488.30290879189533,405.03537166535017
131.57917236350107,10,10.556751604221372,1,0,1,68.77364369224972,0,1,1,0,306.2541893389411,319.99693730505925
90.85822198640493,40,27.35451524700098,1,0,0,21.068885225885076,0,1,1,1,463.0696203109268,421.76964048428357
39.54553162589969,29,9.337665129139404,1,0,0,46.67235577708055,2,1,1,0,291.4696800238469,313.0859870752987
71.57835887196799,10,33.164893165985106,1,0,1,48.523128942526704,2,1,1,1,473.54679291079833,479.7588252574634
42.592714168917034,20,18.24094777816046,1,0,1,31.292467225271718,1,1,0,0,206.80558425048886,190.66898093625665
17.625741247284065,29,2.1917135055336145,1,0,1,9.34228309774382,2,1,0,0,218.17214206771695,183.64439948589305
43.82140616475656,10,5.054902670766585,1,0,0,32.4499785024916,0,1,0,1,310.61988339520394,323.5331581854257
133.9302117806494,120,8.798403356245677,1,0,0,119.10212631410626,1,1,0,1,555.9617022555728,485.8194979625424
68.59822529898405,120,13.901204489960374,1,0,0,38.32432505802849,3,1,1,1,540.813520753569,530.3344096949389
60.08205182373084,40,2.567837619833064,1,0,0,31.82380243234524,0,0,1,0,183.80053323096584,195.97496422804304
124.14173176747349,20,10.471093935309172,1,0,1,74.43167699880952,1,1,1,0,388.07962249147084,334.2808744928646
51.24920869547782,10,13.91109783722313,1,0,1,48.47787661830189,0,1,1,0,265.55042233272155,264.67970931238267
67.83482348784011,55,20.736118857092027,1,0,1,43.83277452248072,3,1,1,0,333.94935134778217,344.84748857983107
53.79294768182368,29,16.879001397415276,1,0,0,61.22233257809942,0,0,0,0,138.98487540517533,153.18692392664659
49.50939229177695,20,33.26991607177555,1,0,1,22.445941406808846,0,0,0,0,120.0679410398288,96.4971157855232
38.45733251236438,20,6.50751984359464,1,0,0,19.04631324400318,1,1,1,1,393.9725910493701,422.58326170886994
48.97614034677801,55,3.7244237828837377,1,0,1,89.81832994400997,2,1,1,1,521.2096203146543,542.355486587818
42.16761785027474,10,26.912903817918778,1,0,0,0.0,3,1,0,1,354.8039461722393,358.99809673638157
198.4517566409446,55,7.872294685250989,1,0,1,128.76691197623828,0,1,1,1,592.9485155960679,566.5488436879745
178.1911068851136,20,10.74281356550113,1,0,1,100.36229101902047,1,1,1,0,375.4766557249121,384.8290128234163
65.23545115803735,10,41.22495612439307,1,0,1,16.341784383508294,3,0,1,0,191.09876500674176,222.7367848316261
76.8635503422375,20,39.72313241949715,0,1,1,68.35834306997508,2,1,1,1,600.79084465611,539.492533228116
72.48018217085466,75,14.706302542666858,1,0,1,78.82244874522635,0,0,1,1,462.72177378339023,439.49876553341346
32.406439263908595,75,20.788687736652523,1,0,1,74.63317919090748,1,0,0,0,163.37078734427462,194.25657754947665
37.48817057003431,10,8.981424604551696,1,0,0,30.564317804840684,0,1,1,0,286.9574217236261,233.50406668307673
29.867388652393476,40,27.64694271609433,1,0,0,21.728118078898124,1,0,0,1,188.74440856071033,286.79816033145744
39.476792919607945,29,17.580466720062848,1,0,1,34.14469198643293,1,1,1,1,510.8162751479065,428.535890712577
71.0628343777796,29,20.54399535505867,1,0,0,0.0,0,1,1,0,214.0709816934713,231.57100019963408
25.764271787891026,20,0.3777306779176891,1,0,0,0.0,0,0,1,0,131.4745111041462,156.03464377562366
141.26338386058882,10,10.30745165805844,0,1,0,36.43926734284953,1,1,1,1,538.4055866648885,475.4852313413762
148.43753505173848,20,8.584400221829917,1,0,0,56.11435001800644,1,0,0,0,158.76440832691182,187.60620091479575
34.985609496692796,29,0.15918935048527572,1,0,1,23.992465131842753,0,0,1,1,382.48592638360094,343.0151276958761
88.80065481953977,40,12.827418031338784,1,0,0,51.47484684250346,2,1,1,1,536.2890276709356,496.16764117981376
67.36288813869719,20,6.277436796962771,1,0,0,18.87902368578758,2,1,0,0,182.83176059055893,210.7230783669979
249.78508981325024,20,25.15616967751645,1,0,0,56.96883885744666,2,1,1,1,496.58784385075796,514.7703771696694
76.51518172904173,40,27.96026037360096,1,0,1,82.95185285035679,1,1,0,1,397.2440232283369,442.1903173928193
105.56723128992299,29,9.943534545745708,1,0,0,74.07159560497631,2,0,0,0,195.73830349436665,231.75822435375588
45.50771325283327,10,39.64946067044186,0,1,0,59.162439192676835,1,1,1,0,355.35038543690916,330.1715493759326
76.54422562648075,40,17.496805068049248,1,0,1,53.688935224073404,2,0,1,1,449.65004176736704,423.8137646644652
46.07602790928401,75,4.188920006773267,0,1,0,103.60479854219243,3,1,1,1,619.8498008907159,603.2524112534799
47.58403538075059,55,10.588184374252874,1,0,0,17.783548426031977,1,1,1,0,298.3363993130041,261.4071224855047
92.01176793040148,40,28.294160742401353,1,0,0,64.06618396864599,2,1,1,0,347.7008520193062,351.20327130888455
111.9761000344078,40,5.975641841572682,1,0,1,118.05629681692471,1,1,0,1,500.23156595225316,455.8257720214017
102.66565048100449,40,5.900511438014974,1,0,0,60.6907307442377,0,1,1,1,439.9367691852931,465.22962061985436
92.86595139366615,75,5.349270312598558,1,0,0,34.0727976976303,2,0,0,0,243.09857758115956,197.22576510512698
193.96081231143384,40,4.469687347898643,0,1,1,105.10215405648253,2,1,1,0,467.3632220390036,424.3641011181937
68.02461261155314,20,14.455546187272336,1,0,0,0.0,1,1,1,0,264.3391683641417,236.54641876056897
133.8749205923358,20,9.973690587987676,1,0,1,68.8832596013735,0,1,0,1,400.4006257657884,407.04622869932456
13.546873290914226,20,10.357437749084832,1,0,0,17.807771589957117,0,0,0,1,245.64579270937102,253.09848130491568
27.925587783044847,29,14.49940770180849,1,0,1,58.07881524943332,1,0,1,0,249.93702266511718,238.61155402348945
26.722261002867818,20,58.85875010084924,1,0,1,16.635351717370575,2,1,0,1,378.0160447791759,357.97495547483794
80.20498450820334,40,60.62331848276343,0,1,1,36.000201971070574,2,1,0,1,410.26625885644216,411.29608952560596
71.06876822500216,29,66.24472074357682,0,1,0,60.363066888071955,2,1,1,1,552.7894715141039,521.6538163270369
111.6267474622771,29,15.495928519871185,1,0,0,56.95728969668879,2,1,1,0,352.73558222073075,338.1537142587667
51.71556150035999,29,4.767567596960352,1,0,0,81.13259694599827,1,1,1,0,435.9645874318674,327.81267238860147
140.5626657476085,55,8.718338146853915,1,0,1,74.74268098089536,0,1,1,1,517.3378656152173,508.2377143149898
139.00406098216718,40,25.341922480158328,1,0,0,75.06314942725109,2,1,0,1,433.3996465080988,460.5043141731265
106.84581070368496,75,31.401791901688963,1,0,1,83.95730269942864,1,1,1,1,554.4025542846639,538.7600560853015
75.24122526833214,75,14.856271669369528,1,0,0,37.68988746942805,0,1,1,1,394.169645423207,449.48356072425037
7.3223027028788215,20,11.541754231884376,0,1,1,79.14173152219463,1,1,0,1,430.7098461838883,434.3542603656432
121.08237107578269,20,0.6177867557842298,1,0,0,33.78674943800384,0,1,1,1,389.64708475938,441.4095036679358
53.39929943265819,29,0.1434253879914846,0,1,0,65.21029100728006,1,0,0,0,249.29165842616894,196.0982531873967
126.6991997843114,20,11.265750565771,0,1,1,81.76208995035621,0,1,1,1,462.3199882435613,526.7762215689108
71.04781968835545,40,18.291797533304837,1,0,1,79.25338023925903,1,1,1,1,503.90546299681495,495.79922250708626
35.03911330525515,75,15.604467351125422,1,0,0,58.65367003930244,0,1,1,1,452.083894490674,470.15469622769103
47.463706365069605,75,18.261569081592814,1,0,0,29.32291353208473,3,0,0,1,366.75030464265257,353.46421656976673
95.79174127998839,20,15.294024873534916,1,0,0,16.015346459237268,2,1,1,1,468.7069410351383,452.4181401319537
42.978467376274864,20,1.704156825790361,1,0,1,55.35394312565928,3,1,0,0,329.732818404132,247.07590583721287
48.25878378228619,29,13.521071225830106,1,0,0,17.906837681164536,0,1,1,1,394.3126291420341,395.5007586465329
25.25889212535171,120,4.850040097364455,1,0,1,55.52210488811368,0,1,1,1,514.8481970935411,474.1222499572571
47.29279217314157,29,0.7837221987937005,1,0,0,54.04848665398002,2,1,0,0,171.1770509624513,245.096734510596
143.1675265940555,55,54.853501716128115,0,1,0,46.37815965546247,2,1,1,1,544.1437777267254,524.8375053709984
350.0,20,17.249546907190762,1,0,0,107.44894633533,1,1,1,1,602.877576889119,567.2239291236042
63.68905908451863,55,21.858575210755383,1,0,0,68.98150978152655,4,1,1,0,391.6277104680087,370.2728530217737
179.83491566540633,40,16.801759596107097,1,0,0,80.55374015063838,1,1,1,1,507.2921634109109,532.9276455007368
34.19628910097753,29,6.43426569951206,0,1,1,46.652345393287504,1,1,0,0,294.72981527934684,243.2240594372295
70.26578039989234,10,4.320269098803433,1,0,0,25.077690894529777,0,0,0,1,300.0671643305892,267.0370842801058
88.14051688570527,120,27.67800618792396,0,1,0,69.12198198953534,2,1,1,1,639.0862544988289,579.9614009089323
74.40175775435691,29,2.281665987819853,1,0,1,78.10738343859694,0,1,1,1,470.08346611574,473.2013627916841
146.9244500251765,10,14.3418915942451,0,1,1,92.55392142811044,1,1,0,0,226.7699921612688,308.8384477666994
65.42171270845081,120,12.783591883412898,1,0,0,71.77095865680802,0,1,1,1,583.9986388493671,506.8713309337384
14.486119689976087,29,12.510596231273231,0,1,0,68.11704421824444,2,1,1,1,506.215433057244,536.1803559969866
80.8415875220923,40,3.0875170668980414,1,0,1,39.93502105460165,0,0,1,1,385.0110119650159,369.86146557829744
105.28156973501592,40,10.39198744784409,1,0,1,90.33103103351223,0,1,0,0,239.4213598593707,266.0979230096299
35.27572934978192,29,14.008747049093346,1,0,1,6.420480005742533,0,1,1,1,370.3028707487664,383.40910182163486
60.22056190719622,55,1.2269074090387173,1,0,1,82.3208877199821,2,1,0,1,437.3882596886755,455.81516974519724
112.8509715744006,20,11.254901998645474,1,0,0,39.81184871493601,0,0,0,0,103.47661583571842,136.41075166386213
49.90906336414942,40,56.87366206987689,1,0,0,60.39924458226119,3,1,1,1,459.4400072470987,508.0714442027256
65.45423747851034,29,26.91402793080853,1,0,0,28.232504900852106,1,0,1,0,134.0714343364682,212.39120816795784
17.914727646608988,10,9.008451935079002,0,1,0,34.513603741267275,0,0,0,1,256.30049972396296,295.1279957256902
23.567169836295566,40,6.492424722578565,1,0,0,51.95785714949782,0,1,1,1,436.45637234641947,429.267155562841
33.356303724510504,10,16.736541665939335,1,0,0,24.20214931915646,4,1,1,0,431.8709268910758,292.26639150799707
62.827474595309646,20,1.5040035823152829,0,1,0,31.64326965282103,0,1,0,0,217.56828208858514,201.2509489430149
63.90064022454069,75,3.8306614592045527,1,0,1,68.08969411309802,1,1,0,1,441.96778237820826,428.7574712173315
103.74914459761239,20,16.00503842094733,1,0,0,51.83296549775908,2,0,1,0,232.82425774642184,275.14480518720416
62.16946952959997,29,64.63971348055364,1,0,0,27.91067694559764,2,1,1,1,375.49936676339007,453.73557962128604
154.6218873461753,40,30.322556436879808,0,1,1,94.74173444418332,2,1,1,1,626.8701595848363,595.1398976913213
98.93803813062459,29,4.4682172852917565,1,0,0,31.583998856846996,1,0,1,1,395.7005236283373,389.37023384666435
37.02247822843505,20,22.21599978014314,1,0,0,57.85649737992813,1,1,0,0,236.1715899382193,222.05967594920983
68.35285467422439,75,34.09011843822869,1,0,0,34.66831100973318,0,1,1,0,308.4349112782558,285.10950183970044
11.753869219280418,10,45.43768008468009,0,1,1,33.729744719142715,0,1,0,0,126.85442347255885,195.39515821056733
112.41415319277749,40,28.45481973294782,1,0,1,91.8290642266303,0,1,0,0,239.29568722315844,272.33190651426776
49.53080647767405,10,28.497066509178246,1,0,0,42.0039709016921,0,1,1,0,285.09111990935395,258.4293335605197
40.40779056856677,75,6.162793926315562,1,0,1,78.30248244531393,2,0,0,1,400.03151645490874,403.899041023589
77.5547688641928,40,33.958700917128276,1,0,0,20.550291420197023,1,1,1,1,450.73143086249564,430.496457313137
82.15170197464174,75,13.364613546547124,0,1,1,88.41674195347143,2,1,1,1,643.5056328852434,586.3552930637021
65.70129249917771,29,15.472938372963041,1,0,0,27.734486137880758,0,1,1,0,224.01290044484836,244.99425007457083
25.618372601468618,55,25.926599195120176,0,1,1,47.819677396613855,1,1,1,0,316.6934066683284,312.6947849162377
85.7244265298142,29,20.036853968479843,1,0,0,37.44957753115965,2,1,1,0,267.59845570056007,316.7070401289584
73.49971170846831,75,19.93473260801021,1,0,1,33.58484521077327,0,1,1,1,473.3839848384531,449.0653674766643
42.13925440029724,10,36.33171874069253,1,0,1,43.310472672208554,3,1,1,1,503.6567784035446,475.4923099537804
21.63138140468281,29,19.41252923819205,1,0,1,79.58410863604024,1,1,1,1,526.9373002855241,491.12093348596204
44.75237171775079,75,1.2169941866166156,1,0,1,85.0969204673338,2,1,0,0,256.21243237115385,300.5007656903569
40.86503295199066,20,28.877171799454317,1,0,1,44.824760720177636,0,1,1,1,375.20669599465197,416.65965266651875
70.28462440162343,10,18.2254843752021,1,0,0,74.64159603426042,0,1,1,0,338.24888505033164,300.39685529233395
25.949378023893775,29,24.525913635210685,1,0,0,11.397330699321335,3,0,0,0,168.18614096352582,141.80286568790896
41.13529014339605,20,10.314406556427011,1,0,0,65.68167277703256,0,0,0,0,76.80152267858404,147.24794226243392
82.01507239294479,20,36.913799643049565,1,0,1,56.6363835760841,2,1,0,1,396.5335387962213,421.67737927581106
121.59478371529437,55,49.722736972390905,1,0,1,96.50614302842855,1,0,1,1,465.42462233042215,481.4288086486675
87.74655105494575,10,22.236217727374125,1,0,1,63.02547415527111,0,0,0,1,283.3666489082785,331.64829159652294
65.96841330417534,120,16.417435731032615,1,0,0,40.391593108257126,1,1,1,1,580.1745331766865,476.48545670550016
31.259406619799833,20,7.132135886094083,0,1,0,32.435624565448734,0,0,0,1,237.59630519424974,296.81263577017234
55.380369361450455,55,33.447408967471155,1,0,1,70.53515959093107,1,1,0,1,346.24473734078254,413.3197819482648
233.76672602421337,10,1.5305082593228343,0,1,0,94.71530454838532,0,1,1,1,539.5210837170761,568.6153330331084
100.33367795494581,29,0.9101065366428801,1,0,1,66.51847774883046,1,1,1,1,483.85918789088817,496.4522209299934
122.34922657745088,29,33.955542843328764,1,0,1,44.93052777440989,1,1,1,1,399.04268268418934,465.24446624041923
89.29061152592197,29,54.17791316890917,0,1,1,99.60491174440534,1,1,1,0,372.67637833976863,375.74904849651017
48.34629114599473,55,9.031942849606812,1,0,1,41.242086535630676,2,1,1,1,508.85805716351723,482.26025789136787
58.43918919170258,10,1.079751479856214,0,1,0,27.21848211839619,1,1,0,1,325.14485272072346,369.08661804454874
159.78853670737897,40,30.41648210180153,1,0,1,85.89839150027274,2,1,1,1,601.0310570934346,559.1516878580132
26.771102110469894,10,0.8139412729305479,1,0,0,0.0,0,0,0,0,36.77681759625274,71.01371874827957
219.90793651568984,29,19.84852932026168,0,1,0,73.58044223183934,3,1,1,0,474.88905471837876,401.99774123379575
57.47172764413024,20,10.450274532912674,1,0,0,28.24192679239871,1,1,1,1,453.9950256467995,430.6120963818872
88.82706029265411,40,15.161595871640992,1,0,0,72.39703724683649,1,0,0,0,247.4277497240252,197.75659712730297
83.54309750578713,55,16.753942049384047,1,0,0,28.713903488710706,0,1,1,1,524.0641535342431,430.1125353089057
58.56568629958989,10,0.4686820196087068,1,0,0,62.556876003996116,1,0,0,0,152.99620522167746,162.08437718817254
7.761109966181349,20,18.010480691822977,1,0,0,2.9622396060076355,0,1,0,0,148.6727280441499,140.5636324718679
77.1280762000311,55,9.853588148344967,0,1,0,71.23616654356985,0,1,0,1,371.8447800885186,419.21288454812935
145.94903732745342,40,70.68948170477209,1,0,1,97.49010824323719,0,1,1,1,518.7564280740276,526.9281971734446
43.858540819687605,29,15.301350337444015,0,1,0,55.84445932919847,0,0,1,1,310.20856232639926,405.19835336653745
76.12712846863431,120,10.593708137295993,1,0,0,43.71607558945102,1,1,1,1,502.0387998410188,480.20476238334027
133.84687480093297,40,28.412982025664846,1,0,1,42.20262799304464,1,1,1,1,447.4625248002407,462.7776025006758
106.4489850152436,55,14.689153192927687,1,0,0,89.236560726958,0,1,0,1,483.9180740647836,434.5173609523926
198.24408800065072,20,22.69637148349742,1,0,1,93.23214225407855,0,1,1,0,332.060218172,374.9507928930257
84.37888317540967,10,16.504307565863634,0,1,0,69.46376940530014,0,1,1,1,445.90148389515315,499.4666280503151
19.46340757148917,75,17.897567006170163,1,0,1,70.51698560134652,0,1,1,1,525.1686294675616,489.7607543760834
15.538953739515362,20,2.559061768089963,1,0,1,58.48287631780251,0,0,1,0,181.43849744382638,220.43530109930362
11.107788933855655,55,23.615989650007034,1,0,1,56.621223185057715,1,1,1,0,231.92550637609077,313.7266186042542
59.63723140154296,20,42.478735990217096,1,0,0,58.168138665164896,0,1,1,1,400.13742170336207,436.82632829915286
70.84827529192879,20,18.515805566328297,1,0,0,48.6638199889777,0,0,0,0,116.84255650552014,134.27391724893116
7.927895338656211,10,19.687216038680905,1,0,1,40.99000601465568,3,1,1,1,521.8011976784696,472.51202576848516
52.25354144856623,40,23.971364568082294,1,0,0,53.54999447735893,0,0,1,1,247.75484469256332,377.3368348363887
27.195114932846316,29,16.290467733428887,1,0,1,40.191290230106596,2,0,0,0,229.69367249282715,166.22957199314004
21.029952416088456,20,39.11230992323933,1,0,0,0.0,0,0,1,0,89.91102522333921,163.56065134417588
28.616583514042116,20,7.744703998497154,0,1,0,54.34077443111957,1,1,0,0,304.4157857659561,248.7946785293502
57.60996315194408,40,21.261893424858215,0,1,0,63.27006674680297,1,0,1,0,247.59060663959582,276.11607233891203
57.290386859516175,10,2.4419407196292227,1,0,1,27.112643017394415,0,1,0,0,172.01671124468663,158.4965679291987
176.47097015163354,10,8.25768538863971,1,0,1,115.21991153973275,0,1,1,0,354.2090822019782,380.62714639240073
83.52518303151516,29,2.216381263460451,0,1,0,80.16776638773624,1,0,0,0,185.96738059016178,226.42201369362712
27.149124276657165,10,6.5857891899526075,1,0,0,13.020599236147735,1,0,1,1,352.3021727959441,347.5970319831476
38.7456642148167,20,1.823095724145903,1,0,0,15.459097305502159,1,0,0,0,30.220672683799492,101.27210622303296
72.53553955637464,55,2.0808829215926368,1,0,1,43.59492224862594,1,1,0,0,177.13944570087415,240.6803877378712
36.26667130548696,20,0.3032106640588864,1,0,0,28.964164860589243,1,0,0,0,111.73162975796512,122.0073402695544
78.89887254578441,55,34.55057845011644,1,0,1,76.31626059839893,2,1,1,0,330.0514497224281,368.9862150407385
26.73416976387461,29,18.262492007547955,1,0,0,36.766961955670126,0,0,0,0,85.43640547892095,113.5577490341788
197.0225421382299,29,3.1523931764242903,1,0,1,59.9279368507067,2,1,1,1,585.7392255416848,520.6510310655265
90.99167133837017,55,5.639221364823697,0,1,1,79.99612193517714,7,1,0,1,513.257285049525,485.72088991329076
56.16111316479508,55,20.35885904975438,0,1,1,48.441904406077256,2,1,0,1,529.6251922716277,423.8982951601037
65.82823855279844,10,19.75808686988298,1,0,1,59.50545396040666,0,0,1,1,323.2164727091543,381.7074267733784
82.9993866045512,29,16.183808448563006,1,0,0,82.16015602258582,1,0,1,0,373.92408436001085,274.22300359327625
61.44427038569231,75,7.528251086746336,1,0,0,48.462558501244,2,1,1,1,503.7049216893078,503.5814805595561
138.04557447129147,120,3.089492712799038,1,0,0,91.54595305305254,3,1,1,1,634.1657875702557,621.7560652554546
121.48323001593762,120,12.839091569077727,0,1,0,124.29743389655691,2,1,1,1,697.8326355605382,628.2019733330272
48.549611582255714,29,15.673448380139627,1,0,0,38.93721444177548,0,1,1,0,250.86839977131902,257.6280383210369
102.59086393957085,10,36.864369998579065,1,0,1,37.27672108048646,0,1,0,0,85.45970176890788,192.0138836789957
55.83016849034676,10,6.514102547420902,1,0,1,9.701777746140671,0,0,0,1,181.4350441241549,250.5063706426044
89.59524964120338,120,14.932238618573052,1,0,0,78.04350280321812,0,0,1,1,400.8249351326052,448.5554429279018
70.49321842774528,120,27.12668679464868,1,0,1,55.8901390998126,0,1,1,0,317.6401535679681,324.0237256893078
60.97580514538832,20,17.216274432696373,1,0,1,23.361634829429953,0,1,0,0,77.61534917533703,164.05848989811554
46.9087370726081,29,8.341024613556735,1,0,0,9.580380509157127,1,0,0,0,77.75774337575393,113.0510850480473
53.35274145383084,10,20.29421087311426,1,0,1,16.222026349932825,0,1,1,1,352.62485793985013,389.20694610450056
28.894084001031498,55,8.804416238840918,1,0,1,49.391259258920655,0,1,1,0,307.8666726972262,289.08412488198866
60.66284262208711,20,3.506290977621862,0,1,1,99.17704340752788,0,1,1,0,385.54618652380367,358.1927691320863
143.79186195693606,20,9.67844020102758,1,0,0,98.16542162657845,1,0,1,1,492.71606822522796,469.80076602973384
19.621987848933042,40,77.43530076600318,1,0,1,63.08269582616778,1,1,0,1,345.8634956474371,400.30021800157243
51.236784536545855,29,24.411875717529103,1,0,1,5.5341477807180155,0,1,1,1,408.71871992868734,383.88074746183423
89.80395784825306,20,1.2832720249524512,1,0,0,72.32404212769562,0,0,0,0,122.10328792004972,182.1108665185975
91.60036968379228,29,3.5760753225135233,0,1,1,115.2314178800392,0,1,1,0,371.46669505258865,375.42611592923123
50.5998627022423,29,3.4655762538965913,1,0,0,37.56894921708671,0,1,0,1,327.25799509742285,335.06720047109184
126.63385713882965,75,7.751106827638354,0,1,1,80.8207930454087,0,1,1,1,538.1682088222077,549.4252875224581
75.75640429712661,75,27.01890084886663,1,0,1,55.14530957271886,1,0,1,1,445.7181074598683,415.01493142310824
51.516941305483094,40,38.71389247967332,1,0,1,56.09768036611876,2,1,1,1,434.48664414268006,482.961644366211
24.55891856990782,10,16.00666484131536,0,1,0,51.06681942980823,1,0,1,0,298.3838179831615,241.38594856872373
13.06555470778604,10,28.433116205929036,0,1,0,49.78648372852342,0,1,1,0,275.3105031740154,294.09549276929283
279.8309413158341,55,5.235278075944232,1,0,1,120.99971783101155,1,1,1,1,609.6742614291142,588.5397772196186
77.0546737171157,55,2.330332330270504,1,0,0,34.86042157018339,2,1,0,1,334.7144527137802,403.245822194978
21.59892352373207,10,7.250062044636235,1,0,1,24.41069905156803,1,1,1,0,159.92582036447453,246.95500922421454
40.72619368775947,10,11.103663990380491,1,0,0,15.055051307768904,1,1,1,0,273.60069221790854,235.71766684354364
44.87048412936616,20,3.326775157898093,1,0,0,14.736576776714543,0,1,0,0,120.03568638624219,149.79765833423397
14.529580635353403,55,20.983493755731843,1,0,1,42.7696073601879,0,0,1,0,225.7906906500867,213.0204770477348
69.94097551028524,29,3.7205392965285333,1,0,1,33.29092555488285,0,1,0,0,203.56489962585871,178.7031890481773
38.86172541685328,29,0.990974674032346,0,1,0,68.62818174767564,1,1,1,1,473.8440422815655,518.5012363114499
18.92961792704797,55,40.46235681545265,0,1,1,78.2069284444479,1,1,1,1,619.0544456916458,524.8619222734037
149.99700550547297,20,41.171908585109264,1,0,0,91.44882360349669,1,1,1,0,477.04780717701374,371.2303761097771
194.1202286327583,29,25.29732769431621,1,0,0,50.75056719391016,2,1,1,1,591.5011696878714,510.3748632370828
7.954209184648029,120,31.578306735878332,1,0,1,29.767650317539484,2,1,1,1,524.07067098364,492.7855992803315
79.68280043317937,20,17.710460912818952,1,0,0,0.0,0,0,1,1,358.63480394921487,337.0131867490491
11.075185271941322,10,4.830408068683378,1,0,0,0.0,1,0,0,0,56.69265900893365,81.68363291405244
55.00000477582165,20,22.495215278424606,0,1,0,87.33700496796874,0,0,0,0,185.85840069111856,200.85137025610754
124.34266228969894,29,28.927244924502844,1,0,0,66.28864406478527,3,1,0,1,515.3445927498577,458.2645743708574
187.66533542866685,10,67.77629435116717,1,0,1,78.62192806337679,1,1,1,1,489.41658126117284,527.2897683209737
91.64216868040229,29,42.614833985996455,1,0,0,51.04982285451477,3,1,1,0,355.1586876440673,337.33214384900583
43.11367806880391,20,2.366888672423685,1,0,1,14.637464495579508,0,0,1,0,132.14285176097167,159.65682038629973
56.343205980304575,40,60.41680393777999,1,0,0,3.2185028659402946,0,0,0,0,62.506357100421525,104.44051286788937
45.510470718234366,20,13.844515509075249,1,0,1,102.85328731918159,1,1,0,0,273.9269487878972,256.44605803362253
38.42849810983489,40,26.04070565927556,1,0,1,76.87547705439322,2,1,1,1,497.0857104489854,517.3876520190148
125.17509882263296,10,26.82280495657744,1,0,1,54.3004982344271,0,1,1,1,440.56297268024747,462.6955548949277
114.3309133660954,10,2.7415926014237355,1,0,0,85.13806811654558,1,1,1,1,464.7939335111687,513.3842827930649
54.45246839989514,29,9.030054718709073,1,0,1,53.108654993245764,0,1,1,0,216.2394529610417,282.3758561992632
127.71544063047365,75,21.031330149719427,1,0,0,86.02642185803498,1,1,0,1,540.6497281477438,473.2296382858759
122.97586676486696,40,9.490874387539868,0,1,1,54.62065904010124,0,0,1,0,218.98142048635455,280.2155200520474
129.50608243816177,55,20.39374161456548,1,0,1,81.33430495716709,2,1,0,1,532.9824265330232,481.64457716201565
51.25320421459519,29,23.503871559798313,1,0,1,27.517683335097708,0,1,1,1,361.0231451363187,401.53719531625825
78.05053654295467,20,50.282816701537655,0,1,0,58.96720500935224,1,1,1,0,310.35299853780657,333.3374143619054
168.46013592482618,29,15.279101316900045,1,0,0,62.43104189652402,1,0,1,1,421.3346979360961,447.78457749792693
71.75655398804825,40,26.9111675012274,1,0,0,64.70536222694405,0,1,1,1,449.7216512455011,463.68494511544
93.2896026894305,20,1.3198475204403877,1,0,1,53.912618137758535,2,0,1,1,489.765667768989,420.8418506078381
113.09837113562361,120,6.807478385407988,1,0,1,79.11453399996005,3,1,0,1,505.2338236398022,498.8105667615414
20.58166730157212,55,6.50188000584261,1,0,1,59.523648478472964,3,1,1,0,354.9127685122397,354.1251466973663
87.18933120255909,40,10.16484224652928,1,0,0,121.01613805858591,1,0,0,0,248.2018679614748,217.64763649901812
59.01791112945297,75,14.671976148735787,1,0,0,15.953960019879048,0,0,1,1,281.8964510942489,363.10736837736
172.85545741287498,40,33.80093165581678,1,0,0,46.84369387622078,3,1,1,1,547.6022945972263,513.6416148694175
23.491505170868436,20,33.41905433735669,0,1,1,94.4794841213922,1,1,1,1,521.2708574128256,532.9500675614592
87.12217902702305,20,28.524352719125986,1,0,0,27.206846164788843,3,0,0,0,191.0060136216212,182.96203702318246
25.705437613343523,10,4.386155025290127,1,0,1,59.47173866659304,0,0,0,0,90.20512943901556,137.00895501496942
41.2715575422798,10,43.758454105755796,0,1,1,65.51355344092357,0,0,1,1,392.9579503124743,423.5474756045327
6.462667712602972,10,9.280253034264666,0,1,1,30.595816521575404,1,0,1,1,444.7360120305674,402.2268333091515
46.280726852784724,55,2.619396739292822,1,0,0,60.71100105465699,0,1,0,1,356.13470343936655,377.7288910045392
72.07229701118568,20,7.849216368151312,1,0,0,22.705495299818274,0,0,0,1,245.11404024152287,269.53988493010485
27.555410016401293,20,23.780711207682636,1,0,0,26.437701453206838,0,0,0,0,119.78776968546074,98.58809165500263
34.91030408192103,120,2.3407740824376497,1,0,1,84.20779769812945,2,1,1,1,557.111673008815,557.8298990089343
57.83976920703485,20,7.81001777642871,1,0,0,12.559071584700767,0,1,1,0,223.81595859861008,221.02844108953295
126.44052557413661,20,23.12464851299197,1,0,1,62.7076501204178,2,1,1,1,569.6438034341431,518.9170630587422
18.26036710261599,29,23.14877246205172,0,1,0,19.892188135244396,3,1,1,1,479.8956947498395,473.1335856767495
109.22914520217735,29,0.4547005637126766,1,0,1,68.59903195830917,3,0,1,1,493.87178091908396,467.22635494224056
57.0591659664068,29,4.428452330042862,1,0,1,26.238851583234943,1,0,0,1,296.63363159585066,282.36578163268786
67.71788820307508,120,11.027599479887023,1,0,0,88.95021293932899,3,0,0,1,452.7596538229212,433.37102560455816
135.8171372911525,120,3.2308426504115966,1,0,1,111.3323196734419,3,1,1,1,681.3359958074423,629.2229037600995
193.33675602970106,120,41.157850895505035,1,0,1,108.73687632051656,1,1,0,1,499.91734955691913,488.7886282874739
28.773841199118603,55,0.5127591191047067,1,0,0,49.05979372225506,2,0,0,0,222.64324967884897,184.7602117086892
202.93442512330338,40,15.234895742580429,1,0,0,74.18766853573258,0,0,0,0,188.1983986450507,215.595515896287
28.050622448572376,10,33.347986764609814,1,0,1,0.0,2,1,1,1,390.68747282151867,422.1582465492496
83.41420838870732,40,27.43602817102466,1,0,1,56.55936077873079,0,1,1,1,399.0026000488621,455.34648114042034
157.06163005977683,40,7.83777925015093,1,0,1,73.62594845350932,0,1,1,0,317.49916897433343,341.1801509832616
108.50678427732808,40,6.137926580492474,1,0,1,95.14551734876245,0,1,1,1,516.5326436511555,503.5543795074398
51.991427358389046,75,5.372765864075303,1,0,1,89.63151673277785,2,1,1,1,466.1385736858421,552.5537526468449
62.259484059984516,10,8.91245248721563,0,1,0,5.845012870127242,0,0,0,1,304.3934650711868,285.92141456942204
40.954132684445696,29,15.90619143221945,1,0,0,46.9109723528595,0,0,0,0,142.49914964908882,124.16936184997898
36.015461336081486,10,54.68312792475856,0,1,0,34.50887121750938,1,0,0,0,153.15894825052877,151.0708370341468
70.73444447472417,75,4.166089925295761,1,0,1,63.81999242825295,0,1,0,0,220.36184221245563,234.94794220050534
20.162554123475623,29,12.802357022699487,1,0,1,58.09576636226373,0,0,0,0,189.52521666072647,141.59654381106083
150.16145119076313,40,2.4514976413763474,1,0,0,76.5297582970447,0,1,0,0,253.67840426192706,261.5908753932483
94.48697042646461,75,26.095998194807418,1,0,1,56.58999142767453,2,1,1,1,516.080734833521,516.9664660767236
77.5491688650858,40,39.430377615880474,1,0,1,70.18690603333386,1,1,1,1,474.21076994754566,490.7015246226324
88.03722355294622,40,4.155906145483994,1,0,1,69.23623449266879,3,0,0,1,388.26807273025645,393.306140436091
106.21163848883634,29,8.657691415422104,1,0,0,39.63165183001739,0,1,0,1,419.30613058115523,350.9161823601395
289.9581904420331,29,13.928127389599199,0,1,0,119.43734125824355,1,1,1,1,664.4620942562384,599.6392662864396
162.42481923836291,29,5.096157380976548,1,0,0,77.74152499536675,0,1,0,0,250.82371528183182,268.245129477209
20.091508932446143,55,10.95396349521962,1,0,1,29.84752980447924,1,0,0,0,152.20149432925155,133.82193013296643
47.36472116134102,29,8.991710200423308,1,0,1,64.60193846954127,0,0,0,0,136.3335204087308,151.40795950368397
71.54512408826812,20,35.50022312252944,0,1,0,86.39629250116309,3,1,1,1,598.0595430581142,560.4336165375096
87.62734369695974,29,0.5740701147846661,1,0,0,41.26915860253259,1,0,0,1,254.91008817176873,309.45160719799765
27.797378538859473,10,8.993127185946697,0,1,1,75.23939913589865,0,0,1,1,416.5895687503004,427.48774635429686
143.64197791993536,40,3.008151280461202,1,0,0,70.27820605905188,2,0,1,0,269.28888210548047,311.6725175437874
74.68300807663108,20,6.450063258985564,1,0,0,61.690578592335925,0,1,0,0,231.5738552810071,209.23020723061214
16.551069077784515,20,26.007941004519182,1,0,0,36.50948762344396,1,0,0,0,98.37460474041588,128.4161662159918
92.76704467688333,29,2.6305794147450796,1,0,0,30.34482869660264,2,0,1,0,283.1301246773078,253.0283858748801
119.5961818075051,20,6.722732520903197,1,0,1,95.70020035707127,0,1,1,1,554.4276779625449,515.6480043859658
65.12683695471414,75,45.91447338264277,1,0,1,41.13371856708939,1,1,1,1,487.10304172683146,467.0035420093114
58.52229878206161,29,3.3943180783052225,1,0,1,74.56467306957165,0,0,1,1,353.0360715158727,409.57536375156445
6.419004614942292,55,0.8582053278244269,1,0,1,22.203821280131972,0,0,0,1,230.2089294555291,277.6470859046666
142.88289284494755,55,5.544217336182332,1,0,1,84.88171392090489,0,1,1,1,571.5856773784365,528.140778007372
23.604473213324063,40,14.592628910905585,1,0,1,54.052564777403354,2,1,0,1,407.2308618093743,404.0918760731871
154.9641545720129,10,11.615769205018228,1,0,1,24.18481064207476,1,1,1,0,203.8337415125813,285.3390191029751
41.69570787689562,29,7.380702085142672,1,0,1,58.63760373868524,0,1,1,0,312.2469697839075,291.10750652949366
56.44591560826367,29,19.130870471120545,0,1,0,13.959733560835815,0,1,0,1,422.49394900465785,347.5453910779625
239.23071421610024,10,29.802526074369112,1,0,0,88.12954302492194,0,0,1,1,372.06405254911266,457.6427726031396
15.341930579125762,10,17.600458249352794,1,0,1,41.02453980652444,2,1,1,1,378.5859649083414,460.6496672489947
63.25250718988795,10,3.9923579492425048,0,1,1,55.688082920551814,1,1,1,1,566.8008520405436,485.5763238357367
18.826175260041154,20,11.628935819240931,1,0,1,46.28485498738315,1,0,1,0,192.15138579869256,211.4120470202151
82.53942174760279,55,9.371482352489638,0,1,1,64.56927344257642,0,1,1,1,548.2938871849552,509.68399269228667
152.8673175465041,55,59.7071901506185,0,1,0,93.96460564998432,1,1,1,1,594.019136025648,571.8791401712763
53.589471638925325,10,2.0875446653472554,0,1,0,98.56234615557408,0,0,1,0,297.71182208155517,277.48148627058134
26.467259463113834,10,10.052400612173567,1,0,1,49.7764733813994,1,1,1,1,482.372745009946,441.7818641863052
50.6728181692202,20,2.613879532166958,1,0,1,0.0,0,1,1,0,197.5609495329582,212.07965549429878
17.665835524621876,10,20.176907154746587,1,0,1,37.25760298225658,1,1,0,1,332.392443917068,352.1647545566063
45.95012097264398,55,22.440283319693666,1,0,1,61.49316203596777,1,0,1,1,399.6879632006934,422.55108734185217
123.99764385247218,20,73.5531289071017,1,0,1,58.57347257493528,2,1,1,0,303.8329796163099,340.52910931019596
35.18132971765214,20,18.281551391151446,1,0,1,41.126178836116445,0,0,0,0,160.7233655602622,113.42557628812223
67.62537934712985,10,11.826080979825452,1,0,1,46.40484490260052,0,0,0,1,304.7443271640447,284.979054107344
49.82804520785323,55,5.778796939041631,1,0,0,72.98006695218362,0,0,0,1,343.4847982874944,339.3477490580584
46.43505229688219,40,30.96735857120114,1,0,1,42.929991287960924,3,1,1,1,441.80467642995933,480.93175321893614
38.77434588360001,40,23.776226086551397,1,0,1,39.49901477336472,1,0,1,0,209.73917254227248,222.06118609070163
120.77834223743615,10,47.71048951869886,1,0,1,47.88791409214155,0,1,1,1,477.11218409519506,452.9576244745954
140.260936463331,75,4.0369993604797,0,1,1,115.31802421111698,0,1,1,1,582.145200578855,585.86618588235
74.26502924439049,29,15.17361395397929,1,0,0,71.61133085002372,0,1,1,1,430.6958512678894,464.29185097903303
130.42812783993372,20,2.8113528767476206,1,0,1,36.00901517007037,3,1,0,1,388.7577631202666,400.33369519449457
5.412437219740247,20,0.26366663741591634,1,0,0,0.0,1,1,0,0,232.27823455231658,159.78202971958183
30.87259954227269,20,8.1333304716138,1,0,1,53.3782453762561,0,1,0,0,224.4817490528934,194.002922897141
34.358991262424475,29,18.130109749467582,1,0,0,19.935499441598246,0,1,0,0,200.4422204267087,161.4327454770522
48.48320192565601,29,1.2754372082619345,0,1,0,78.23534627447638,2,1,1,0,355.35655069384745,366.4940664753474
79.03464007487929,29,66.971564376148,1,0,0,24.79285464078341,2,1,1,1,422.42031675791634,455.2179067500014
34.03016012150434,40,6.911717712642312,1,0,0,23.794227141587292,1,0,0,0,126.57383303780183,124.80081539141439
30.13528370815667,55,6.346758748002275,1,0,1,65.17331596043496,3,0,1,1,434.4082824392888,466.12828124943246
55.393871190715,120,23.017740976478233,1,0,1,77.21864997594135,1,1,1,1,555.1396644187722,532.7986986763682
36.05843532978783,10,10.647164861366281,1,0,0,24.16193936053011,1,1,0,0,92.60528133485595,180.7595865361235
147.88138629162367,55,12.947801162850347,0,1,0,93.49706481338544,0,1,1,1,566.1670028880267,566.3384079422161
30.90055119192038,20,28.650555273283906,1,0,1,57.19049450007283,0,0,0,1,320.44190369288606,299.10946828676543
114.85995769424353,55,2.397404692096751,1,0,0,56.61345332582817,2,1,0,1,437.9927866219488,433.3589870704535
26.175613470739997,10,10.82506972125486,1,0,1,38.53734907098697,2,0,0,1,289.3509675543801,319.4264957820889
26.491688789652137,20,15.369989121518902,1,0,1,9.562338839708854,1,1,0,0,159.4752736512247,164.10165879512886
174.7635951528745,20,29.5633771904876,1,0,1,68.84542402018103,0,1,1,0,452.222483403115,339.4818864115729
43.75830277686628,29,0.15210495578382566,1,0,1,57.83801591674716,4,1,0,1,417.95731488809525,416.26444339076636
29.154544818698625,40,56.23156056995339,1,0,0,0.0,0,0,0,0,13.487709208300032,95.35510253685881
97.44261125037706,55,34.44662417977777,1,0,1,75.05901543214638,1,1,1,1,502.394198829852,511.64751885692897
48.33577752101895,120,17.677583242079546,1,0,0,46.09353820430873,0,0,1,1,396.280835398391,392.7481094611314
32.779972519386924,55,11.874534283456159,1,0,1,13.481330233899214,0,1,0,0,145.97923640550084,168.28154208883726
237.10012198325083,29,3.81247437992057,1,0,0,81.89684764070299,1,1,1,1,534.7641150533115,544.8247619401909
27.06052130210761,29,1.1539926398150282,0,1,0,20.795507174724357,2,1,0,0,190.19016156154606,223.82850899181207
34.58490309916772,10,23.895192604110136,1,0,1,41.80928835077594,0,0,0,1,270.59798163259404,268.18507081610807
31.532395873411392,40,2.0239551731032877,1,0,1,57.628877886072004,2,1,1,1,507.35585519106695,484.0744740933138
20.93593173567411,29,20.911758559737148,1,0,0,36.46387549106444,0,1,0,0,205.6227364902275,172.4845719306257
101.46766120573105,20,41.05604112388421,1,0,1,15.171241455961031,2,1,1,1,471.47463587634206,453.69984757066044
7.840291204297587,75,2.2125680503570977,1,0,0,60.43612154438135,1,1,0,0,252.94082074441238,246.81666827283115
36.2560400193485,29,15.525318531837758,1,0,1,75.03613297515298,2,0,1,0,327.9587196947623,279.94675783051065
25.355598390870746,29,39.578878558090125,0,1,0,34.807065135026306,1,1,1,1,452.49062535217206,455.77509184795684
69.12990898451078,20,34.39753174696028,1,0,0,56.282973331721095,0,0,1,1,416.11427967206447,369.8081645393048
113.78711501137516,29,31.24609327507565,1,0,1,96.31110970210952,0,1,0,0,242.62084118042668,273.2762865693127
33.82531860876619,10,0.515995095730448,0,1,0,41.414735830879664,1,0,0,0,149.09632741750448,151.51226363265812
39.343309689652095,120,10.284456069387195,1,0,0,82.07016648855827,3,1,0,1,468.37021782072196,492.5079879817916
99.73266669216335,20,19.54719701707154,1,0,1,77.42734126055558,0,1,0,0,153.06215517994127,242.03243939688537
116.97575577684776,75,33.49593882595073,1,0,0,68.63051071308875,0,1,1,1,444.72083819267726,507.89630563915637
58.14879505680586,10,2.157028594079605,0,1,1,29.646125834003392,3,1,1,1,513.6759859411981,485.16993569781715
108.86593149412265,10,29.3545177391227,1,0,1,92.83139458998576,1,1,1,0,284.83102262770154,352.78244274662035
34.85939576623605,40,3.6729257202360412,0,1,1,72.79039357483732,0,0,1,1,425.03547344317406,436.60546125575
43.4922598361248,75,14.495777574344558,1,0,0,32.495639060306644,1,0,0,1,282.37943105114886,310.3668821387603
79.83560460993336,75,20.309911073408518,1,0,0,2.028822927698556,1,0,0,1,246.90256949360213,300.4445660583823
224.677190414207,20,4.344138647274024,1,0,0,94.59284613364875,1,1,1,0,406.6282461659422,388.01439399530915
45.94035456268288,29,20.529122961544843,1,0,0,30.061032597922132,0,1,1,0,165.11294010042354,242.58452221275817
64.32910905231617,20,8.012189543158085,1,0,1,68.72704025343499,0,1,1,0,126.22154942619886,299.3304334690714
81.91122870793576,55,4.088019849488043,1,0,0,29.838475833196455,2,1,1,0,298.90874166111195,322.0227820166616
75.34811557197023,75,0.34781897794688466,1,0,0,40.22456617291103,0,1,1,1,414.6979639645304,455.32625328589694
15.851084284640969,55,29.150523143529696,0,1,1,59.21815358842537,0,1,1,1,466.8122354739952,479.4869677917566
93.51328467151457,75,6.628905652783569,1,0,0,81.64331404425701,2,1,1,1,462.9327444905931,550.8877118254841
33.91895867104129,20,6.819199200058982,1,0,1,30.22004122184206,1,0,0,0,43.975244541657716,122.28928475180088
92.78029649971242,10,32.17873351634469,1,0,1,92.2387548044702,0,1,1,1,498.11137580981926,495.21576231964104
66.55568657621531,55,8.239405956863035,1,0,1,71.72585830831355,0,1,1,1,457.45654224102816,479.2642471087223
34.21795766779148,10,5.4097066098949735,1,0,1,64.02156717868127,0,0,0,0,97.15205956314215,140.66224936297405
138.6333076626662,29,6.21258701404161,0,1,0,99.17979245867707,0,1,1,1,586.2649663929458,559.0517625548506
83.07731396653203,20,2.3985710641058224,0,1,1,70.73834400182596,0,1,1,1,403.226856805633,501.19999384975625
97.08990152226964,20,2.0593277615116907,1,0,0,44.18824696653162,2,1,0,0,254.93148013900463,248.83974426224614
53.250123420564094,10,2.598412979206242,1,0,0,21.401297990447357,0,0,0,0,85.75501249520653,90.85359772690893
209.6793539473185,75,18.05198940975256,0,1,0,99.7220216602895,1,1,1,1,617.5062213211073,596.2156233379213
92.27597043110445,120,0.3442600870533435,1,0,1,96.82032184333795,2,1,1,1,620.8992486630245,577.4943380686667
214.88351205171477,20,5.253458647099994,1,0,1,69.97765728056558,0,1,1,0,417.4802970044439,345.1293767467219
61.49287603520101,40,13.035249188175714,1,0,0,23.73386198710109,1,1,0,1,308.12821770412245,360.5035714764547
60.478743776187265,10,46.655201665999094,1,0,0,66.49819500275439,0,0,1,0,225.79085351434352,229.8442602373701
101.83580399677199,10,2.042888639895101,1,0,0,14.00671961496132,0,0,1,1,319.3331617711784,356.3787346293714
42.30513808347281,75,4.2430092952329765,1,0,1,64.28336996708502,1,1,1,1,493.5877668883301,506.2516801283509
74.76266850997776,55,38.042176180933374,1,0,1,33.91700543642463,1,1,1,1,482.114734094333,450.17999430557904
9.358499713963466,40,15.858531126230156,1,0,1,44.17462722363877,1,0,1,1,344.28494864226195,382.17977207832615
48.99952756076747,20,15.694232540935852,1,0,0,35.89317616404639,0,1,0,0,88.80301114286148,173.21525735785804
133.29213225441995,10,16.112831935478347,1,0,1,38.15626348286872,1,1,1,0,276.96702831100015,303.4427598161173
42.789661253919924,29,0.3834289371952531,0,1,1,63.95117210776547,3,0,1,1,485.15200454584715,471.4217561067599
108.75231926571156,75,1.602628430069319,1,0,0,48.703020694856086,1,1,0,1,419.23404161947786,408.6282073986658
129.0438054946182,20,2.398568385018948,0,1,0,95.82907603528285,1,1,1,0,353.3945013879746,387.75236420980127
39.42671370579216,29,26.516969405601742,1,0,0,69.82927810477722,0,1,1,1,536.775054030808,457.77887187313286
106.71108150215599,29,1.0975385822170074,1,0,0,72.76544978784864,1,1,0,1,505.6228199393208,421.1150686888483
38.10671738188823,40,20.4726214404245,1,0,0,64.13438845122784,0,1,0,0,290.28879229758445,208.00276223414318
18.64826528600498,75,58.98387923221232,1,0,1,84.19822246868213,3,1,1,1,551.5281043347591,572.0730482622937
109.14161629047832,20,13.42187707123744,1,0,0,39.79501658368109,2,1,0,1,434.74331772129136,390.4647244050362
83.94679107185851,55,1.124696750437342,1,0,0,29.07217131347173,3,1,0,1,419.3263918545159,406.9433559222494
84.70936266236528,40,3.548676234956848,1,0,0,38.25265503159859,0,0,0,0,178.5304489036215,133.43043367526835
19.69441898085149,10,31.506401880623944,1,0,0,38.382407858056574,0,0,1,0,206.35529746042766,187.4257067356218
72.4743430371286,55,26.469953795333893,1,0,1,86.47044313799472,2,1,0,1,534.8295642702021,468.4035341272987
45.206438508555294,29,9.023741472059273,1,0,0,21.556157662828973,0,1,0,1,277.4162815228523,313.9276644071561
29.91512500539805,40,2.6519391972307944,0,1,1,68.46506135745629,1,1,1,0,381.7742403158611,350.3383891834371
80.94349114953908,75,24.315452552464766,1,0,0,78.07627908978843,1,1,1,1,478.93815676102395,521.3939236430574
148.79024604571646,29,12.81607938455021,1,0,0,0.9922887385844135,0,1,1,0,145.76726393795178,254.0364585430916
42.03284993175066,20,11.084537564258586,1,0,1,62.850206041557,1,1,0,0,239.23238681937198,225.4374824786826
93.77904049636345,120,27.219635120002494,1,0,0,75.4491609159902,2,0,1,1,582.4692800050894,488.7962005929807
101.44022930382154,55,1.1636859955591063,0,1,0,65.50992443173169,3,1,1,0,361.6268968658021,390.27375946330557
35.61606555133974,55,4.906274390784594,1,0,0,44.48652355769315,0,1,0,0,179.6224363326124,202.2661002026971
172.63668250762615,29,0.6721626543592992,1,0,0,73.03446077948182,1,1,1,1,534.9538904367319,525.2298240495012
52.61061061676747,55,35.8593429937959,1,0,0,9.93860075428741,2,0,1,1,414.7674622294982,395.81735267298444
46.296237014613574,20,43.81511525132451,0,1,0,47.811690812445754,1,0,1,1,460.8464038619368,417.6798906984176
19.98796363417129,29,24.16443737352973,1,0,0,21.8892279294359,0,1,0,1,321.10053999152814,311.119384685189
69.56068380344404,40,48.90194939745089,1,0,0,30.142147346091676,0,1,1,0,260.0785529986352,266.58053083236814
133.44453641016221,10,3.1041049408878068,1,0,0,33.029488064518105,0,1,1,1,421.0631003787982,438.99963742865793
80.23014343168435,29,8.773077037223375,0,1,1,71.03597479656393,1,1,0,0,314.84581932945827,281.76682256929456
17.64217699605153,20,1.9357204893254116,1,0,0,28.461152595946004,0,0,0,0,149.62158704944892,94.76716678575397
127.58209740847742,55,0.7234446189284821,1,0,1,100.97776054912504,3,1,1,1,659.0822366315256,595.5853892955056
52.29809852195507,29,18.778284771438496,1,0,0,32.30274281120087,1,0,1,1,438.35496419485474,379.07431411663777
60.96501647433759,40,4.691505465936599,1,0,0,27.958316334176253,1,1,0,1,343.828234893424,369.3816036456521
53.37950872053745,40,9.202482863022297,1,0,0,50.08443136475816,1,1,0,1,353.4357883150802,389.1624899158494
88.14965180312257,20,5.577121624459102,1,0,0,45.90456533769614,0,1,1,0,249.05953634719964,276.8384032135796
35.209880938010315,40,10.45537736577919,1,0,0,19.291899741941634,2,0,0,1,400.48487964949805,318.68217026613866
204.58239665262514,20,40.69935145577612,1,0,0,104.35752040593619,0,1,1,1,579.9320122725227,542.5218994996302
128.14973814305068,20,1.4355758898186417,1,0,0,50.80222110430681,0,1,1,0,227.0207738731531,299.37700216657925
26.177188266168518,20,39.59280432745549,1,0,0,59.02586483978672,0,1,1,0,236.36571659980623,292.6074909973188
87.56950066017517,29,5.601815007083256,0,1,1,80.55255522959999,0,1,1,0,295.15137289170804,356.1916800528703
56.81649731015984,10,19.097232230581938,1,0,1,37.20441062587288,0,0,0,0,59.10426769204981,117.14016388451634
93.44827355140858,20,58.62692283715187,1,0,1,58.321695157282996,1,1,1,1,561.6679028963947,474.93548362743155
57.21903629613737,29,51.377660427289726,1,0,0,21.890520252159575,0,1,1,1,401.28386690178587,402.6074316382068
71.50390943192424,29,4.000246743137629,0,1,0,86.94844584186849,1,1,1,1,601.1912998124013,534.7417552624779
42.00111066710512,40,16.190377835223458,0,1,1,85.17329987075104,2,1,1,1,520.772246845478,550.1371228474219
84.38654215809021,10,16.732013341710786,1,0,0,0.0,1,0,0,0,70.30691934468783,114.91174834072056
80.51185490651655,55,2.907505700098816,0,1,0,60.10532637161054,0,1,1,1,590.0744879133146,492.38823412742767
53.599305609185876,55,0.11469064934380073,1,0,0,55.99354093685592,3,1,1,1,529.597616677077,511.8525920687088
53.190766184246186,75,5.633086155982948,1,0,0,50.56944151572421,3,1,1,1,532.1886777946975,523.7859240774226
65.59838012969313,75,44.605411593161556,0,1,1,69.99041230185388,2,1,1,1,507.67023411225824,561.0346941159848
45.2239668647805,20,2.5299629114324294,1,0,0,0.0,0,1,0,0,157.38652937547096,146.73672844473822
87.50260259520003,29,60.15508946202198,1,0,0,28.20494294110292,0,1,1,1,428.127217895758,421.0731636899054
91.46531233875211,29,27.473114605924142,1,0,0,78.94225232014617,1,1,1,1,571.3860539535148,501.40370764393776
106.39895757989309,10,7.134315605129419,1,0,1,75.48476225358455,0,1,0,0,262.2384006773928,241.8778787733437
50.433825987678524,29,13.832921754401413,0,1,0,33.62255720090043,1,1,1,0,282.56687414292844,287.7079725364156
90.8379457386947,20,48.36772070254013,1,0,1,69.0979568907312,0,1,1,1,343.98339998039967,468.37065562207715
52.50037651036812,29,6.032149640577622,1,0,0,40.07291455672948,1,1,1,0,304.340753693451,283.1613163790209
35.94848098268999,75,9.841146443442584,0,1,1,81.69456520789794,0,1,1,1,606.8544339119329,525.0297383022474
81.1486244759408,40,1.4160060031557893,0,1,0,45.721569560106225,0,1,1,1,522.7052793433003,462.9561672615517
35.38922183317431,20,19.513670379806584,1,0,1,44.63390990474845,1,0,0,0,183.86290095193363,138.77034653496304
49.01084949187467,29,77.62776448284964,1,0,0,51.82188469493924,0,1,1,1,391.07827717892707,425.35996084564
24.857877210759625,10,9.554159531468546,0,1,1,78.67111895357351,1,0,1,1,414.6676961850299,446.4603791496555
120.76449504902486,20,19.4604633992309,1,0,0,62.28813073960957,0,1,1,1,458.07741261181343,479.0306969375354
26.91239641522599,75,27.383269908631867,1,0,1,34.71241181427114,1,1,0,1,345.46364238862606,383.26372069221657
64.58663075187438,29,2.797743874274679,1,0,1,70.3169080003967,0,1,1,1,490.4108065020152,463.7442878647323
60.38654788889057,40,2.3485754552549913,1,0,0,14.510142545498976,0,1,0,0,109.55732205004261,168.24819322619425
95.67882576944012,40,8.127680494347732,0,1,1,66.70220265555419,0,1,1,1,451.10297686724823,505.03629383333777
19.24829190108182,29,56.33371270620028,1,0,0,11.273103819533171,2,1,1,0,365.0706382477968,271.16803444056444
129.55067431748955,120,10.880673297764673,1,0,0,88.52021647248307,3,1,1,1,713.7605360587462,617.2504384620988
80.4663042672538,29,28.310220531720383,1,0,0,4.758092049129438,0,0,1,1,229.77534190931723,343.38254506438085
140.39522299839163,29,25.65369295133459,1,0,0,73.1452966362215,1,1,1,1,537.0207209735768,512.3356638053963
41.86118620106357,120,18.26790132027525,1,0,1,58.97810791975866,4,1,1,1,609.6982319845564,550.593843330468
17.039037277735808,10,2.4199344402686385,1,0,0,3.7704762061136208,0,1,0,0,43.768463022605815,137.7733773059908
62.73270611273255,10,10.001190175238477,1,0,1,7.3167785038126425,0,1,0,1,297.7495570799598,308.5160235229828
9.494348643634096,40,28.678084987685594,1,0,1,20.72703050613081,1,0,1,1,402.23325086905015,369.2668451699914
36.35631294014691,10,17.99536874282616,1,0,1,10.786134764299767,0,0,1,1,202.3938924890628,327.74693931375657
126.85489849755895,40,29.85583679202551,1,0,1,108.04360382537867,1,1,1,1,657.2939928437745,548.2129875084375
57.89094155198807,29,14.758973602979655,0,1,1,65.5193307274131,0,1,1,1,516.280871084587,493.093880210745
115.5184898182667,20,5.180625910362471,1,0,0,30.973178961146488,0,0,0,0,119.65819250474671,128.40200302304783
44.26053130986519,120,24.611054301245932,1,0,1,78.5788216660967,3,1,1,0,441.84225695658654,392.0487902705584
200.47151239484265,29,3.9962131206941103,1,0,0,8.198249248753257,1,1,1,1,438.8727754313994,448.0914182496133
185.87497134857279,40,7.7803474129277035,1,0,0,70.04020001504232,1,1,1,1,485.3975113408957,528.9965709055391
100.10108475042797,20,24.21151786559868,0,1,0,94.36841974998832,2,1,0,0,367.28506882861143,312.3749976378619
82.94815525993579,75,11.913350753446105,1,0,0,60.14368902601906,2,1,1,1,485.0580281430039,514.4390893286273
36.95450746057623,75,8.322336375962607,0,1,1,54.52040701216782,1,1,0,1,407.6547454187904,419.3477971293966
12.220364421415928,55,24.739335929832194,1,0,0,60.16566367083472,0,0,0,0,155.43499491295805,166.83397997230506
98.94531271628418,75,8.902900963124647,1,0,1,83.36234717495392,0,1,1,0,286.2544920503442,360.505515119841
96.91457571330166,75,0.8173120802278988,1,0,1,37.33275447708301,1,1,1,1,500.1540749504008,469.0046730401668
79.25753611001119,10,3.5618153871270914,1,0,1,31.567831164579136,2,1,0,0,243.33125135682585,224.1927271676258
68.1745752214314,40,26.98061917868028,1,0,0,21.076502212382874,0,1,1,0,269.04095094064473,248.37188381261507
87.51638375789223,10,27.461170152688265,1,0,0,13.519760108732719,0,1,1,1,381.1191242836077,406.46702875939496
15.458105694886351,20,21.43160155215864,0,1,0,59.03115835822324,1,0,1,1,382.8244864863963,427.0860275515258
58.305401934502704,29,26.962884438859415,1,0,1,84.37018750094093,4,1,1,1,590.3035599502174,541.3618594334155
71.76661811960263,40,18.328760085447083,1,0,0,61.82470893690143,1,1,1,0,331.37446532860446,320.01058175322726
112.97778078686477,29,22.90732995692147,1,0,1,118.68619242753462,1,1,1,0,414.7540118096638,366.64357179102
57.42314636062129,10,17.34559950068469,1,0,1,17.24178760666274,1,1,0,0,52.923030772773046,182.52010679994873
30.563404234510827,75,0.2304327345783156,1,0,0,56.231029760142675,1,0,0,1,334.6811302054866,330.4491546727224
86.00124554550649,20,3.9499974169543353,1,0,1,50.16944724036959,1,0,1,1,459.5456642769111,394.40146373163407
71.84849615063139,75,6.9757845960360845,1,0,0,68.47207668244899,2,1,0,1,391.6946185573161,460.87033017755886
11.658406594196851,40,12.416123708431165,1,0,1,27.937575140341046,1,0,0,0,127.8266081612315,128.62711048518213
12.508890641661228,40,12.124823466380409,1,0,1,37.4397843425713,4,1,0,1,463.83683476644774,386.41786268350114
70.31912839690862,55,5.380263835309808,1,0,1,45.589146641469426,0,0,0,1,296.43954130266917,300.2622076117968
8.698210289447934,10,12.753541338545,1,0,1,33.38801772662914,0,0,1,0,178.63794068032217,180.59378975338186
68.2174775053836,20,16.25859938507635,0,1,0,57.18056630286449,0,0,1,0,263.5696033110732,247.36037280701643
13.649138830958998,75,16.526896609826522,0,1,0,87.71158317014618,0,0,1,1,456.95958682869633,472.6331586977916
93.22753046593834,10,0.9032453020989091,1,0,1,23.486349449193007,2,1,1,0,231.17988801371217,294.01723816166856
20.860271235381028,55,2.2446733059651724,0,1,1,44.612596169411475,1,1,1,0,264.16337574870033,311.5785608815742
51.9686044624615,55,19.943395637885367,1,0,0,7.832585988937254,1,0,0,0,145.957016500718,123.89270956991146
47.32871536100359,20,2.250790561984666,0,1,1,38.23877119562224,0,1,1,0,311.8536044647998,279.3795351676786
71.49228116062142,10,0.566740845672312,0,1,0,72.28782505952407,0,1,0,0,288.0490033550625,259.62862133762695
100.42078184083887,29,2.8013307968718526,0,1,0,94.86440468910013,0,1,1,0,348.56789457219935,370.76286235174797
21.41095563061926,20,22.303575344291666,1,0,1,7.614324129064926,1,0,1,1,441.58070900528736,350.0537932046059
19.584038329868253,10,11.721027780910363,1,0,0,28.585489244277422,3,1,1,1,499.59550406659855,453.6483187432712
19.82031765622234,10,10.819817830527553,0,1,0,1.2672576898103145,1,1,1,0,225.91418974480203,257.5527872899719
32.770350764810864,55,14.807727377806174,1,0,0,76.94626211414653,1,0,0,0,197.64680199056235,192.7551453567198
48.98173015899704,75,22.831591438311886,1,0,1,73.08894947024984,0,1,1,1,408.19286113333635,496.44811104108163
98.37122905230252,10,26.771854545345768,1,0,1,59.2467446971412,0,1,1,0,273.96316467809,298.44975815675457
13.214932919031595,40,16.46005833597063,1,0,1,89.06985506752261,0,1,0,0,285.81533981814016,238.04471404118502
160.13601371653783,75,46.31848934518925,1,0,1,84.94510192851806,1,1,1,1,603.5383897066097,554.9102269900915
20.47166066348881,29,1.4615424492030211,1,0,0,43.67326214736059,0,0,1,1,377.5734227672271,352.8873807505721
38.940583456641455,75,50.86354233958403,1,0,1,58.398005557085924,0,1,0,1,314.2519037619587,393.57542401304056
124.75538566103161,55,1.4859563618799172,0,1,0,97.8914825192055,0,0,1,1,498.5478229793824,497.2523926027245
14.500049090083493,20,21.963354959358472,1,0,1,26.97661447549587,0,1,1,0,190.4326957812384,232.29139756974212
44.13663385730651,29,36.92991696059365,1,0,0,49.654569255761984,0,1,0,0,210.65489712163674,200.70128456155226
137.1537711789975,55,19.89970216755806,0,1,1,80.90503602130116,2,1,1,1,624.2945268286607,576.1049676085781
129.6670021971737,20,50.71300430183368,1,0,0,9.024189859174626,1,1,0,1,373.2829787033815,359.7881387653857
20.064813123324214,40,12.183095697754128,1,0,0,24.94069454155853,0,0,0,1,275.33488374539667,269.22969111515897
38.0337119910093,120,1.2258608380737763,1,0,1,63.61654767309101,2,1,1,1,517.6585322770841,541.6138709386033
90.85428707751308,29,52.063747018566616,1,0,1,35.321082204589715,1,1,1,1,476.51257988019955,447.9450934409421
117.42022428573249,55,13.064029873705042,1,0,0,84.56782982049843,1,1,1,1,628.9327062839462,529.7901047307893
41.65002695968221,10,11.346518623489844,1,0,0,25.45129005753944,1,0,0,0,71.4810025911753,119.24174487736471
106.92062476484912,55,39.667235026055714,0,1,0,63.295919874515725,0,1,1,0,435.00697737167735,353.0683727850371
112.90572588772424,20,0.4716841533909463,1,0,1,90.96174795803331,0,0,1,0,246.1545882116626,272.25805200860316
80.61094988104846,40,12.442348859577786,1,0,1,72.65627678235352,0,0,1,1,428.0832850395761,414.41530432231696
101.68912953197238,29,16.18553185852922,1,0,0,80.30877377037557,0,0,1,1,400.32130233692914,424.6938763346846
143.08573800934676,75,19.861933701898483,1,0,1,104.07478791420597,1,1,0,0,314.3109523581225,321.40573846121623
73.95856270712046,55,2.059806083899162,0,1,0,33.817258363448445,1,1,1,0,365.97291860770537,301.4671213629028
1.7740527249561193,20,0.5856517635136662,1,0,1,0.0,0,0,1,0,117.1621533530697,155.4014270370774
62.5166518114446,20,17.298838140659072,1,0,1,59.926376146223,1,1,1,0,255.3194449308239,309.996042592909
91.62496908294914,29,34.549833472311015,1,0,0,0.0,1,1,0,1,275.3318804345603,352.1885343477244
79.32968141138937,29,20.919172010267367,0,1,0,36.72506442627382,1,0,1,0,254.36123897260362,241.95763707725007
155.8915393758412,120,29.057444486264956,0,1,0,78.28493058000714,1,1,1,1,485.5280533509981,565.4953937620785
114.54661899654984,29,1.6106673799123716,1,0,1,84.04648027642574,0,0,1,1,454.1263091369995,437.18778010863366
8.490943212064606,75,5.601737285296929,1,0,0,64.9066806576033,2,0,1,0,254.00572845527344,299.3379588497839
49.340061490377046,20,20.202164912607206,1,0,1,69.78859979659886,1,1,0,0,330.8802322215277,235.6615123258647
73.22670343465393,20,46.01694770273696,1,0,1,36.36403720815275,0,1,1,1,486.5642997267709,421.7215583966411
90.2421017661491,40,39.82563515089797,1,0,1,44.26404654403537,0,0,1,1,358.05934340175526,379.99522679676176
209.4081457780009,55,55.341157679874186,1,0,0,75.94975404591878,2,1,0,1,553.8872612317006,475.4961582868393
62.16021964845066,40,9.65976055077762,1,0,1,53.14005723749781,0,0,1,0,283.19701815060273,228.53937415388884
78.01169304350626,20,16.36280933591823,1,0,0,37.72166235959465,1,1,0,0,192.8453113883354,210.00518342535568
46.108923431743925,20,58.57973623033443,0,1,0,73.07754213975234,0,1,0,1,394.2698608394275,405.52502796908135
228.75826574003295,75,7.090923855838155,0,1,0,137.71008634387087,5,1,1,1,807.1011874487896,646.398994336658
87.09253669638588,20,4.657106531906001,1,0,1,55.85201078622666,1,1,0,1,439.70138065645676,390.3830991798675
21.16697068392841,55,13.4919698227434,1,0,1,25.312515502890435,1,1,0,1,369.2604887553942,358.7077115277433
11.36071114074637,55,4.74652540334285,1,0,1,18.44448191471212,1,1,0,1,278.9327304949953,347.3894950164716
80.1843802257209,55,27.40868776785609,1,0,0,59.677489321346805,0,0,1,1,360.72352107755114,402.5105657378394
8.659858504308605,10,6.997193346610807,1,0,1,12.466827492357641,0,1,0,0,90.93957555502575,140.5154454214711
153.4340504728533,29,9.620175736561617,1,0,0,57.46634352607855,0,1,0,0,192.4713975921182,226.1674709036404
48.43328459053969,20,0.9380414445718455,1,0,0,38.50605874766005,1,1,0,0,192.86830729266163,199.20843875620864
119.00699445113437,29,10.954278040567347,0,1,0,63.16994753606591,0,1,1,0,365.1848667909666,350.1361930719183
62.08258462399235,75,2.7188512993782656,1,0,1,111.23177022674378,1,1,1,1,567.1902348249946,541.4401473930855
54.25743396545924,40,3.1802128987894838,1,0,1,58.26563464191782,0,1,0,1,392.3791119339881,366.464707582291
62.852012754400484,29,12.001825872524721,1,0,0,53.954234859721616,1,1,0,0,226.668463884397,232.48689932858386
43.19325156399957,40,18.10038073534287,0,1,0,24.52991757119991,1,1,1,1,431.5733425258048,449.27523878344056
91.65386955754384,20,54.53471576283321,1,0,1,63.998351337916795,3,1,1,1,626.1141332446609,530.6674825980476
53.921309091215846,20,45.472569457161185,1,0,0,74.06608013606119,0,0,0,0,114.59843934860379,168.81203901756038
32.094169580627785,10,10.223240657396836,0,1,1,38.719600358375004,0,1,0,1,348.4841861189944,356.6054553549749
50.03293142312093,75,1.293863533894372,0,1,1,88.31981626190117,1,1,1,1,508.9334803188069,555.0534997907422
23.8852338774834,75,8.714080631699941,1,0,0,12.38478618664102,3,1,1,1,472.8973785549932,483.0169941994911
86.46092320103668,75,5.009504079201439,1,0,0,52.61963346279107,1,1,0,1,399.3347628485684,411.18757613513395
13.288353689967002,29,18.418742498742258,1,0,1,9.06016029566933,1,0,0,1,243.0596329015118,260.4881577030777
15.51741619539337,29,43.15225883065444,0,1,1,25.32189440592772,3,1,1,0,266.4349085412571,302.962614581175
30.084601868124714,55,0.2325187176842319,1,0,0,32.56654194222081,1,0,1,1,328.5099465435645,382.59011009231364
72.66924931782066,20,38.85333298286014,1,0,1,67.1323361046216,0,1,1,1,472.7604176908855,461.9418274930108
56.42913495285691,75,8.591796672214663,1,0,0,72.9836827524893,1,1,1,1,554.1923793322296,514.531003788905
54.73938546047988,55,2.064344339567423,1,0,0,16.07061802465373,2,0,0,1,346.44460815119123,317.11039154526367
124.23696462296923,75,4.833024818731124,0,1,1,114.25584909006345,1,1,1,1,595.7895943782894,593.0755379589995
102.32440934352852,75,10.611961404626914,1,0,1,85.62286896412739,2,1,1,1,543.6409562809728,559.5200147409338
21.05320534992349,10,17.93078594277064,1,0,1,60.63140981832795,0,1,1,1,413.08503726026794,439.75454313124027
38.19902152963976,10,15.771645960330634,1,0,0,28.83750687911867,1,1,0,1,279.6679308499029,349.7704018002249
67.97580176689955,29,25.702263389407964,1,0,1,91.88270383317294,1,1,1,0,304.2040088238509,341.84019245067094
15.872286849335639,10,7.802254694910183,1,0,0,33.391966984267135,0,0,0,0,215.34659451739367,99.35377924843219
62.06801699831808,40,52.36406865851363,1,0,0,16.084609291508304,2,1,1,1,353.51998302063026,444.0841004871549
46.198470176200765,20,7.433952481696127,1,0,1,42.49818815883011,0,0,1,0,170.23877025352076,190.6018805353037
64.20750218263831,10,36.77114413730483,1,0,0,42.480270529548676,2,1,1,0,322.3454255119716,308.3594248049131
145.63990143752426,40,21.65649943852297,1,0,1,55.93692986298649,1,1,1,1,443.11407452420843,488.71415831292467
93.80961661594071,20,7.292707469975856,1,0,0,58.77003755386963,1,1,1,0,251.04981301672933,314.4525741730318
76.80617714081106,40,10.59612932206794,0,1,1,93.64778720936711,2,1,1,1,578.6898847104546,563.782408719212
65.21521552138248,10,15.838480386007564,1,0,0,19.890994136160593,1,0,1,1,381.67654621764433,368.7978000065554
71.09585258426182,55,6.622985806894179,1,0,0,37.13302926927402,0,1,1,1,388.15483310123716,434.88092013953485
85.59484719431023,55,30.495487678615167,1,0,1,38.87715124024202,2,1,1,1,518.5783014174892,488.4836912782047
125.4249313587389,55,34.96851205643946,1,0,1,78.57735351593386,1,1,1,1,527.8867505869504,524.3166688078994
82.6741149239358,20,13.582950840880798,1,0,0,69.77784810219426,0,1,1,0,300.54118295050955,304.3040785063757
156.08769654646576,120,14.596604645417814,1,0,0,91.33097533968585,0,1,1,1,565.4982583431778,550.2024124116964
121.80020278375932,75,10.018141366556161,1,0,1,109.26557840308988,1,1,1,0,396.99901681416867,400.3242250360242
77.50579956718117,75,17.139520689929586,1,0,0,27.31573372822921,2,1,1,1,475.50697168836433,482.22346746382186
150.42706609684242,29,11.501674598206238,1,0,0,90.99997742305922,1,1,1,1,520.2801809101849,535.4520650258492
159.41620786160397,29,6.112612843227247,1,0,0,40.3586713315577,0,1,1,1,562.3411420226214,452.9063197321498
27.02147883158411,120,31.250854137422195,1,0,1,37.64996191867225,1,0,1,1,408.7003698570817,401.5939460575651
11.244137857897469,29,4.740823630737186,0,1,0,61.75630354713701,1,0,1,0,222.99076482748748,265.5257306182826
166.5329672118893,20,47.65585818326027,1,0,1,97.19692301808425,3,1,1,0,402.5742927885165,406.6518679136546
35.5028748069569,20,21.241592782337584,1,0,1,55.3107636896802,1,0,0,0,120.98546852242205,153.120160463403
49.8339355483854,55,2.166913611318974,1,0,0,48.87257400300582,2,1,1,0,360.8902866852278,330.6305692425956
145.97372222570843,10,21.08739525295565,1,0,0,48.07096042107788,0,1,1,0,344.73895297170856,300.01187342090185
143.5059128349953,55,12.492151805397373,1,0,0,97.32561129713527,2,0,0,0,269.81444680020314,262.4861420008466
63.923651669024075,40,0.09599874126403286,1,0,1,24.768876686194602,1,0,1,0,216.67246948463554,204.78889202970925
16.955054742982703,55,14.15754686940528,1,0,1,55.63854873687586,0,1,0,0,173.44703149191096,205.21123569762955
19.432422723010024,20,42.78865774392055,1,0,0,0.0,1,0,1,1,335.53808247812896,349.9183874632976
55.40821728258142,55,2.550256000610504,1,0,0,64.6378512102736,2,1,0,0,230.46409101196355,265.12352849165245
118.70391389649248,75,8.816297392551565,1,0,0,87.58386989931702,2,1,1,1,650.5911764946113,576.8284852875755
88.07679107350592,20,14.858741187598559,1,0,0,53.69985133026786,2,0,1,0,301.4839964177538,270.85996463580375
96.38512827003757,75,13.498589869122949,1,0,0,64.53420284927043,0,0,1,1,456.5770157156942,431.5037431551369
66.12405073273749,10,23.960030132188926,1,0,0,40.47101032422287,3,1,0,0,264.518555067664,235.06859790788144
43.752376778218675,55,5.248900636285118,1,0,0,59.0055205606224,1,0,0,0,216.5424694854331,173.31724266682926
120.90026604530347,10,33.71612721128604,1,0,1,76.71451264377802,2,1,1,1,525.3952348802911,531.6199583931303
58.099198918062655,29,36.393444408766044,1,0,0,33.41230720819645,1,1,1,1,461.676413942085,431.70980556613017
254.02930299516984,75,13.316301690706942,0,1,1,156.78895114212267,1,1,1,1,730.6216309992537,608.9007877442666
12.61568136863639,120,7.903573387299448,1,0,0,67.0944070767535,2,1,1,1,524.1859757598068,542.852496781159
118.18445203261238,55,6.028936448438537,1,0,0,68.44139747654565,1,1,0,0,236.22113879958525,274.85138361510775
113.57804648220026,10,57.77080832042635,1,0,1,69.23796674849139,1,1,1,1,542.487190969691,495.42691819151406
32.354042412059606,75,5.532289649189216,1,0,1,50.35348045003851,0,1,0,0,239.21849388476733,211.8079756451354
193.79480111223012,40,29.997456097032238,1,0,0,87.81255948540156,1,1,1,1,493.924673562399,545.423182725604
149.72437680318745,10,11.33313675289041,1,0,1,56.33195449486566,1,1,1,1,456.5109027428284,482.62848009299273
48.03040688676049,55,4.408874786085983,1,0,0,37.30546744083604,2,0,1,1,376.8967918062869,413.49183264043427
39.69569065463821,10,26.236383649994824,1,0,1,51.29576598373148,2,1,1,0,317.12859537127594,308.55320371733904
46.50742413104477,20,3.547520505551095,1,0,0,40.70105205489583,0,0,0,0,58.50600615916842,115.74206284966165
35.48206186436741,10,11.378079934496286,1,0,1,0.0,1,0,1,0,176.11366439585973,172.095782811962
61.854900235017126,29,0.46817961384162565,1,0,0,52.38477478661488,0,1,1,1,448.2503708395572,433.16881763241963
72.19491404673947,29,6.9946122047443655,1,0,0,74.02344082861336,0,0,0,1,360.95356375127443,336.2958814972122
49.40383401831761,120,29.48562114652681,1,0,0,51.51669725468758,2,1,0,1,478.26035352806707,436.66604543678164
100.62710232492974,10,14.857106720645074,1,0,0,3.2088347226639016,1,1,1,0,196.58322952937985,253.4503067673735
68.65969003959619,55,32.75588776170071,1,0,1,64.75856845126769,2,1,1,1,616.6704046048446,519.1202689373805
79.32589014508463,40,18.57372563542067,1,0,1,39.746262320363485,2,1,1,1,491.2926248638302,475.4473479762367
86.73573184974649,29,1.2346956218367393,1,0,1,62.28437222052742,2,1,1,1,437.91620909324445,512.3076242598112
66.33093766606723,40,8.310804702807541,1,0,0,4.417899678304117,1,1,1,1,443.97721435659037,408.7108657036912
59.87114209735948,10,3.1034256088177696,1,0,0,51.08459924764206,3,0,0,0,199.30326522947564,181.0410381006015
79.15954971780829,10,11.165014180790255,0,1,1,78.52329602012685,1,0,1,0,315.0487923527481,282.9479586050025
114.21887321459316,10,15.58153537920097,1,0,0,52.27705629707884,0,0,1,1,401.84495212796634,390.5510885840856
41.486777666150026,55,9.541318529016667,0,1,0,35.327099063417066,1,1,1,0,291.072485291667,299.36309260946325
118.71762216608928,75,5.550896037706471,1,0,0,60.51630561283163,0,1,0,1,402.2102654705763,414.42622483480756
17.942005643475273,40,17.55056791701058,1,0,0,2.465991330339147,0,0,1,0,176.1596069698186,167.00366874231946
42.714831236268665,40,3.1446378604460787,0,1,0,63.11901129793745,3,0,0,0,300.45448978615826,221.2813076557347
16.145368894315773,40,28.30576169927715,1,0,1,32.46806365313687,3,0,1,1,428.3179533569577,407.41645850718345
40.96556982589655,20,1.6499954769596845,1,0,1,26.310658194398556,1,1,1,1,380.86122172114875,428.0281066672236
12.735231830990191,29,48.482243381334044,1,0,0,27.38894346084785,0,0,1,0,213.83977827658393,177.68185677778004
77.68415337965106,20,3.2213447225019083,1,0,1,45.06326780589309,0,0,0,0,32.764047619711846,131.44907769159525
48.40707001171515,55,3.040371338788991,1,0,1,24.11866909289969,2,0,0,1,274.6678887600918,325.58033633069084
162.08842656560395,75,42.095688170235135,1,0,0,54.22314604697024,1,1,1,1,524.2063461193187,504.9745180108008
38.54560089043607,10,36.37396030994648,1,0,0,71.6216574160438,0,1,0,0,156.21645692933504,215.47198886916166
42.24588061289161,20,6.49152066966175,1,0,1,68.64228605307974,1,1,1,1,426.9941128713177,488.02189951480045
6.277524660167603,10,1.0042832528032541,1,0,0,46.12188252320885,1,0,0,0,62.6445332347093,132.11581373544905
37.73125674703154,40,41.747567146893935,1,0,1,17.56939010690929,0,1,1,1,424.9574348996685,396.833074367036
31.59059816257852,10,5.090313690515152,1,0,0,15.303591623742808,1,0,1,1,383.6647289916059,348.2084417199771
106.88824099301577,10,20.381075287476108,1,0,1,70.858076947718,0,1,1,0,280.2208680682441,308.4201793491033
45.08630289899623,20,10.608527820567721,1,0,0,22.736943010607614,0,0,1,0,213.00289897120666,163.0890828194704
162.22427900938817,55,13.166706337623996,1,0,0,35.92265927125226,2,1,1,1,495.75092280936553,498.185851355329
89.51205657187009,20,47.310579957376845,1,0,0,29.773218961519134,0,1,1,1,402.87903690376044,424.0500580133597
209.82678306430512,40,1.9336653575891216,1,0,1,64.75741474173385,1,0,1,0,273.29710879897107,292.63724558228574
34.48221563167703,40,8.666901365876194,1,0,0,29.61474413038294,0,0,0,0,43.81279613230116,115.25067756347758
32.49381133880524,120,5.977170489913855,1,0,0,48.570071481187675,2,1,1,1,496.78261436862397,511.7707579809296
103.80091021388151,120,0.1548987823222171,0,1,1,59.99821684810512,4,1,1,1,647.4293086671638,568.2118549589785
26.721873543100493,10,64.68433892427323,1,0,1,40.93132343942676,0,1,1,1,328.3299601580944,414.661130596969
58.16055684735997,20,2.624021521397425,1,0,0,32.51642039719676,0,0,0,1,315.60388991867063,264.4366305211651
103.38425588084614,29,1.3365463407609057,1,0,0,59.9865892999098,1,0,0,0,215.93812936034217,182.08163527392793
92.19884111566412,29,4.393252209769333,1,0,1,63.47068031388867,0,1,0,1,361.84762726821805,387.5886920782342
45.761754209710475,29,10.991327923539366,1,0,1,47.227090743299385,1,1,0,0,196.60217736996515,223.47398741009314
94.16306319135508,55,23.34417237487983,1,0,1,74.63759430128158,2,1,1,1,613.8550558787999,532.4985315250403
49.83649208012863,55,33.807841543156854,0,1,1,58.92499832042305,2,0,0,1,409.59555553343756,385.5570041957182
124.85753377858677,29,0.7775785146437205,0,1,1,107.32425032184972,0,0,1,1,518.0004259091972,485.09204620412686
13.111451670383344,40,16.01724289100838,0,1,0,73.449764601947,0,0,0,1,391.33796904025127,358.0867828667286
66.15287880610279,10,5.1945269553939815,1,0,0,40.04243652048411,1,1,1,1,484.6010368972515,438.79652655707673
66.78415135407263,20,2.5073843042437236,0,1,0,13.082169732352632,0,1,1,0,261.9741349938077,254.1721295284094
48.06190145700841,10,20.37698731811674,0,1,0,59.80630970739039,0,1,1,0,273.31075549677826,322.64660216083337
141.9921205251691,10,8.0659062930087,1,0,1,43.99322402366744,0,1,0,0,240.464432788241,213.32283693810064
62.398486036879206,20,4.386756472866537,1,0,1,24.516751643763943,1,0,0,1,272.1996494099586,280.1533588192758
115.44675161135558,20,3.752327183721313,1,0,0,67.35257874234442,1,1,1,1,434.3371127530553,497.1581959188489
119.69236793961142,29,15.65851856660449,0,1,1,68.18086886719135,0,0,0,0,297.0081690324909,213.37005726291773
36.88657873193619,29,3.3771797460133155,0,1,1,76.01984396676971,0,1,1,1,477.3457546682499,493.5154931399251
84.25437966985066,10,20.76918624572507,1,0,0,62.74276324213653,2,0,1,0,292.21594706111847,284.80912538234026
99.98060522308275,40,13.515710963612877,1,0,0,15.022230180405522,0,1,1,1,414.76039429993375,421.0905827401085
60.595381848162816,40,3.2177972284096144,1,0,1,33.1352180714792,0,1,0,1,365.3683697909594,341.9398380252497
38.11081766037527,120,23.248487930971866,1,0,0,47.239467225598574,4,0,0,1,471.6516870384032,373.1034873197376
13.124581812036725,20,62.24520370539367,1,0,0,7.592818713687729,0,1,1,1,296.57837269253105,383.4163728352257
32.48538194573314,75,18.310655814625715,1,0,0,64.42399823574695,0,0,0,0,191.99603053959603,175.5658639188365
117.65612246133884,40,12.328410011927234,1,0,1,44.759132501332765,2,1,1,1,589.1597474380653,493.1634265058472
131.07997915049378,10,4.66004854835997,1,0,1,39.96519206403919,0,1,0,0,193.71219616104983,197.07502765840712
100.12016439921231,120,34.56683720068716,1,0,0,74.91694300111055,3,1,1,1,569.324754927711,589.927915111815
62.03505419184511,29,36.805112822671425,1,0,0,55.87633340463684,1,1,0,1,376.16071659006354,390.2851470021708
52.18131777623426,55,29.213402716042452,1,0,1,50.048227463109825,2,0,1,1,402.98758458374687,425.5900774539297
91.03590048181388,75,2.2705946815744746,0,1,1,80.67841841414129,2,1,1,1,613.171629611141,572.3430254830387
12.057383837382439,29,2.9825759626195083,1,0,0,0.0,0,0,0,0,22.42829390409238,76.25343780657354
76.44224723281025,20,25.361390293137728,1,0,0,48.740158111793654,0,0,0,0,160.54461859732174,137.26352017072932
64.31651870465836,75,8.727906023170165,1,0,1,105.26695490798323,3,0,1,0,448.42424580677334,336.5706901871066
82.4266423247893,29,15.33146507104117,1,0,1,69.96834241640698,0,0,1,0,267.76706901233086,243.84218256481836
87.68425545531852,55,4.384481361403021,0,1,0,35.78598429172296,2,0,0,1,387.40555291647405,361.3879666248151
59.69841899236077,55,8.6572318758942,1,0,1,35.92190398622553,2,1,0,0,287.0403088867758,229.21305684104834
30.367607275811434,75,9.632995850118647,1,0,0,27.598861264942876,1,1,0,0,191.22086499294636,198.44955340879733
58.7043368006312,20,1.7580976113795406,1,0,1,64.85262607257116,1,0,0,1,235.82061382611653,332.4276681119937
48.660752891538436,75,16.270320515681885,1,0,1,63.33535349099088,3,1,0,1,500.72906029885957,467.70607111946885
46.81414926572272,20,14.405285573166823,0,1,0,70.36752707485667,0,0,0,1,365.2904280905722,351.2925779247408
72.07281933284716,75,37.88586943403548,0,1,1,68.33267344303268,3,1,1,1,556.215408766689,575.5306549281241
5.186230142164398,10,17.344900631468228,1,0,0,17.64541433868697,2,0,0,0,74.61483183278094,143.1640331077004
191.41057122973373,120,28.361982761487408,1,0,0,66.30470686159691,1,1,1,1,566.7908948784732,546.8030664346574
18.083102208116458,120,33.083095038083016,1,0,0,36.489847123389254,2,0,0,1,351.86306035895376,348.01483163870296
40.22021045145714,29,1.0110701079236488,1,0,0,16.21577355822897,2,1,1,1,453.3066312257285,435.6160828093636
5.800757186570438,20,21.17695751485509,1,0,1,3.349049953913358,0,1,1,0,206.68492017296992,212.88849939868996
58.86040485733252,29,21.331741359553384,1,0,1,75.6137591369333,3,1,0,1,474.67484947475356,441.8238045536006
39.08017615719501,75,9.540961990569736,1,0,1,61.350104017361524,0,0,1,1,418.9292700350966,416.4640453931318
83.65993333017605,10,6.754513628143234,1,0,1,36.570856084785525,1,1,1,0,333.5447404802369,279.8662736403378
42.9311568762624,120,15.663345891887671,0,1,1,90.30482591219987,1,0,0,1,516.5535194463098,403.4472722280429
134.14330745221406,29,4.5191590391456335,1,0,1,73.03536897917101,0,1,1,1,440.83665396328195,488.7246755552724
121.11661435244429,20,0.030064633928326468,1,0,0,36.88632305434429,0,1,0,0,151.39240588327533,192.0690877943913
133.4764415914618,55,11.709408340972013,1,0,1,84.43830039101607,1,1,1,1,612.1927565863541,536.8210715997457
29.413140019915936,40,2.643941199100144,0,1,1,90.7874835591077,1,1,0,1,432.1428298535572,452.8928424372912
92.93926193332892,120,18.33478869349953,1,0,0,87.43960726872973,2,1,0,1,520.8041603947862,490.93115800718243
107.65766496348535,40,20.712998241660102,0,1,0,102.19228866224643,2,0,0,1,543.0304459819682,433.80608029685885
20.077042369876672,20,1.2341440296895252,1,0,1,14.499230534749628,1,0,1,0,154.35218327677484,175.2431886822655
113.74256461695626,29,0.06683427779872492,1,0,1,103.38914882878481,1,1,1,1,513.1744157743703,531.3537485727762
109.95338637029406,20,6.708021201529325,1,0,1,59.868304648408866,1,1,1,1,464.7069783389201,481.8928442463314
96.7728687102147,20,33.52633509223424,1,0,0,55.668248567384694,1,1,1,0,261.43300670520347,306.4010634907263
99.80495902697108,55,19.01209184840305,1,0,1,94.32282762559515,1,0,1,1,403.3089562987996,464.6204456300136
128.33101031598628,40,1.8846480501997886,1,0,0,53.442113666422884,0,0,0,0,250.15258841611814,169.54911035164955
42.45342076204219,55,2.7198286425339266,1,0,0,63.56493017095515,0,0,0,0,88.37619760622113,166.80974167113942
186.64615037239068,40,49.5603658938036,1,0,0,62.107850576779,1,1,1,1,416.72446871723656,519.1746518351796
105.3858680841469,20,3.791410950630367,0,1,0,53.531413296860705,1,1,1,0,348.904051770219,328.68666121331916
42.513796813273814,20,0.05009922448423356,1,0,1,26.75649315877636,0,1,1,1,428.44268814035985,407.3768060991434
59.47745212312052,20,25.831333698428278,1,0,1,46.71648923789178,2,1,0,0,229.55660614988565,232.59305336129788
84.78886481336208,29,5.100012842545387,0,1,1,74.03311664044465,1,0,1,0,357.0884000809361,284.58414918603717
44.50916995987891,20,5.364715254279693,1,0,1,79.78718960241639,0,1,0,1,352.7037735276548,394.5260274285355
21.97104750606623,20,0.6792023651626576,1,0,1,55.96372618892623,1,0,0,0,147.602420564031,148.86576840457042
36.429622313063646,29,39.4190505390421,0,1,1,84.24686421583671,1,1,1,1,514.2718306145362,526.8536205167147
109.88490456419858,55,25.535327448623068,1,0,1,72.11253009127553,0,1,1,1,468.52712392524006,485.968133690451
59.94002246864584,10,7.127568500919196,0,1,0,29.825680962642153,1,1,1,1,443.81944310508055,455.3889689670943
62.78982658238856,55,91.13929670396868,0,1,0,80.16638364429963,2,1,1,1,474.07441439035784,550.2793278262844
69.23285578310235,20,20.038690631370017,1,0,1,47.10379696241996,1,1,1,1,339.93974779242296,440.24306477821705
11.13942359859422,29,61.37049357787161,1,0,0,26.116623427037784,0,1,1,0,235.8009094379304,241.2230815796297
83.54398494123936,120,6.346864950926142,1,0,1,78.68857567029366,2,1,1,1,551.4567480593665,563.6909384807682
9.71008443545821,20,4.963661157666133,1,0,0,29.08454344897936,0,0,0,0,117.47154358575085,94.77104386120308
40.62775270919606,29,12.282944954032326,1,0,0,17.988109862787603,0,1,1,1,393.1148007755291,395.4824530091284
86.01736983663008,55,15.115718002625977,0,1,1,107.34979007788361,3,1,0,0,385.23462381988804,328.7150894102517
149.4092065892915,40,27.74710413913082,1,0,1,87.7032909212525,1,1,1,1,573.3173461718706,531.4631484958505
33.457399005546286,75,1.1986993656143756,1,0,1,51.055024331017336,1,1,1,1,465.13078249358506,475.34550088958844
19.28615306464596,10,8.080089078904017,1,0,1,21.533115879899604,0,0,0,0,115.64438323411869,89.79276317450497
57.133308242404,75,49.741650725614136,0,1,1,113.05588124528936,1,1,1,1,662.2258442188748,567.6161366376331
108.09836102167453,10,0.035677245270269324,1,0,0,27.639203683670864,1,1,0,1,329.4121460542349,361.7156745245624
159.591450100301,55,14.806441682363236,1,0,1,62.895694472273306,0,1,1,1,485.2757165773029,502.1646273264326
23.821485369017264,55,19.606130285939628,1,0,0,31.92029588728302,1,1,1,1,481.1151688375933,439.106034230483
49.71939065825432,20,39.68808775166886,1,0,1,20.510240384538015,1,0,0,1,352.12653003599837,283.6887799182009
9.343181516005519,40,2.1820351872282595,0,1,1,72.44410187309515,1,1,1,1,547.6896798921825,518.8114234908542
77.94615227070105,29,4.4959268758477675,1,0,1,39.8856640379731,0,1,0,1,398.5415615916794,345.75701079375574
149.02542020730198,75,5.669055095076504,1,0,1,89.9930539594574,1,1,1,1,503.5282587418217,559.3189871901985
69.74311722266303,10,11.69090079387326,1,0,0,56.79879133876752,1,0,0,0,137.873297486008,161.28472888713836
141.42967594622988,55,35.62667164021994,1,0,1,73.94089608500026,3,1,1,0,452.32295488397295,393.3872854838759
30.29290980323592,20,4.61844377485305,1,0,0,15.684124394305911,1,1,1,0,185.2725366251289,237.63818063958942
67.25639983643997,29,16.388719441369183,1,0,1,83.85581227206029,0,1,0,1,434.9502620954682,412.9259285462783
23.821882699188087,20,5.861446512631058,1,0,0,51.9509427393961,0,1,0,1,368.94474320926975,351.56593239261946
64.37475765306269,75,0.2651855627987115,0,1,0,72.26271023477112,1,0,1,1,481.3708893949156,468.9864758053798
155.04472056468833,40,1.4085119329809774,0,1,1,115.4802840620216,1,1,1,1,610.6965825501418,584.1517755600446
42.56268583957992,75,17.09668432521563,0,1,1,91.3670011358543,3,0,0,1,473.70972886652686,439.924229389584
16.706669717617363,20,4.532160757991564,1,0,0,26.710684981037783,0,0,0,0,24.778067677686067,94.47052692614065
99.58658375488837,40,1.6721378662186668,0,1,0,87.49144940127808,1,1,1,1,622.8524245049105,542.8700564558138
45.20166152098073,10,0.9108222745927094,1,0,1,66.896837613521,0,1,0,0,215.97777067626225,205.0675449180634
128.54879063722,40,54.62760275841708,1,0,0,80.20769095643105,0,0,0,0,211.73116128893514,220.7137787524468
55.82600289273624,120,7.620028432058053,1,0,0,25.417649489696487,2,1,1,0,367.8346015489806,317.3250622562458
23.393730788688988,55,11.903543038201894,0,1,0,79.2332465630048,0,1,1,0,368.2935565047088,352.55492641694616
31.44369794663617,75,13.359507905115345,1,0,0,31.915473870919314,2,0,0,0,129.12933353177584,179.83982549524833
42.96789274324194,55,12.04157858211107,1,0,1,45.84758666820862,2,1,0,1,455.5466030140439,408.7311806005536
36.41266184920976,120,4.680446112731227,1,0,0,41.3008302631143,0,1,1,0,342.0089823270495,297.4413841578383
148.58940859031884,75,7.343066224564385,1,0,0,49.31692754923692,3,1,1,0,465.8785445016852,370.86766458593195
59.78297558404737,20,25.515893267747792,1,0,0,38.456252562667295,2,1,0,0,207.66095709001743,216.18430548372342
73.17519687252678,29,8.124954759667377,1,0,1,58.36400582363263,0,0,1,0,242.7300139065519,232.2895206079664
31.426566765492996,20,6.073550541933592,1,0,1,11.476182275995406,0,1,0,0,207.80445254438155,145.88781449780166
38.694293357215,40,5.638834157938391,1,0,0,7.273357172783371,1,0,0,0,56.43743872287732,105.77039843846565
92.74037258070973,40,4.965326162846927,0,1,1,91.60367744447937,0,0,1,1,453.940889840941,464.28602411030164
72.12014159988793,10,37.60019035804612,1,0,0,67.7224587468082,1,1,1,0,352.041776865088,313.60766704777865
21.107646317711616,55,3.492296354286265,1,0,0,38.881980890550146,1,1,1,0,254.1622970269944,289.9064231890591
123.23381100998351,20,42.61882847559723,1,0,1,62.80966894112486,1,1,0,1,435.9781088706044,419.60841827174664
52.04550821902084,10,2.7669430936711117,1,0,0,55.036376619783155,2,1,1,0,315.71701450309223,321.0586016300708
28.563900591205098,10,1.8276612558631713,0,1,0,35.623653369851,0,0,0,0,45.72374498439898,135.01123111951895
116.79893893304833,10,7.491979338869848,1,0,0,86.66705670485376,0,1,0,0,285.2210752311838,264.6514664835229
51.82481873396673,40,24.82346758975305,0,1,0,99.44308533266303,1,1,1,1,538.9314048075478,542.8571482901303
125.0596824070592,29,51.73171075151598,0,1,0,42.99900202997206,1,1,1,1,577.7769308146981,478.42342662949375
121.21256358076194,40,0.31918675869474594,0,1,0,78.78065272836992,2,1,1,1,564.9559832707166,559.6482373262345
52.14356439053076,55,59.87904034495338,1,0,0,38.061982983118476,0,1,0,0,213.97047717663486,193.81395514188864
53.712689941886765,120,24.128788066359487,1,0,0,45.312803391700996,4,0,1,1,456.70912780254116,451.82062252343525
81.50195041799859,10,40.08634853516188,1,0,0,38.600577624899906,0,1,1,1,388.2322007691174,422.6763738553846
44.01660411267843,10,21.53337310210088,1,0,0,50.42540317680305,3,1,0,0,258.34531223260007,239.32724144825357
118.44644287635528,29,3.684513417201828,1,0,0,47.49190504765135,1,1,0,0,211.6110467208341,244.67518511729884
49.89175663820246,10,18.885070313726274,1,0,0,0.0,1,1,1,0,276.42142517580066,231.4897718535299
58.059404522070615,40,4.7420952142293515,1,0,0,10.703758558189225,0,1,0,0,139.67451837728623,166.95996215050207
57.988989561032625,29,17.579310273462944,1,0,0,55.67019959899937,1,1,1,1,448.4594398819853,452.46630663705633
13.73120220881445,40,16.50490998800536,1,0,1,28.49456485529774,0,1,0,1,390.059422534747,325.0732041724099
71.08893647640096,20,5.958464867112939,0,1,0,50.24646683193968,1,1,1,1,518.5606631174044,477.29050438390647
89.0656789917889,75,13.511553034333527,1,0,0,47.63138713637109,3,0,0,0,135.57073070989856,216.6110528033574
20.405417133070245,20,2.360085584165,1,0,1,29.446777264162222,0,0,0,1,217.91048660567432,258.74694730836114
71.61274358264838,20,20.867120383085837,1,0,0,0.0,0,0,0,0,28.919724732762965,94.24436584561718
61.96961479252982,20,5.717927449600507,1,0,0,2.8106167395700403,1,0,1,0,83.11505408966414,178.55073763888657
37.89087109447868,20,4.972347333774797,1,0,0,26.902385739079136,2,1,0,0,182.3567597552526,196.0589963041848
27.470422498408247,29,10.982278192920917,1,0,0,30.861895939097767,2,1,0,0,211.1174085431008,200.73426514271128
54.42830724890067,20,19.07041248758218,1,0,1,87.57857405678064,1,1,0,1,398.21498466634836,425.1740600967753
25.286454644001132,20,12.31093284897388,1,0,0,35.126058926282354,1,0,0,1,328.9518457597351,281.49716608059583
45.75205206671485,20,2.8238445026752896,1,0,0,31.433902174326477,0,0,0,0,120.61526188574108,104.34929942522571
49.170575106046165,29,11.656326092613668,1,0,0,53.254647002742814,1,1,1,0,277.6779518140572,296.2032854902822
77.85613109968699,10,57.12816130394373,0,1,0,58.51076725352102,0,1,1,1,428.77253384822654,473.86994046198873
13.422251704151078,10,6.620984462970146,0,1,1,57.872211461471935,0,0,1,1,429.05723447562866,403.08710667092316
28.22782558182897,55,31.776372410422226,1,0,1,58.7826129283926,2,1,1,1,495.092578653729,499.930708974719
110.48459933538079,29,4.264725798549607,0,1,1,80.22808218257684,2,1,1,1,645.9489560127387,552.6752338289152
88.26330173293209,75,5.148438443027287,1,0,1,66.65281021004316,3,1,1,1,554.6783197220676,568.6814313251756
45.512651753145555,10,8.963369585678112,1,0,0,16.236386021359053,1,1,1,0,262.00631636374214,239.25125528178557
45.58138158344376,55,23.147956737795777,0,1,1,43.10876917534593,0,1,1,1,520.275937072245,455.17965246419595
43.67621305034081,40,8.663767912978217,1,0,1,0.0,0,1,0,0,133.86850167015456,164.59177755774948
137.93050742809882,55,13.519806253238231,0,1,1,98.44466184475257,3,1,1,1,657.9208278155911,612.7769544777108
27.634073036594224,10,2.5870573892391246,1,0,0,0.0,1,0,0,0,67.70766942101801,80.30438782778293
60.65607761686646,20,0.17055746815917808,1,0,1,101.5901399757509,2,1,1,0,288.9687238595603,361.23706008524067
44.77496685789886,20,25.337455124977442,1,0,0,3.941312322591088,0,0,0,1,196.08756422582482,248.4349714373314
140.68657561682608,29,3.703445925547799,1,0,1,76.966682127675,0,1,1,1,454.34228897210625,493.89793950729023
140.67948807251398,29,4.001158412448188,1,0,0,42.34476566790481,0,1,1,1,517.2877677218345,453.11630013179075
73.57449160836833,29,8.909375514374034,1,0,0,21.78246415197252,0,1,0,0,199.6959363930021,172.7286071042458
134.5464865601877,55,2.6785552593149724,1,0,1,76.94942709642939,4,0,1,0,380.2570329098566,333.5974713742298
139.76875468550165,40,7.709373401696439,1,0,1,84.8586830124111,0,1,1,1,544.0528147879818,508.97304004358756
70.77527215594917,40,10.342528937567575,1,0,1,0.0,2,0,1,1,418.02851066686765,384.6321282833709
143.04388258298866,55,4.483095639154322,1,0,1,84.01597279561936,1,1,1,1,578.2312896272769,542.8877248666349
62.45521901038148,29,12.926461407907563,1,0,1,73.69283864726964,2,1,1,0,340.5127709093578,341.9914981943701
97.83815007197032,40,13.50747477279538,0,1,0,111.30604080803992,1,1,1,1,564.1171548614176,556.6300145058534
116.51930535081443,75,9.395752529069515,0,1,0,72.12989059395994,3,1,1,1,651.2392055075304,591.6055041572841
24.76003698378338,40,10.57434106760087,1,0,0,50.558472967899895,1,1,1,1,389.9161910547208,446.7880617951036
81.78235112431678,20,14.477854292780954,0,1,1,101.31796688745766,0,0,1,1,498.6786343854137,456.3305076892328
71.69771247311358,55,6.123899940769917,1,0,0,35.33456014696535,1,0,1,1,362.6695829615439,392.14166191896186
15.498936331593082,120,1.7925762762260464,1,0,1,57.7686347499498,2,1,1,1,527.4721632141352,517.1136421362642
57.95852346990547,55,73.49223147026504,1,0,0,31.046036859549762,0,0,1,1,382.5169219184528,369.4582966797961
19.08489242345134,40,5.2994467292521525,1,0,1,64.72243120757074,3,1,0,1,498.0860278787305,433.0193925968787
89.31369335439872,10,5.883230746884287,1,0,1,57.80574524684019,2,1,0,1,386.1383332866106,420.6465635138022
30.2174941395949,29,43.81279326723779,1,0,1,53.631414345216655,1,1,0,1,475.6046394183427,384.68790581222277
61.73129483164934,40,46.05955377458122,1,0,0,43.81993777297058,1,1,1,0,308.5743164348316,294.3780280516285
18.920635050775648,10,17.361029239589275,0,1,0,25.536496498503755,2,0,0,0,46.31990021553284,167.09335755383785
150.40264930553067,10,5.1568560407532145,0,1,1,86.85068294706011,1,1,1,1,519.8672046431878,554.134637327313
67.70000693206721,29,53.020272986450934,1,0,1,67.8425323917987,2,1,1,1,617.6888267217126,510.5237002682563
95.291119145885,29,24.399743642875336,1,0,1,43.985751127886196,2,1,1,1,494.9777668500451,485.27463759546185
43.827437484832124,55,6.447440617085609,1,0,0,39.29603651695985,1,0,1,0,234.37047509451628,232.67735263286426
174.27744337878178,20,2.4535060906300155,1,0,0,63.706769844551175,1,1,1,1,524.5382795321049,515.7655682260503
24.112842709300224,20,12.65674317785389,1,0,0,33.78373553416756,4,0,0,0,170.19498362268766,169.13880935215008
24.971981088128604,55,4.140611078340546,1,0,0,43.61389392442115,1,1,1,0,215.609556937761,297.4953647848481
91.634721610557,75,17.626168324412312,1,0,1,94.12653803438465,0,1,0,0,275.77018313064616,276.518825645994
99.74827571508669,29,4.219500818427755,1,0,0,68.27001129113818,1,0,0,0,182.6442669505226,185.47705375310144
32.58469715154099,75,36.91828692655601,1,0,0,36.1175743611932,0,0,0,1,294.3446126427402,292.1137946421236
46.76930844459087,20,2.010801441704063,1,0,1,20.53358708516693,1,1,0,1,388.1974596211228,343.1750603173172
196.08635197933222,20,46.83001834093343,0,1,1,109.81326481941474,0,1,1,1,615.1140016380474,578.1431993685711
93.77212030559556,29,19.87913840113826,0,1,1,99.26790754248316,1,1,1,1,444.063928903087,549.9030458694047
69.31343332734454,75,32.89728566771963,1,0,0,39.637067249604826,0,1,1,1,424.8607658231892,454.64162646055826
55.61282189620073,29,26.242252382265068,1,0,0,57.334906178847774,1,0,1,0,275.31043141087304,242.86075706883864
51.6295657157523,40,3.2796405190886557,1,0,1,55.086929439131524,0,1,0,0,330.5846971593278,203.32855259214236
37.71302826044781,29,0.11910173835179085,1,0,1,48.47135281283306,1,0,0,0,180.63180783024472,141.8543626794684
164.17990093950465,120,24.46400410482159,0,1,0,100.40202827551568,2,1,1,1,638.1219895763857,625.8027079161269
100.18782569189598,29,5.5079246279998255,1,0,1,35.34930370652182,0,1,0,0,202.17963641085603,186.65906321392654
168.28832705640488,20,44.64967122418312,0,1,1,100.45991784298374,2,1,1,1,578.2972742377185,596.4308427533241
33.151145254912585,40,42.87930845213922,1,0,0,26.044746186634192,2,1,1,0,333.4213128962817,291.09678716977237
9.71899576886792,20,13.298052874990455,0,1,1,30.47830660040731,0,1,1,0,184.9699116611217,262.410583074543
104.91802545780448,29,12.82527225719914,1,0,0,22.569446734072827,0,1,1,1,422.3217689209924,425.6889870664538
67.80660498601436,20,4.161671491849478,1,0,1,19.003709639886917,0,1,1,1,400.3713822829889,409.768865999101
73.54421733411891,40,15.243154666554595,1,0,0,28.430497413721177,2,1,0,0,274.56609573300693,232.91076487280608
65.7165677828545,29,7.29265258238983,1,0,0,51.78613780356811,0,0,0,0,160.2199695632649,139.53656063542
81.45623387072995,40,83.73491788500121,1,0,1,43.18630252665769,1,1,1,1,461.28702798168104,446.3634479041615
9.75204412358047,40,6.066432905879696,1,0,0,30.112305402221807,0,0,0,0,126.00265163581481,113.05275136470091
35.90220628369134,55,0.7159288073386041,1,0,1,38.84030265370132,1,0,0,0,182.18674151154914,145.34162957560392
54.972551248964145,20,2.3640122937758346,0,1,1,75.39285645040535,1,1,0,1,395.4953473350755,429.3499514208524
59.88565273466812,75,4.089428758864741,0,1,1,54.7466279551534,0,1,1,0,344.9525807921402,333.08172038964767
27.810695212621535,20,44.335766984975194,1,0,0,62.42147970931513,1,0,1,0,248.76978471925108,245.20838444220644
93.75334727653293,20,27.246444931784833,1,0,1,46.29636332601932,1,0,0,1,257.37048541246884,312.85325163139635
108.98044018724077,55,2.6145149005755814,1,0,1,26.478921950052246,1,1,1,0,295.41301974261984,291.4127521004
49.622461177940735,20,4.727892771751707,1,0,0,0.11661370148571493,2,0,0,0,254.24052449723138,138.81659947640526
54.09702941994313,40,4.6880468726152,1,0,1,41.31613504061956,0,1,0,0,160.36193607250303,189.62410597746972
115.19393213194597,40,0.8050578261236059,0,1,1,64.71433654497301,4,1,1,1,589.4118751269989,557.4262763357384
27.7818510455335,29,13.417164048575,1,0,1,25.931030809965627,1,0,1,1,367.36516010053987,367.3513398137581
110.90686813108576,55,23.719735547838166,1,0,1,101.4565300446926,0,1,1,0,341.9999735675558,363.2244191227215
50.05005348434031,20,33.21742778712395,1,0,0,35.9939573137678,1,0,1,0,165.73817646577834,216.69762690931793
55.48726694487053,29,4.091239807929968,1,0,1,64.98101054174482,1,1,0,1,430.72239053049424,398.64170424198164
90.06069356184103,10,21.13408467495373,1,0,0,21.452451484615978,1,0,1,0,197.87518891337973,202.72689280151423
49.307700377113136,10,5.959576990392991,1,0,1,41.75853369270462,1,1,1,0,237.65576597353964,276.8587760591554
19.20905668944982,10,15.568065163864777,1,0,1,44.95680742885474,0,0,1,1,371.20628356481643,347.78256338007213
73.3743974410863,29,15.326675151507404,0,1,1,57.162213664805165,3,1,1,1,567.1238638136384,525.8497360070043
44.12351605934065,40,11.066449451700025,0,1,1,80.09897576760812,1,1,0,0,257.93830050247743,285.6218906781797
70.69278358589989,20,10.193481385494817,0,1,1,59.28751780937135,0,0,0,0,265.21644219898894,182.08043966908525
56.86569921780699,40,5.037126660436511,1,0,0,45.31832383683066,1,1,1,1,401.3390820910674,446.8573893450806
90.71911859407949,20,4.398167069393339,1,0,1,49.35832729834031,2,1,1,1,488.1706295116058,493.808883697174
24.331140586424674,40,13.762856564574301,1,0,1,35.12520586009821,1,1,0,0,242.38151187005286,196.35209076419986
98.63055676396795,120,24.46775151061961,1,0,0,78.21173110484969,0,1,0,1,492.87740836840015,439.7798924063716
165.62351527259298,55,2.8336059453013718,1,0,1,52.73418340426415,2,1,1,1,618.457823925114,516.2754374551122
14.503995204332574,120,32.22509525910335,1,0,1,35.01994057362937,4,1,0,1,492.9775563623701,423.94318452139936
93.1860424747906,75,13.423273277289772,0,1,1,115.46801305895977,2,1,1,1,595.0803079738757,599.2182263202297
118.60619559027562,20,7.658198162069813,1,0,0,59.17740938662545,0,1,0,1,364.8804758986446,389.89083704976144
30.73664130928635,40,3.4910143010235855,1,0,1,21.663663157694895,0,1,1,0,235.43525601373435,235.94840904904714
59.30132191449167,40,25.64202726342747,1,0,0,37.22995919189346,1,1,0,0,154.8134209878623,213.73087303704642
41.032987748432,20,2.547749235032252,1,0,1,23.354318539024536,0,0,0,1,235.562622807782,256.1751527201428
100.76139596227164,40,40.56002670654524,1,0,1,72.38030416793154,1,1,0,1,353.0277177797487,420.90052215658795
156.89882086523727,120,23.612159396547437,0,1,1,125.70963515880453,3,1,1,1,710.0807336339271,643.9641651509742
54.051941070547436,40,5.538653314542522,1,0,0,43.59921884202052,0,0,0,0,98.1177603645533,131.7462176876992
150.05744535578697,75,7.356190884975193,1,0,0,79.4817031519578,2,1,1,1,612.4221900028465,571.1073564583337
45.574864196742574,29,3.1613347583310523,1,0,1,40.7774968746575,1,0,0,0,144.6888323003066,136.71593205688333
34.13903531419816,40,20.483390014810766,1,0,0,0.0,1,0,0,0,56.60198303035082,103.9869725054716
204.52643822355105,55,7.661873267580508,1,0,1,86.10909365688437,0,1,1,1,544.8342546163295,539.7162726741892
181.29352548103583,29,12.619903204527917,1,0,1,93.31443103157933,2,1,1,1,661.3055514084705,576.7200794852142
30.93918793317102,40,50.198535154640496,0,1,1,41.677704407984805,0,1,1,1,444.83286793315585,443.95046252574866
69.37243140767102,10,40.118303184372444,1,0,1,56.47865828372902,2,1,1,1,505.063199891506,483.699662576612
53.30283280298605,20,3.609358877763951,0,1,1,106.37545421937942,2,1,1,1,626.3456680479275,564.2082340025506
144.62375914283118,40,27.906690231487122,1,0,0,42.38289387027684,1,1,0,1,398.7291383216188,391.4774484690399
45.245335611032694,20,2.5606584553401457,1,0,0,42.52786618916798,0,0,0,0,91.21856526624407,115.84894984256088
38.55941910112558,120,0.8321894603037778,1,0,0,83.99464093288941,2,1,0,1,462.6514913322846,477.45728687263363
187.02716295416033,40,15.563178729646399,1,0,0,67.30952617235722,1,1,1,1,661.7203521303582,526.8149907888969
43.6629781281455,29,26.70947881015081,1,0,1,21.698621971105048,0,0,1,0,162.16601511048427,169.36390685076165
57.186749911561954,40,30.522177538037976,1,0,0,15.552154115261366,0,0,0,0,134.40366792454822,110.22102324987394
93.9778215798529,40,5.400884212826813,1,0,0,83.05448699395677,1,0,1,1,485.41281163482955,449.5972636805535
72.53546747364535,10,46.32141978029628,1,0,0,21.663345255227235,0,1,0,0,193.01451668517572,166.6985338186829
35.88204311416192,75,4.112667980738654,1,0,0,49.613778371826974,2,1,1,1,467.1778127305837,501.2349390612494
38.60697339037361,10,8.084671079538017,0,1,1,72.8542717836683,0,1,0,1,494.16507277744745,402.868313905296
88.81073256775547,29,26.838618885472126,1,0,1,29.840424182759214,2,0,1,0,241.5774612726101,249.45174713382195
172.19648396101252,10,2.8628775080616053,1,0,0,69.17913721733598,0,1,1,1,381.77232421562746,493.3488025967805
63.458686799028115,55,1.2653947600480329,1,0,0,44.156155174173264,1,1,0,1,412.67328039630263,386.08227217886264
76.77118042684965,75,6.450325775112264,0,1,0,46.13320790644019,4,1,1,1,508.95881833040335,538.1575362886416
62.12379257844298,55,8.048706870559805,1,0,0,70.41668591212803,0,0,1,1,350.29100561148016,419.8243953287494
64.65938904149633,10,8.736512341300175,0,1,1,64.4168813201505,0,1,1,1,487.21277086920367,489.3109894421558
62.60031510263158,10,3.641689134062199,1,0,1,39.27328606652858,0,1,0,0,177.4666469245082,174.21254180934272
71.76417936007705,10,11.948279561597001,1,0,1,72.58046074274388,1,1,1,1,483.97466042288397,495.088912431361
19.867252537672,10,18.599683634090816,1,0,1,70.78207698530439,0,1,1,0,296.4974164964765,293.29892780082486
42.43727951338475,29,10.334498807482627,1,0,0,49.79044261865063,0,0,1,0,179.15114821844531,207.30647898533786
58.33769320872424,20,5.270837930374867,1,0,1,8.867929257040103,1,1,0,0,192.5969893688849,178.92296588274948
102.95242751241481,29,8.226815907584951,0,1,0,46.67581531363526,2,0,1,1,493.2051484970055,445.5955101375627
25.810025282332077,29,7.46591651496912,1,0,1,63.271559518223235,1,0,0,1,322.8235823884931,332.08658947097183
37.95612582044014,55,4.358027210585679,1,0,0,47.205129965308416,1,1,1,1,454.03939266271067,458.4528707930219
46.19144495152733,40,18.58909374247006,1,0,1,36.03139475462235,2,0,0,1,329.99813800492194,329.35914269569463
58.17538188566229,29,3.105386376491943,1,0,1,68.16000465053585,1,0,0,1,404.7165234583495,337.86173063928885
58.020433344799244,10,31.466046515746537,0,1,1,69.2460164123444,0,1,1,0,325.9626090693389,334.24338517763255
72.54401295650064,40,19.130290854824942,0,1,1,68.05646379226292,1,0,1,1,403.3571182040752,455.06823364094697
271.24141556448836,55,29.93866328858176,1,0,0,66.1583389829376,4,1,0,1,579.2106719388037,480.87447922194684
46.751042288229954,75,31.50089223035979,1,0,0,24.408340562633832,0,1,0,1,338.1478517734066,344.6411299787001
30.534394292723007,10,51.83398466172061,1,0,1,15.175822511327507,0,1,1,0,179.29494181614302,225.85350280677153
158.89052321043994,10,26.350457880498308,1,0,0,37.85507173077245,0,1,0,1,378.7712787961702,362.42346352161525
56.89010201791585,20,6.501000788257691,1,0,0,84.73561350447054,0,1,1,0,305.48154815850216,314.5660440175679
80.52096482385967,55,28.95139425812585,1,0,0,63.15841346931323,3,1,1,1,557.9822459606903,540.1998179702116
19.432323707324315,75,32.69743312089784,1,0,0,6.950287969985567,1,1,1,1,454.7720354221153,429.0677500303906
21.838890524274348,120,14.974399858969788,0,1,0,92.74433552400808,2,0,1,1,563.7151318187808,523.2828160733025
37.277015209092724,10,9.065499777277946,1,0,1,47.72366944260445,0,1,0,0,108.5127184108124,188.82972646492132
45.20592716975019,20,49.59168760605213,0,1,0,46.92806418437691,3,1,0,0,253.74550598427413,258.1992409513403
112.50205924040478,75,2.922388921036841,1,0,0,63.12601504377205,4,0,1,0,396.7426247838607,329.6180305354896
97.11274668591565,10,37.250798407224956,0,1,0,67.09005927802085,0,1,1,0,278.52129587288033,338.96355414013084
72.90034887687308,40,6.503858656099427,0,1,0,50.048412445516185,0,0,1,1,405.12122662192525,410.4441277574462
77.66988614389346,75,38.04446456056295,1,0,0,21.235061969163123,0,1,1,1,491.6781408512974,439.33993575157916
13.063093683161533,75,18.596919027041608,1,0,0,38.38078911953213,1,1,0,1,374.28016608859446,380.2297473848215
347.05819083073226,20,4.412829460306321,1,0,1,118.55069554720303,2,1,1,1,615.7057510742427,594.281759045252
80.66043867114743,29,0.1050099194261613,1,0,0,23.98800213942658,2,0,0,0,114.45288438261218,169.46346224650074
123.99606427066188,75,1.0000958278697492,1,0,0,42.205968197220955,2,1,1,1,535.0590380882534,507.6542467417135
81.34236434755059,55,35.582886160842214,1,0,0,37.108133295478815,1,1,1,0,283.96402050642234,301.7303350590633
88.74970060018421,10,0.4774365159947681,0,1,1,103.56776995939161,3,0,0,1,441.57330563952075,422.1105515636004
121.82633634172589,10,1.895200786798359,1,0,0,38.68253347671384,1,0,1,1,383.0136157953375,401.2738465655961
34.33390550901981,40,8.581304083095493,1,0,0,4.571513609276728,1,1,1,1,345.55904847461187,402.21681076378724
27.192133626497554,75,3.0771498914371533,1,0,1,33.19313009194754,1,1,1,1,498.37823783462545,453.0027274368062
123.92935029424063,120,55.105087224025446,0,1,0,93.84644885531924,3,1,1,1,687.2935353122969,628.282667669398
63.14514142538012,120,32.127486239518184,1,0,0,50.054836928924445,2,1,1,1,556.2544615246451,523.5817446281437
90.31254419916583,10,7.365287833108897,1,0,0,13.58820259806284,1,0,1,0,191.14515102678854,195.84063473732576
96.57176953813901,20,5.7803685953230355,1,0,0,34.90995914304811,0,1,1,1,424.63586958995387,437.619708968608
108.21534888330005,40,3.726010135964006,1,0,0,48.2335749710941,2,0,0,0,242.26027695063837,195.4294954270951
119.67260061229915,75,8.171752738929035,0,1,1,77.49961993756236,1,1,1,1,512.2928677774408,557.7006670705404
27.643409422671354,29,1.9708275738030203,1,0,1,56.32591368509663,0,1,1,0,265.77520695966973,291.2128128231106
69.28619512692694,40,4.037995837035298,0,1,0,71.22846436605747,4,0,1,1,581.0092118947,489.1641727438624
47.931657350554225,40,20.13130209035793,1,0,1,56.25130287291849,0,0,1,1,299.91880925275404,380.2926861287443
124.20201815325308,55,12.23177889607037,0,1,0,97.98942331724906,0,1,1,1,521.6976311711126,563.0699821934592
104.02351387394697,75,11.839972004228121,1,0,0,43.1219415621975,1,1,0,1,405.0346432371823,398.4968583331219
70.15184361295866,20,46.88886305530443,1,0,1,83.81572309399844,1,1,0,1,502.4645753531329,432.9297282193878
8.907443124207166,20,8.089526542151741,1,0,0,33.25596996092484,0,0,0,0,130.97085029491623,102.0288742792688
29.78157857514324,20,21.11500643206388,1,0,1,36.184735551215,1,0,1,0,163.72710611294212,210.23431843249577
86.5276671923513,29,5.187424790981293,1,0,0,37.00519535726942,1,1,0,0,145.94940488953705,220.36110007531698
82.98029887571715,29,2.7793951901869764,1,0,1,84.85592722133808,0,0,0,0,184.48522356934606,196.32922681915085
125.72547979725643,75,3.918096236869957,0,1,0,123.5957384564627,2,1,1,1,654.9320084105659,622.8597149332699
77.51361732394265,10,8.107375647878975,1,0,0,23.77623030060515,2,1,0,1,416.62434580914424,370.3842514338083
21.720642360937248,20,1.6675411013054084,1,0,0,5.74931063865467,1,0,0,0,100.54836960940773,85.98175393826638
50.60683686335474,55,14.200562686586451,1,0,0,32.353159224485424,3,0,1,0,256.8347368963067,256.3088324702236
153.09766603685588,29,4.26720400508483,1,0,1,83.56343269000351,0,1,1,1,605.7372304774233,511.09999581497357
5.121268118499977,29,5.9864045315737995,0,1,0,31.514529231384945,0,0,0,1,254.38520515081834,296.6489008494216
39.81443810965627,20,1.0212705258721186,1,0,1,9.163651142032855,0,1,0,0,201.6173139215079,145.97653754436442
125.96645264200596,55,6.123161100563275,1,0,0,49.24594518029552,4,1,0,1,518.9321792555817,440.5010271707889
25.14880967611658,40,7.14840487500766,0,1,1,28.571245359572075,2,1,1,0,297.65626957342215,301.19395117631734
65.75863603692822,29,7.497425823039854,1,0,0,4.688621820359678,1,0,0,0,123.1822558770005,116.0874312046075
110.51422394664151,20,21.926456690387354,1,0,0,54.35210003331057,1,1,0,1,460.94890892820007,397.49039328589487
90.51223067167922,29,25.51228264433397,1,0,0,17.28949149130179,0,0,0,0,22.16401880431836,112.56522304337972
21.940622177259584,10,9.027545608806854,0,1,0,74.79577530934915,1,1,0,0,216.66651605649784,266.1323769841889
159.28530626418862,55,2.0006739425249105,0,1,0,102.46500040212918,1,1,1,1,624.7925427409269,585.8965480974646
25.569876644823136,75,26.14847808853543,1,0,1,75.9265700956784,0,1,1,1,404.2600083359608,496.2416241876778
64.16096647156107,55,8.923999455587065,1,0,0,10.765662280183122,0,1,0,1,381.96078384316314,324.1972938967574
53.791908593483505,20,3.411051557673386,1,0,1,26.221524087989252,2,0,0,0,113.13262649717367,160.0053616050806
55.55075111280223,20,1.104510546050498,1,0,1,57.77861270865006,1,0,1,0,233.0150608878673,240.86636030636558
11.692243921182653,20,36.613152880602236,1,0,1,39.1994509694666,1,1,1,1,390.0476281868513,427.181567313293
50.50647623816534,10,43.03069782371841,1,0,0,0.0,0,0,1,1,350.9951947967016,330.2140537849217
16.777144777326555,29,17.19376050818469,0,1,1,14.083593805137212,1,1,1,0,299.178187747147,267.1254975979605
10.838367742481173,75,22.013344431283297,1,0,1,10.65139909693088,2,1,1,1,434.11144452473525,463.63594579734627
152.75874913651705,40,23.369685272056458,1,0,0,63.08078859942122,0,1,0,0,205.471882744391,235.25885255915082
34.825733323167114,40,1.8481899879738695,1,0,0,28.742663914651875,0,1,0,1,337.89152056403026,329.22376130177133
269.8160888755911,29,21.411833845559254,1,0,1,135.38158824283295,1,0,1,1,576.6693161981868,492.84999974996686
64.56128797986956,20,23.670590900805657,0,1,0,60.384719790491154,3,1,1,1,507.674688277132,528.9043060019029
56.790798642909174,29,1.8699173714778687,1,0,1,66.9011579146607,1,0,0,0,186.64707764203231,170.2569909537463
147.7528326161798,20,4.942854779436352,1,0,1,74.27676989370028,0,1,1,1,558.6529966291337,492.3734970122241
68.32863308716735,20,19.073396851606148,0,1,1,86.5331939804914,0,1,1,0,455.26324170435566,343.85336086733594
70.46224090026037,10,37.78882944578836,0,1,1,40.985608931529555,1,1,1,1,517.0896177085502,464.55827021653795
44.73587771961113,40,4.308700964256077,1,0,0,27.23507343281927,1,1,0,0,157.79225158032807,196.62255726194743
17.041322366116834,29,14.746558316429866,1,0,1,38.08418805514375,1,0,1,0,163.15708475472888,209.59381231332475
87.0197623614582,20,8.025760625317991,1,0,0,34.4166398138595,2,1,1,1,450.6424582258907,476.6818304952037
25.475524906281876,20,39.167462683320124,1,0,1,26.52789523592937,1,1,1,0,293.24143562773696,257.8042421256265
50.8113994967565,75,3.057390935866587,1,0,1,73.50396108279098,3,0,1,0,427.7793672461924,316.4900539525527
68.20841266845795,20,9.440839893421845,1,0,1,57.50270821669904,1,1,1,0,265.3992143014835,308.5140569235638
28.602640173430892,55,28.327460375173114,0,1,1,35.651029985734475,1,1,1,1,511.1511590747664,464.1846733882066
60.49465380755898,20,6.361603027496529,0,1,0,34.73988623116892,1,0,1,1,471.1347516224076,411.3810019430022
135.489320227307,55,11.775535195892582,1,0,1,79.38652677360807,2,1,1,1,558.4414035896469,553.8323555693883
82.48172073936902,10,24.26593262572747,1,0,1,37.00000977383598,0,1,1,0,225.44136645829064,264.0494797977001
108.352768818919,20,0.4568719999513406,1,0,0,55.64630064011898,1,0,0,0,154.26549282405045,176.31223503925568
95.36755024161619,29,2.5049088598309797,0,1,0,83.070390066258,0,1,1,1,561.7150848778518,513.1129012340789
162.2016616422525,10,0.98109201571954,0,1,1,102.51381022949128,0,1,1,1,532.1117719264591,563.6162352575618
65.25062652805708,120,3.5941659183625134,0,1,0,104.44655002943955,4,0,1,1,517.8193121554089,543.3284517435701
274.7150629962005,75,0.12892013243083789,1,0,0,80.5409036863461,1,1,1,1,556.6630217526772,557.4391133651876
60.375197719366874,75,6.715942079938786,1,0,0,67.30437004373806,3,0,1,1,509.5480056409944,483.3479085242982
85.91927744344267,20,49.25191125565031,1,0,1,55.59529017174513,0,1,1,0,263.2955472671719,294.3550796664559
153.33270104830322,29,12.707772059230503,0,1,1,122.79191309659251,2,1,1,1,653.4751214816313,609.3016403266363
190.2136222643263,10,44.13609288788016,1,0,1,57.79330780040128,4,1,1,0,358.7833476883245,364.22424642779976
160.16063869638776,10,11.764529288835519,1,0,0,85.24787152065699,1,1,0,1,414.98544230757153,454.76445020316237
64.00520819867181,29,0.8074212094070543,1,0,0,38.25777360252907,1,0,1,1,392.6633112878508,379.5396714404886
1.4275445650778744,20,12.994652980311528,1,0,1,0.8834141263617852,0,0,1,0,146.65503673837014,155.97607076661873
33.4458931643308,120,26.3926761908491,1,0,0,14.79445151297567,1,1,0,1,284.08693814054106,372.52728153200616
42.9587677600074,10,1.4497404525895798,0,1,1,57.10496030607214,0,0,1,1,330.956587909201,403.6709908473124
75.67466920583445,40,5.848726076144772,1,0,0,46.80835849104849,0,1,0,0,255.59329271679758,199.2667337803335
51.36108030492693,29,19.74074879081086,1,0,0,40.01168438758666,1,1,0,0,228.84117258305585,206.41221495219887
97.60248693378861,20,30.736148158111682,1,0,0,42.135996381883565,1,1,1,1,468.54468923847844,450.9827893537617
81.6204381316758,29,14.743399219349044,0,1,1,68.8103423697852,3,1,1,1,605.4370883161503,555.0549102938711
11.338646875725315,75,6.544206483884017,1,0,0,64.05517661899016,1,0,1,0,231.94881708646386,274.2196634439165
52.34322730435209,40,3.8134705046327984,1,0,0,41.50418798219109,1,1,0,0,214.63148104714253,216.30331025849884
190.98421963983813,40,20.061438075846418,1,0,1,61.689342117404635,1,1,1,1,574.0839223622934,517.9118432980882
21.5779575071995,29,6.839238014460566,1,0,0,42.22070766930132,0,0,0,1,304.30639271324407,272.20220196688484
35.50057684557889,10,5.293806490999572,1,0,1,50.83168350662145,2,0,0,0,110.72298526237327,166.7475395383137
31.820310648112688,40,30.64764378243527,1,0,1,49.442029220822256,1,1,1,1,421.4588791955486,443.30618878830836
39.70748680520838,120,3.776404292143205,1,0,0,76.5301297870028,1,0,1,1,459.49503761026205,458.85200891772496
68.33126223917674,29,4.005141737513058,0,1,0,78.43226298512857,0,1,1,0,364.22318179858127,346.95038330860774
54.31395081124714,20,3.132095971485499,1,0,1,60.51765118343455,1,0,0,0,145.88638194066476,159.46924398093225
86.0836189216008,40,31.654442181981672,1,0,0,19.44994466566482,2,1,1,1,475.1199574481132,455.708444029027
51.876373765754444,75,3.6709080240114482,1,0,1,58.47868789539804,1,1,1,0,361.77646988283544,334.8353565432469
136.66572040208968,10,10.859881504876647,1,0,0,54.39329381622949,0,0,0,0,139.83441506636163,171.2177420307189
15.071882793955025,20,1.510115585394443,1,0,1,45.77179584497762,0,1,1,0,187.19787497724047,259.1054054552178
107.73920993676704,10,2.683291490862268,1,0,0,18.17346160275459,0,1,1,0,280.08024850587475,242.96345202730978
44.989598463015916,55,1.362829346632705,1,0,0,67.07385597841096,1,1,0,0,233.15379631971587,247.5423831323736
47.5500227538955,55,2.828829298961199,1,0,0,50.27734276569129,2,1,1,0,293.95968543629476,331.5165882188083
149.700475552537,40,5.843563680081588,1,0,1,47.23976240373188,3,1,1,1,522.3039945258955,513.0065449451864
36.46232364213317,20,8.634051397763136,1,0,1,45.60957020396172,0,0,0,0,94.46905497843457,121.50675576301897
102.5802840373185,75,18.30139697801781,1,0,0,42.60630676214387,4,0,1,1,546.877128609696,447.25871659261804
121.36317938999117,10,1.5816534536147322,1,0,0,55.06070020899434,0,1,0,0,231.64309892818545,213.4210111120405
66.65037836398949,10,4.673383888305829,1,0,0,33.321506119217254,1,0,0,0,106.26396826416914,134.04981496938
10.03798743370315,55,5.426675557520766,1,0,1,24.64724295919105,3,0,1,1,368.6503082402103,413.98489898758163
177.11108923494365,20,16.538933174811962,1,0,1,84.75306277705272,4,1,1,1,593.4217353581162,579.4026907588926
9.740856900395016,40,4.673046061747597,1,0,1,2.619765694332955,2,1,0,0,207.39402468763672,183.49652563790073
22.901573573426425,20,19.71747589207263,0,1,0,22.082250816250504,0,0,1,0,165.82751569966402,187.65891046557098
26.791441489310273,20,33.51319514877556,0,1,1,48.206587642161054,2,0,1,0,191.5579634324592,252.704975752136
55.67352497754459,55,1.799353845724135,1,0,0,44.35897613056725,1,0,0,0,63.82011405715312,160.92599952372456
90.94930221792387,20,5.119120304735209,0,1,1,95.07201720691957,2,1,1,1,607.9145094931985,565.8826380657175
82.05047687467375,20,15.4839895229255,1,0,0,81.13093906753983,0,0,0,0,130.98607005066845,194.7710150430305
67.34794688700946,10,18.886387469057357,1,0,0,80.44124714210946,0,0,1,1,343.9481765753695,409.0918695537932
87.59927091243685,55,9.367844356048016,0,1,0,33.93886479146267,0,1,0,0,205.3238307466364,227.24662938830352
88.3313907865212,20,31.901191014366724,1,0,0,52.01153186779753,2,1,0,0,225.12706130340376,252.46112118505164
172.14616986421086,55,18.876402806225414,1,0,1,81.00863919113156,4,0,1,1,577.9951073273037,510.96701686369937
69.09431046042512,29,1.4655572666528296,1,0,1,59.43159363843448,0,1,0,0,191.62062398038046,209.42397976754148
8.178889125153631,55,11.619903453912256,1,0,0,0.0,2,1,0,1,317.5559666674508,360.61709352669027
162.00688935942597,55,26.572907621274435,1,0,1,81.1976339564127,0,1,0,1,343.80764286136497,443.57313054561615
114.05854536685342,29,2.7630053239232555,1,0,0,65.51452700834179,0,1,1,0,206.20903250708002,313.90295064161955
295.83507261734553,20,14.059663377484776,1,0,1,75.47072863994669,2,1,1,1,574.9551022586536,559.2393661181787
234.2382659844664,10,10.109118603548271,1,0,0,81.72579531462308,1,0,1,1,445.8724925952604,466.08297562118656
207.7078421231441,20,8.426009895322983,0,1,0,102.80652621377448,0,0,1,0,391.7179008890646,317.12915996669324
67.12793011477387,40,7.660932423071644,1,0,0,70.11540470346816,1,1,0,0,222.26487862159658,253.18328920311754
105.25494926677086,40,13.06454199633736,1,0,0,30.900934972290376,1,0,1,0,248.8543354667736,236.79602665868705
38.59652553828194,20,36.05209219228195,0,1,0,62.18055545031176,0,1,1,1,440.2699919123526,477.99396202346105
52.183930229601444,20,5.24300436033118,1,0,1,30.46939929257151,0,0,1,1,321.53157360331335,345.57012253016
99.20747004075102,29,2.0742337628879004,0,1,0,63.41642383104624,1,0,0,0,194.76882664522293,207.81341049082423
128.12914286463902,120,32.12106814128083,1,0,1,62.251503441214105,2,1,1,1,479.90545687306883,552.8714838327925
27.085953512745814,40,7.375805028678354,0,1,0,10.228320221030351,2,1,1,1,467.71034196754016,458.77361393659106
57.26007878824579,40,8.531356165680958,1,0,0,29.449618160715332,1,1,1,0,208.9101466075143,264.7797956871425
40.537370015528225,55,3.6191148670633155,1,0,1,56.70787884810661,1,1,1,1,426.7942459419522,476.9744593240627
21.88485510077195,10,15.491687889007517,1,0,0,31.244086269161343,0,1,1,1,413.79086511244935,403.0512451015543
66.81424616887956,10,0.18082884145079367,1,0,1,63.388285650867154,0,0,0,0,121.82009287026858,149.63559536456003
112.90298380650756,20,29.523885224806595,1,0,0,38.25239619543134,0,1,1,0,156.49690447812708,278.220734411029
76.2314448492906,40,6.380745644043142,1,0,0,43.0959186220506,3,0,1,1,446.2459711524783,417.15765904943396
47.76940907898173,29,5.781440941910164,1,0,1,20.944815995028492,2,1,1,1,383.3096296386361,443.1420474792684
48.99213433925045,10,11.583817430121266,1,0,1,63.6844432389844,0,1,1,1,438.435023073381,458.63457390100257
132.31050482976525,55,22.821869566341697,1,0,0,85.88799901088043,0,1,1,1,479.81861813992623,524.4226647014007
146.44989371194382,75,26.418836077614312,1,0,1,68.04862679483735,1,1,1,1,521.294835319053,536.3888261360096
129.78502638764766,20,84.28967710613911,1,0,0,103.54684323905715,0,0,1,1,390.43309939675623,460.4607951058287
15.212006247836296,10,0.1814303365382572,0,1,0,49.02130281891595,0,1,1,0,275.60796958534223,294.3328015415015
85.6421058529363,20,27.247538772684216,1,0,1,17.931130074800137,1,0,0,0,196.53717455767156,134.64418240815775
27.065279238362443,40,13.65712660390438,1,0,1,8.746885034330738,0,1,0,1,347.1582830154269,312.55609816080914
317.0228965796045,29,5.322005802468131,1,0,1,120.4314493464103,1,1,1,1,632.8496238105772,577.7343737531195
126.61071992322178,29,10.0867926726008,1,0,1,121.3960940382531,3,1,1,1,564.3064798041154,587.0906162588122
30.35584692321957,29,37.20978872797382,1,0,1,61.40492834413455,0,1,1,0,262.1952008499622,296.55544784904424
77.25881218153063,20,6.655628887884236,1,0,1,61.39553098431601,1,0,0,1,282.35612393887357,333.0746543289366
39.58104686925808,20,6.864721925661384,1,0,1,70.54316372095595,1,0,1,0,304.91637882102486,246.70355363083183
19.910468481003722,29,12.87858653916607,0,1,1,35.295559958611065,1,1,1,1,465.8551593855009,453.4026646433632
38.60546419716663,10,1.120754704459959,1,0,1,24.564900611375194,0,1,0,0,136.64759852905829,152.42401315539246
18.507229255585294,40,7.089379771488824,1,0,0,0.0,2,1,0,1,296.1629524833869,356.64988199030006
102.37874720948223,40,25.39928455566104,0,1,0,82.14453117917859,0,1,1,1,531.3270452495352,513.3481497679358
15.981241129768009,20,4.4761496334400785,1,0,0,0.0,2,1,0,1,337.4691393286456,349.3411410781726
74.83389438719885,75,4.113454705798623,1,0,1,71.09300983036421,1,0,1,0,248.97456896577097,288.5114512224401
35.408121199025494,20,73.66077340206107,1,0,1,38.36082525130731,1,1,0,0,144.80344133216462,197.66323859455062
3.616936501287538,20,13.336806474978816,1,0,0,70.28990346603834,0,0,1,1,414.7306601055047,397.9356684086699
119.6309578072203,55,2.1438958870898133,1,0,1,84.0866034074411,2,1,1,1,579.273549557715,558.6030556190722
133.85739289401172,120,1.9608673071308604,1,0,0,99.31326459573897,0,1,1,1,570.4388405885079,557.0690688392665
134.98854633448838,10,90.0105919882867,1,0,1,48.98938220686905,0,1,1,1,429.71656398604705,454.6136135675179
48.7171647439614,40,22.355571869264477,1,0,1,25.625447631983246,2,1,0,0,269.5121725397107,208.5222373712261
70.5005090656105,20,8.012701045458957,1,0,1,23.560637747843124,0,0,1,0,210.36618653897727,178.92900286682718
94.52271104321869,20,3.9253347727095247,1,0,0,46.60494439392136,3,0,1,0,321.29692644746353,268.90360848219194
218.7481859599434,55,16.452762111551177,1,0,1,73.97415601144505,5,1,1,1,690.2037141878449,587.0729174897061
106.60581587676333,29,14.239864010332171,1,0,1,27.374450894615848,0,1,0,1,344.7261629575928,335.08142707756065
70.28167503653934,40,4.214328316495682,1,0,1,59.55656051615329,1,1,1,1,468.6349391951511,467.9631168841434
22.852673624439195,20,19.57074090648339,1,0,0,39.06830639818007,1,1,0,0,155.25757351759674,190.88639828780367
92.2281995432086,120,0.34067040259019155,0,1,1,99.18731583136282,1,1,1,1,736.9693090635021,575.2835156927774
17.243195169186002,40,7.2438568697599175,1,0,1,90.64831960416132,3,0,0,0,214.90622179099785,222.0225636713295
80.7585305923456,40,11.202670283092173,1,0,0,50.21961897778898,2,0,0,0,206.07060688592753,185.69428513439843
20.864746142399966,10,11.44607631081535,1,0,0,84.52042369297288,3,1,0,0,281.9612560407979,270.55247362913923
51.514078248280576,75,2.5818465007587914,1,0,1,55.499035585137435,1,1,1,1,511.14473107508815,482.4631090592935
51.015676081650724,20,16.277260148061764,1,0,0,24.10119930990587,1,0,0,1,242.1921875109357,280.67785285301386
131.42117719640527,20,11.354164594793145,0,1,1,106.40557038160223,0,0,0,0,210.41461943706943,233.3449816764646
84.7827734648891,40,1.4067714654842582,1,0,0,44.91810031360905,2,1,1,1,500.6257661229426,488.4078931306028
80.16632277639562,20,5.6863393458498095,1,0,1,52.5158250585024,2,1,1,0,309.9532152592089,329.1758211602267
269.84336242260895,55,8.098687292778614,1,0,0,132.3197152927263,2,1,1,1,734.5769484644155,609.9113122131745
186.5452077415053,55,19.434722703883246,1,0,1,77.73709578025648,0,0,1,1,401.6669782585774,460.6217710177755
58.05571728680399,20,3.2184351384665177,1,0,0,96.89952770370707,1,1,1,0,381.1280845092702,341.24189734838865
81.89849764728743,75,14.035050647055208,1,0,1,88.2661533508433,1,1,1,1,494.4677036694811,531.4400002211684
45.631088882573515,40,5.762717443854724,0,1,1,66.20357191694735,1,1,1,0,388.31755491687915,353.86441781491936
140.4805050678169,29,7.048739259134658,1,0,0,38.450413818767224,2,1,1,1,456.7451540506824,493.5106172014322
33.29304726095931,40,49.26721985760478,1,0,0,4.456810179859492,0,0,1,1,329.8321593220985,339.8841421741009
67.7219271852236,20,1.0511621873361758,1,0,0,33.61221407715194,0,0,1,0,111.0343720606165,194.32623967852882
7.779872917991974,75,21.829600988512713,1,0,0,19.62304946287699,3,1,1,1,460.0975843106506,489.9699552533624
52.3396562536182,20,5.791009110300511,1,0,0,26.909891153216357,1,0,1,1,376.8446532540545,370.85298507836774
79.25606626016295,40,6.41524369208347,0,1,1,21.13327707297924,0,1,1,0,274.506317533547,276.94531314973074
101.55725505488215,20,17.56590504455308,1,0,0,66.90739311686181,1,1,1,1,471.514013209811,494.6962840114654
15.361301504830248,55,0.6675826666852318,1,0,1,86.16662381071251,1,0,0,1,303.7676247640313,368.6302868417055
74.94457656367602,40,1.8886643046573965,1,0,0,26.08743623940349,1,1,0,0,208.5357643892051,212.29087943310077
49.42637548158406,29,15.767050337511314,0,1,1,48.18996977122857,1,1,1,1,532.3702839049953,471.4791137242072
38.64769002864073,55,6.0945925833677395,1,0,1,35.85016275689269,0,1,1,1,395.30468346589254,427.2420453689143
46.86905899826027,55,7.032182484898479,1,0,0,77.2552226005406,2,0,0,1,392.50366466310123,388.3091120305375
111.46738061100072,10,7.262131951593642,1,0,0,37.92904176880304,1,1,1,0,355.15338252260466,291.3683570407479
34.3475815023158,75,47.023017429848636,1,0,1,90.41708812037791,1,0,1,0,288.8620931962504,294.88713768256264
46.626495047918,40,9.337907158929132,1,0,1,43.078585348005426,0,1,0,0,254.245284041271,193.00619705046418
44.64202272574432,20,13.440044665278103,1,0,0,28.95139853170112,1,0,1,1,344.9259543224065,370.2347823194356
19.627758215643603,20,3.070704512331359,1,0,1,49.04384272652268,1,1,1,1,387.68554606640726,443.3024255005623
137.2427224031182,75,51.33566504159092,1,0,0,51.89686721889786,0,1,1,1,486.42363962655566,481.3333992110764
92.20275400419577,75,3.3073360304824075,1,0,0,63.60084061111944,4,1,1,1,629.9760978918994,573.3197451485782
67.01391648646118,29,17.907982491637945,0,1,0,36.59192588802894,1,1,1,1,524.1563488328725,463.9811696081936
346.11285391725426,55,13.649621439479885,1,0,0,82.60423287606234,0,1,1,1,591.8245551605728,544.1534329092706
158.763250717959,40,53.967218968482776,1,0,0,81.72348943289963,1,1,1,1,570.7283601483308,522.343635800197
47.57674524765881,20,36.36362776483341,1,0,0,0.0,3,0,0,1,296.60151921744597,308.0052988378803
54.39587189044035,20,2.3326135692827097,0,1,1,81.0802469103707,2,1,1,1,638.8927256955417,539.8398469494372
47.37387665517168,29,0.3134763347839228,1,0,1,72.41136715876434,0,1,1,0,348.76459449632955,300.6666935609109
79.5026004175686,10,19.237291594510584,1,0,1,70.68396304338025,0,0,1,1,361.23528260538586,400.10010542869486
90.61557450820857,75,18.4529810834483,0,1,1,86.20799941449222,5,1,1,1,726.1533466936669,603.3426466403663
81.73208901469808,55,9.74661051959231,1,0,1,75.61238895940063,0,1,0,1,366.767600356765,404.9048328719043
37.69122934155841,75,5.739424718917233,1,0,0,43.73026030787668,0,1,1,1,515.331394547687,451.2070642898178
55.50455555124054,20,23.544839219996305,1,0,1,74.96769799265849,1,1,0,1,403.7525633173153,404.9648954390747
76.88262944978591,10,1.3210625668779854,1,0,0,0.0,1,0,0,0,-13.546515337163783,113.43414669057509
41.35608824189074,55,15.448068141096737,1,0,0,13.542927431441186,3,1,1,1,478.763620181663,465.11285849869114
110.17923903206196,20,9.3146227892563,1,0,0,67.19406970498295,0,1,0,1,335.78396075146907,393.7162409743663
101.9300842853364,75,60.14925618755204,0,1,0,56.50362645103209,0,1,1,1,438.2289995576354,500.1002271043613
112.50209751673567,40,25.977921547198353,1,0,1,51.02574421480131,0,1,0,1,324.8886204547216,380.27958578871204
23.987480545235275,20,1.2224892000922325,1,0,1,23.268549221357667,1,0,1,0,278.6312368639423,180.94961760156508
12.963884531594296,20,28.58302421489786,1,0,0,35.86650178506769,0,1,1,0,279.93263392848024,245.75467407248274
18.855022098868922,20,1.9296325483405021,1,0,1,21.515877860617778,1,0,0,0,138.4570448361436,112.31865756725598
54.777892942512594,120,16.942043361144066,1,0,0,30.01499187859521,3,0,0,1,380.5999152070658,359.00773192231986
32.728765239160104,29,3.349892729457251,0,1,1,80.40625669641487,2,1,0,0,375.5606622954171,291.1290341610449
144.96523436400267,40,2.537045198192972,1,0,1,55.67628823764384,3,1,1,1,568.0794687600928,520.6058241305512
150.41021385212025,10,16.304504862877284,1,0,0,0.0,1,1,0,1,345.539594111336,360.22284930978594
165.01855377976403,20,7.665393390222734,1,0,1,74.40079554076878,0,1,1,0,244.7221438642874,338.9137854304801
32.48244984315917,10,11.356093071988694,1,0,0,19.064316716639446,0,0,0,0,74.4341130338503,90.25826536445169
91.49607854148854,20,7.938267720037587,1,0,0,59.76276024829804,2,0,0,0,256.55854741780064,196.33464310206733
34.106686341581025,29,21.08570134194589,1,0,1,38.27663722383686,2,0,1,0,138.12363791467007,240.9595111733251
103.39472890795686,29,8.460367831607973,1,0,0,17.222579969609047,2,0,1,1,378.1688313152747,395.76316377444016
56.76745542091725,29,26.128584350018812,1,0,1,42.902842090623565,1,1,1,1,489.21298686085333,437.9713877735418
47.95193467880286,29,18.858422064123957,1,0,1,33.35970574720537,1,1,0,0,159.0936804117688,200.6925552749426
37.0814400897392,40,74.88493683588419,0,1,1,56.08423909564306,3,1,1,1,626.3536670165748,518.0798548514796
143.08883555490004,29,7.21705483812988,1,0,1,126.67165531836616,1,1,0,0,394.085551262599,307.45598735115425
156.9948500336049,20,11.172558648622974,1,0,1,51.55063812829425,1,1,1,0,298.47587521950686,320.2892057024187
69.5793386856769,10,0.02656109278140686,1,0,1,19.400987173226405,0,0,0,0,50.73833790891652,100.23794915653457
200.50794699939985,40,12.180116144664975,1,0,0,54.51890604297252,0,1,0,1,401.81116202705516,396.17709402067175
145.55509047073033,20,20.42883791137582,1,0,1,76.88242349006022,1,1,1,0,306.76963958356134,352.85730575300613
166.2943945707621,20,0.9086851901446773,1,0,1,91.19383395522132,1,1,1,1,563.4342620719949,538.4354335255165
110.23105454929603,29,4.879801649022887,1,0,1,56.70127003573767,0,1,0,0,196.62215567439813,213.8823502532255
92.97706738252332,75,12.074194071003248,1,0,1,61.094511425680125,3,1,1,1,539.7551748111578,549.9061152658694
63.44264685661485,40,40.36917006125115,1,0,1,18.238319724122384,1,1,1,1,356.3380965444035,425.23124231081147
10.151628385979041,55,38.041481936726434,1,0,1,55.45520514775144,0,0,0,0,124.93438269343753,158.31178468267905
231.34768949171644,120,33.24914989107873,0,1,1,134.60969640584335,2,1,1,1,724.8457649322808,635.8676053835479
203.40215688743552,20,6.337913314817909,1,0,1,58.9857759181913,1,1,1,0,285.4095929182008,342.81804152910286
45.303262485872835,120,14.547571410430587,1,0,1,59.93918184266537,3,1,0,1,477.7059444950257,464.06381770904983
29.17117863976102,75,3.7138350013797425,1,0,1,68.73669230271437,3,1,1,1,601.7602572293522,560.1370562461655
49.0870156265855,40,16.079757990878107,0,1,0,53.16971288615169,1,0,1,0,253.63773992270916,257.3874485352585
124.20344972368787,20,34.14249415016017,1,0,1,88.92496003805623,1,0,0,0,272.81304713357247,227.28869021058713
35.287890504910855,20,3.0177305841637145,1,0,0,12.648746857154746,0,1,1,1,427.3819114689092,392.24853622517475
174.74582688891036,10,2.217444738559916,1,0,0,111.46512398631003,0,1,1,0,342.3432749161967,381.8206717092518
32.99298639055597,55,6.187930866667474,0,1,1,67.08632307135522,3,1,0,1,449.38636540555416,459.8024352359637
36.14924201990239,10,45.00720716637934,1,0,0,19.855544445714322,1,0,0,0,146.80818916226954,114.99828094871542
149.45991828375608,10,8.80791215171269,0,1,1,90.53511960302032,1,1,1,1,617.2228799104948,557.9994416826815
255.27481362585175,40,0.9748661454940396,0,1,1,120.72648956742532,1,1,1,1,760.7201357458944,599.6642898083827
40.258083680995206,29,39.85459588203585,1,0,0,4.67487642594239,1,1,1,1,378.4066092165823,398.06816257247806
13.791736948795467,55,19.570593200618863,1,0,0,40.98990758842164,0,1,0,0,189.14197434806584,189.38371925660874
30.930564408958187,29,1.5396915865955927,1,0,0,54.436104743148235,2,1,0,0,196.42686892505458,240.96475892173703
105.1354364020503,29,40.03046509900252,1,0,0,32.10630811024265,2,0,0,0,163.72588457876742,184.09511287961834
49.903735901476345,20,10.148772312136893,1,0,1,57.345045988189,1,0,0,0,212.65713971620482,158.82708812642193
79.5158573117569,75,43.25675568841788,1,0,1,66.39571592760201,0,1,1,1,542.9705118388957,494.5841865661482
56.36465897705116,40,3.2340817930657946,1,0,1,55.692852268066076,7,1,0,0,333.3329011462929,257.8015195360922
155.45136712152984,10,33.503480970208535,1,0,1,123.61396796388189,0,1,0,0,255.25021223070152,280.75143528286804
87.97280874228751,20,26.378122663811745,1,0,1,85.0695171093979,2,0,0,1,338.14169769665097,393.77672788230666
88.5475759408302,40,7.752008304536234,1,0,1,39.61758046928478,0,1,1,0,266.74820676907825,279.24790343156826
48.44422347357422,10,10.978587152659903,1,0,1,48.17986802903674,1,1,1,0,278.9591104351659,281.4243622738407
10.725159283424494,40,5.314116694252551,1,0,0,5.077036010019292,0,1,0,0,176.94044003423775,152.02563915858553
33.91232569203655,55,14.29908667546591,1,0,1,73.04291510868708,1,1,0,1,352.17807779420036,412.66848245299974
56.03234323056846,20,0.9804421639207704,1,0,1,61.87420853239536,1,1,0,1,424.6639351999778,390.6992344944213
88.4552046946025,55,38.924376172640265,1,0,1,37.04681525901636,6,1,1,1,580.0583018221553,510.71141382920547
21.043865723870802,55,6.551938759963358,1,0,1,62.62606471845041,1,1,1,1,442.37107291642053,492.4017492237786
28.980921895572273,40,21.20551491415889,1,0,0,15.232556899471176,3,1,1,1,441.2606508058436,446.02260762259016
55.52915021408439,29,3.589006463908703,0,1,1,82.83742157413431,0,0,1,1,476.10344946418485,441.80726186853667
118.59751470832434,10,13.34340369768248,1,0,0,81.32687765892831,0,1,0,0,271.1445096842641,265.0991659192616
130.21585479302948,75,45.19832567623134,1,0,0,51.545788348698466,1,1,1,1,472.6304691638864,497.3099986473173
6.059475187809361,20,4.312406117428368,1,0,0,6.887808739231128,1,0,0,0,123.03541676167421,86.12363540780247
38.28063130853512,55,4.626636619846589,1,0,0,43.447301640188904,2,0,0,0,226.43611679279476,180.17139396246742
57.00348601898175,10,4.854153908728364,1,0,1,89.43802545142252,0,1,1,1,424.139596408545,485.9586404156852
39.61301917505262,55,16.732130632299366,1,0,0,38.669256345009934,3,0,1,1,422.97709335382297,422.5187278702993
180.90277159917815,20,0.8578108052659987,1,0,0,38.45338832548488,0,0,0,0,182.75807560453046,149.19289377035022
81.58885953077171,29,17.771847958880233,0,1,1,60.03675184603457,0,0,1,1,445.07520526042134,418.5042825001829
5.373000687205297,29,8.895089716584657,0,1,0,16.948226469469837,2,1,1,0,272.6509759091138,288.03206335574055
167.90527300017362,29,0.7300413977368924,1,0,1,37.850411306134575,0,1,1,0,345.25577952721846,291.2403374199244
188.8887011026161,75,31.428630123065286,1,0,1,105.53915257508716,1,1,0,1,556.7164855498405,486.55283785732075
49.213535808807926,40,1.2553215537020246,1,0,0,1.3768291365462986,4,1,0,0,191.50014463520048,207.2710875177179
40.810811227694096,29,7.8722812565897105,1,0,0,51.38125575948276,2,0,1,0,213.44996823416454,255.05335055396137
95.99405535945112,55,1.893418818141384,0,1,0,88.16590518537714,0,0,0,0,249.78973171231127,226.82078688763488
70.16721209758066,29,6.790971281382476,0,1,1,79.9832442031051,1,1,0,0,266.52334116066345,290.8311581514996
21.64803323673692,55,26.737025087034855,1,0,1,37.31155949369833,1,0,1,1,344.55142744362934,386.49152319099113
100.7028751876139,10,19.41631211557623,0,1,1,39.88027346282554,1,1,1,0,325.8077568274957,305.97283465234926
58.15726473173102,29,7.732837408751787,1,0,0,45.44312115860373,1,0,0,0,122.38831850719886,151.38571823972762
186.131006469529,55,7.101094114773321,1,0,1,110.6758367925026,1,0,1,1,546.0743905514006,498.15632031251823
117.86188165554982,75,14.338930157561597,1,0,1,102.46518373709787,0,1,0,1,492.4363751313504,461.5082575714081
78.63727650111615,55,18.622335657847675,1,0,1,50.158501317228435,0,0,1,0,205.2637999051506,245.76268415504455
42.69609195604468,29,2.0318011919083694,1,0,1,36.98578002381093,0,1,0,1,321.4487480263668,333.6104386027
46.86507671597348,40,41.75741319751266,1,0,0,20.603233224950248,1,1,0,1,409.6341277060343,359.07704441666885
18.389114546296927,40,6.263103665168486,0,1,0,38.23462304990286,2,1,0,1,479.9253352973449,392.7244007998067
105.54771748217185,10,22.329869096203808,1,0,1,40.56622710640934,0,1,1,1,503.8384066730756,437.7374852045209
45.850992100411474,55,1.982170384527981,1,0,1,29.277197542695724,1,1,0,1,369.13792596911475,371.99385123213887
59.81036331429311,120,44.08676144313753,1,0,1,81.6201500499803,0,1,1,1,471.999925285591,518.6934435301172
104.6580609736099,20,1.3063986961076577,1,0,0,33.776571042251305,0,1,1,1,456.25353644605593,435.3887679133303
7.732675501399611,10,29.220417401104434,1,0,0,11.761199016088355,2,0,1,0,114.7662976215768,202.87870059502052
18.308035403305805,40,22.8477347468386,1,0,0,15.126129584698939,1,1,0,0,128.02332052920823,175.62687330108028
54.11943060144415,20,29.189127180696207,1,0,0,54.578738917775546,0,1,1,0,202.2139830928296,282.6530083288113
105.27202863885866,40,3.6395975007896157,1,0,0,101.77970653178282,1,1,1,1,503.7721221154548,528.6515218320961
57.100583827861165,20,79.78063855543978,1,0,1,35.40719273441663,3,1,1,1,489.86040361402144,472.02859590476135
155.10126837401816,20,0.11329029006530753,1,0,1,99.65093269303998,0,1,1,1,589.8168382097972,526.9091624836249
27.722329323131845,29,5.3373136079375625,1,0,1,10.363150644766861,0,0,0,1,188.80623917851767,247.58997068059713
90.67083175389003,75,6.003874447730108,0,1,1,69.36008211454151,4,1,1,1,601.9420089347079,587.1408999856935
62.510671975594704,20,21.73183157222577,1,0,1,61.35135456095067,0,0,0,1,287.35455333909294,318.9734433863708
52.36325695806352,75,19.49640488653545,1,0,0,38.31848502477991,1,1,1,0,338.11773660394215,299.15781664676484
156.61499974604124,10,21.641363996397608,1,0,1,56.250638276664645,2,0,1,1,425.8701599462808,441.4286257825455
32.63934254857606,29,6.313201451922867,0,1,1,73.76015719177319,0,1,1,0,397.00123053965433,342.26584454070104
44.96730254838776,29,2.9689823018341848,1,0,0,0.0,1,1,0,0,81.88405500519141,177.52773736265945
21.171522580110974,29,23.63578349840764,1,0,0,22.529671322538526,1,0,1,0,123.16886714582844,186.84262188276455
64.21836704713836,40,2.2821658777837377,0,1,0,32.724816397417435,0,1,1,1,475.59407590263754,443.3145363425157
106.93736302567359,75,21.696134807531447,1,0,1,107.05678227164988,1,0,1,1,586.097667559545,479.89745851188707
96.14233031511696,55,0.11277517981164162,1,0,1,64.40456273144125,3,1,1,1,602.4811667161645,546.0902937631838
65.16366611156697,20,5.084255173388451,1,0,0,59.71706606102639,1,0,1,0,100.49217781195827,244.6777504348542
158.92715703542555,10,10.491801774073734,0,1,1,71.2395826386701,1,0,1,1,495.78218246152034,466.617787284723
63.685463157835,40,5.624808435601168,1,0,1,60.00463669191627,0,1,0,0,223.2249048908159,209.56184851535784
16.252435261665763,29,8.835093636016033,1,0,1,40.95602184254436,1,1,0,0,191.4684534272341,198.4858626811
95.76668697406222,40,6.818379439967452,1,0,1,59.346955871400986,1,1,1,0,270.76845911470804,321.120442251251
29.543696875707255,75,32.455823971865094,0,1,1,80.03024908729539,4,1,1,1,636.4706011461169,577.9474402798711
7.693161783380844,40,30.539859146429286,0,1,0,39.607094588337986,2,1,1,1,491.2275220981595,488.6933010277019
36.91214566066658,20,15.894509666331501,1,0,0,9.502399828727,1,0,0,0,120.04799272855824,98.26252156846088
29.73656862316989,20,10.393088214380926,1,0,0,51.22406372041662,1,0,0,0,130.83862020814803,144.22102496266328
26.43467776626273,55,3.4255849128808844,0,1,0,42.8262676811442,1,0,0,1,372.68125681114446,332.4282892214976
88.74127376227894,55,4.2298123285188405,1,0,1,32.15599974353326,2,0,1,1,398.16023654754696,420.6807756712912
59.40107815208508,20,12.230774658474136,1,0,1,73.09776901412793,0,1,0,0,197.56196806162367,220.98923706184436
93.065933119241,20,5.903189265627739,1,0,0,19.77815326286018,1,1,1,1,426.237860686442,443.2152703099701
129.93024761418698,40,13.63196802814322,0,1,1,83.25626697510842,0,1,1,1,567.4544881598532,538.4666285399346
127.70291576246606,10,7.0867036388884905,1,0,1,27.230239407539408,0,1,1,1,379.7485049397039,431.46897829027097
192.90033275346494,20,1.922514974028712,1,0,0,57.19995518991131,1,1,0,1,422.6954758029758,412.45549395472386
49.50130323499038,40,18.430024117645267,0,1,1,71.47408928665536,3,1,1,1,667.96270130604,549.4725106050495
125.90347631344056,55,21.326346976462904,0,1,0,81.34200178975122,1,1,1,1,531.4056108953797,549.0685244795407
21.726085716830557,29,37.380042736804235,1,0,1,0.0,1,1,0,0,129.1649415582624,169.6577906051768
99.09667931296286,40,0.66040273785844,1,0,0,30.47628887646245,1,1,1,1,542.874382506319,450.83463610607345
24.172562155041195,75,12.360330453481144,1,0,0,37.93591970539079,2,1,0,0,263.1444527420633,227.80806667199553
99.71738723343067,75,64.08515534982467,1,0,1,80.7712570561802,3,1,1,1,583.253346107924,575.9383764690826
246.56723121746305,55,11.572331144396664,1,0,0,124.88318822564516,3,1,0,0,416.12124432719065,342.21240688461035
80.01800135581372,29,16.890111213913368,0,1,1,77.40104536532506,0,0,1,0,348.5184906538176,278.7327225020807
139.86439579529855,29,69.74535412268335,1,0,1,48.16058648711169,2,0,0,1,388.1010122736475,365.24158361568107
18.55998630867522,75,41.47359633436103,1,0,1,50.88724502834094,1,1,1,1,494.8303743259998,474.56452454937147
52.119559401514415,75,5.530114922955462,0,1,0,65.93535700850376,2,1,1,1,568.8962748592418,554.5992802907599
119.0673353417858,55,3.3679799997026287,1,0,1,96.79134188166945,0,1,1,1,470.44846733465954,534.2351227716405
87.80475531348512,20,1.0498458675544822,1,0,1,65.28343383625231,0,0,0,0,132.7034989011265,164.46105039040845
45.511764487316164,29,18.206085873615983,0,1,1,95.35965085177267,2,1,1,0,349.2280141063452,375.7152330964821
243.46035300980753,40,12.977420428013563,1,0,1,135.56927736721707,4,1,1,1,719.4260005892884,609.6957410056337
107.79495869315589,20,14.658504974410597,1,0,0,45.45902347546634,1,1,0,0,283.5265554429889,233.2562683862249
117.91444152044774,55,0.8489268828931917,0,1,1,82.88987647544475,0,0,1,1,483.00165603628415,479.67554576116663
54.19329383907504,29,3.7068995709882984,0,1,1,37.32068512956208,1,1,1,0,293.2504874581244,297.3911771015562
20.117824402822762,10,2.1337079670513632,1,0,1,45.13330711337456,0,1,0,0,164.550381984492,183.95761667902232
71.03341421852352,40,14.40086979169081,1,0,0,26.377966208620137,0,0,0,0,87.98767816559625,119.68239547869375
32.33837040536399,10,5.188529843011324,0,1,0,30.336701871894764,1,0,1,0,193.49367102042174,218.72334017878816
83.43098724690232,20,17.971712862818833,1,0,1,42.309959261116056,0,1,1,0,285.66491169171115,278.01478530637087
93.61634338284856,29,20.383328049259585,1,0,0,33.96255271850205,0,0,1,0,205.97154668554998,211.89095876137637
234.3248213967489,29,15.596956171868404,1,0,1,109.88550136555487,0,1,1,1,537.0667306917345,559.988054364442
62.00672106706137,20,0.04428988916410437,1,0,0,0.0,0,1,0,1,271.44793129440404,309.86940798200084
101.08899374969081,40,14.841062983832126,1,0,1,66.80970246885903,0,0,1,1,475.6372499841615,416.77976145469825
40.30924142754815,40,9.938154594037986,1,0,1,85.64898581704638,1,1,0,0,241.9622295619137,265.34331512777874
66.85674072797259,29,0.0717394468374815,1,0,0,53.378717797335206,2,0,0,0,143.56652026080235,186.0742325373956
62.87692508148973,20,6.036857935023781,1,0,0,46.265554794728615,2,0,1,0,210.9758372666349,247.69799360133402
60.20971064916478,29,24.31086540114085,1,0,1,64.7210364124504,0,1,1,0,311.439134082298,299.5867661762894
22.997420482928103,120,1.7218330712867433,1,0,0,79.77743210915807,2,1,1,1,505.5106598181611,551.1098176513344
81.82246085100141,20,34.82244936165689,0,1,0,54.298574480487794,1,0,1,1,446.04690941203665,430.58774439764284
31.430698792967313,55,3.9163099996835697,1,0,1,38.37126385953798,0,1,1,1,485.08773976687013,429.6026115132654
156.18163373685326,10,21.553627172573794,1,0,0,44.34183641468702,2,0,0,0,193.16803066382852,196.42523629290048
48.1532211231902,120,7.126418589346981,1,0,0,45.873085845476425,3,1,1,1,520.0808567793298,528.6106309526722
104.25331242849691,40,43.61821150767518,1,0,1,93.347631871427,1,1,1,1,597.2197696465729,519.0366348762255
31.872072276508973,10,1.6215780799280377,0,1,1,72.80558510804693,0,1,1,1,487.36843157510657,491.98512672723933
64.61900061221232,40,2.856461771284422,1,0,1,51.415432594951355,2,1,0,1,283.45243488220274,411.6177341085455
100.95909215620354,20,10.013638772448687,1,0,0,39.85488712439208,2,0,1,1,465.8483381263886,414.4226976967913
114.84669539915761,10,2.1811742442899034,1,0,1,36.64404312515709,2,1,0,1,419.894073676949,390.3854849841756
166.21115662349052,40,4.09918043873451,1,0,1,85.64380174393628,0,1,1,0,285.2354063141835,370.5905506304009
49.059920903053644,75,12.381601101579053,1,0,0,59.8906599271202,0,1,0,0,156.45754055354627,226.5111536556087
24.477865286409543,40,31.97197261321222,0,1,1,87.13973512487915,2,0,1,0,327.46373771763035,306.0604275234821
73.35448383902418,29,10.081269323982529,0,1,1,77.92415646355424,2,1,1,0,393.25865171209523,372.2801147691932
108.48208242585702,20,2.3735505239023995,0,1,1,83.78679175950819,0,1,0,1,485.0693781751774,437.8952013945361
62.89425616507517,20,4.435168412881454,0,1,1,81.41368867898636,0,1,1,0,329.37597777254666,345.26631481100657
72.98310595141307,55,16.078171567030772,1,0,1,54.155061501826104,1,1,1,0,387.5443009755695,316.57764149793155
56.66903457211175,10,10.788299947019164,0,1,0,29.939901525408096,0,1,1,0,306.48513645234874,265.48575203003435
117.33931877897075,10,2.2785637806233203,1,0,0,25.54816102435341,0,1,1,1,407.9455424441527,429.168799756687
111.09878856269013,29,35.09982897406033,0,1,0,62.83049345946372,4,1,1,1,595.4689298854122,551.7307472930913
72.37247145769123,29,96.0,1,0,1,38.11358300696522,0,1,0,1,320.7385270017333,348.07977978026963
171.41084645795192,75,36.7013573217979,1,0,1,139.1861106373263,2,1,1,1,664.6187574951638,605.7173938218516
34.27096458733322,40,47.45746951674931,1,0,1,67.10990180808201,0,1,1,1,419.81320212750876,459.11484078887105
67.63012635944546,29,12.911028484852494,1,0,0,75.01536238612672,1,1,1,1,448.1718466130277,497.2120111845121
64.72464320909683,29,0.23603999501301406,1,0,1,26.786013568717426,0,0,0,0,91.27696893022572,107.45568880286305
106.3654355743333,55,53.67380518925303,1,0,1,74.98344002011561,1,1,1,1,577.1727948065221,512.1512020914731
54.94792475694082,20,7.893883076614606,1,0,0,43.00751408460429,1,0,1,1,415.6974474430044,379.28347996474866
125.44371774370025,10,36.740028615333124,0,1,1,92.23907933084466,2,1,1,1,520.5387752735498,576.1743456525498
68.40554289927,10,12.815607644438717,1,0,1,60.27536389791165,0,1,1,0,191.54861264204087,294.4296233076375
19.05743513406024,40,0.8559680509955148,1,0,1,81.15475657591956,1,0,0,0,127.48133419139049,187.36769634526553
56.11034406448564,10,7.702920823184885,1,0,1,60.79072016262869,1,0,0,1,331.05893253985874,324.70234618249793
47.63970284238926,29,3.548740286244572,1,0,0,37.502934043600874,0,0,1,1,279.0980198307678,354.55905639681214
58.100319696086316,120,25.118670367160753,1,0,1,79.39643858354565,2,1,1,1,600.0395970262108,556.6710553832778
52.321785623413824,20,38.867625047998196,1,0,1,55.02511235147896,0,1,1,1,370.377710980946,429.73546093274405
33.52715613387509,75,4.936719431777653,1,0,1,44.601137382019104,2,1,0,1,430.05692256615066,410.6039081511189
51.206127846950736,40,9.400413808021016,1,0,1,53.68932110956805,1,1,1,1,521.2644225062958,456.9004200546687
40.56311777473592,40,8.513935476508403,0,1,0,58.482826981540896,3,1,0,0,309.8811723389446,277.70580260160995
72.94725428562177,20,4.9068549842856175,1,0,0,31.419832030009047,1,0,0,0,171.20732400599837,140.7469126174977
31.13106722330245,29,28.477273228002808,1,0,0,0.0,2,0,0,0,17.44627533356548,132.74462390008478
74.19905440260648,40,8.526071723613267,0,1,0,31.643027511198003,0,0,1,0,249.65043073635684,228.22991443204634
30.278777208469165,10,2.86010323840926,1,0,1,8.402710533693131,0,1,0,0,132.75730330491805,140.00115438415386
45.72260566429247,29,18.706430667640664,1,0,1,50.52871127894478,0,1,1,0,320.14507704432094,273.18136639456384
42.78504568404579,40,1.9192735075582248,1,0,1,44.16542167326932,3,1,1,1,523.3352535485641,482.1774218620121
110.36894475269018,120,23.441411570132185,1,0,0,43.34857391273023,1,1,1,0,333.70057579913964,328.3619046872604
129.74723744044903,20,2.5158309082877577,1,0,1,10.491003634465379,1,1,0,1,328.507973558166,355.62701473709944
35.552483430275494,120,11.771680465142879,1,0,1,48.38245975590333,0,1,1,1,479.1007712738974,467.4175388715061
110.48941931961032,75,38.48758296282883,0,1,1,129.82558352750556,1,1,1,1,610.9228571603321,578.4910331155075
55.70364371705696,20,0.6720547590409209,1,0,0,26.454358163719327,1,1,0,1,406.05671700397835,348.19076942412875
12.496153354002034,29,6.970282452724905,1,0,1,54.53420944101904,1,1,0,0,192.78327956251712,220.12727862141935
53.343659254869166,29,10.787718765931174,1,0,1,52.341165217784265,1,1,1,1,424.88340886584155,447.8168970973362
38.94044136026634,20,19.509716850093895,1,0,0,34.449866390838665,1,0,0,1,276.8329013763207,286.08891464807635
91.64298872270717,20,43.42829100427955,1,0,1,54.19333385239834,1,1,0,1,419.95033006508584,397.51482060393255
22.73819866411485,20,10.03406211222676,1,0,0,49.048079892360974,1,0,0,0,108.31416613646303,140.69948822809266
132.56607258555937,40,17.547650693306863,1,0,0,59.47370613701393,1,0,0,1,423.9093837637172,357.6720877233162
53.9742743096991,10,27.350569712106207,1,0,0,16.967449177056523,1,0,0,0,53.11667876886959,118.06079064839747
60.77133696451912,10,7.691932328529438,1,0,1,94.82905963197564,1,1,0,0,285.81893651272503,260.74343034390165
99.85280668543015,55,3.158392270774654,1,0,1,86.89602177592262,1,1,1,1,518.9476034808159,525.262533244769
73.49413295955627,29,5.6456789788035495,1,0,0,59.85211982975805,2,1,1,1,429.47302795021574,492.30429793573836
90.51327741646159,75,49.49823014940389,1,0,0,90.86028111432721,0,1,1,1,509.37454402307134,521.5934515709728
16.641737596650785,10,0.49790629961750466,1,0,1,9.917441427332236,1,0,0,1,303.71600275067476,261.78290788893617
89.11017404844385,10,8.261147827074799,1,0,0,37.80923383124777,0,0,1,0,220.01581557201175,206.14817262992204
23.947800730680534,10,16.45729829735089,1,0,0,40.81337684041672,0,0,0,1,278.35969370109825,264.992827267786
112.08644580804793,29,40.88689603503736,1,0,1,93.42402631483081,0,1,1,1,544.4553062758946,503.40415349586226
41.415653925840964,75,10.770099523099427,0,1,0,63.2124683676238,0,1,1,1,469.85372667350043,508.47887071335555
74.96006011757189,29,1.6695570780864735,1,0,1,87.06819851822999,1,1,0,1,468.34482996057426,440.13787279097147
162.2564588549652,40,41.3489852210624,1,0,1,97.39064145260406,2,1,1,1,508.14679863255003,574.3886206900341
118.3299280423001,40,0.03207097570707259,0,1,1,112.43672529385759,0,1,1,1,589.4817999972453,562.6007515492624
46.08354310054338,40,20.603511210624816,1,0,1,61.1962406874243,1,1,1,0,336.16519143894345,315.1206564491104
70.84487847767217,10,6.658888717300552,1,0,0,44.73305657135391,0,1,0,1,368.017119244357,350.7340570680269
106.72850190896364,20,16.83674191595476,1,0,1,64.46709780855868,0,1,0,1,405.4903066999172,393.79801070299004
78.87238523984124,20,0.77506322061836,1,0,1,28.9055490305449,1,1,0,0,226.75389871536657,205.97965332660885
100.7758636052157,10,4.415037853963526,0,1,0,36.15775941258633,0,0,0,0,126.15826992953075,148.4089285056693
29.446888956267106,20,18.622316912026797,1,0,0,27.69304408403222,0,1,0,0,137.30465826512358,155.33096578704087
126.25339181574205,40,4.6569245497074325,1,0,0,77.11714065250538,0,1,1,0,321.7014603221442,341.862400051321
180.85898440007892,55,4.088498788208063,1,0,0,94.59232723864567,1,1,0,1,496.0189951588579,475.35453108866767
48.21880072498685,40,19.42447926045584,0,1,1,68.89351840646492,0,1,1,1,451.37371393072027,495.9272837332073
128.0962998913737,75,7.12865451593618,0,1,0,95.28999905286321,1,1,1,1,586.1231692708911,583.6661113179572
66.42124543023516,10,7.079979286279319,0,1,1,38.79185280465417,3,1,1,0,408.5201127770231,322.13044973607435
77.43246628011366,40,11.072553211666728,1,0,1,58.081090544597586,2,1,0,0,274.7902126493331,263.78519319942853
64.9431051804218,20,31.365685857997995,0,1,1,66.31280031996593,2,1,1,1,565.1695124211533,535.430194165719
30.137084295003287,29,0.10190881701885275,0,1,0,77.39499129300543,1,1,0,1,452.0209180016514,433.6851530799268
20.713733878514404,29,17.450192334966374,1,0,0,0.0,1,1,1,0,248.32942232374884,235.10982254790287
154.79724375741415,20,40.57829843837752,1,0,0,47.353033248303916,0,1,0,1,335.1001700362094,382.5490062101097
44.11113968217685,55,21.532263217192043,1,0,1,68.64179426028245,2,0,1,1,490.461483285167,454.2141016552311
93.92483462981562,75,2.035346704738974,1,0,0,83.09491003185532,1,0,0,1,420.4965782808514,389.3160320281484
29.79885994934372,10,40.371205714194474,1,0,1,36.20336042904952,1,1,1,0,283.7765086681223,271.89333053067276
73.24378205756335,20,23.75883204051877,1,0,0,42.27799687432742,3,1,0,1,397.77483488685385,395.5249679454354
50.86715690923536,29,13.456177833703663,1,0,1,47.9085321095198,0,1,0,0,226.76385512834779,195.51181032400643
65.19321157367396,20,24.83131478167298,1,0,1,44.18474970419432,0,1,1,0,243.06299617186127,270.7817496007307
166.74530897414368,20,14.10879578331043,0,1,0,100.83605968129078,1,1,0,1,477.4980622407722,484.29442640616696
10.316953765845081,40,7.651966715153142,1,0,1,78.10100454085224,0,0,1,1,349.5141933407388,411.79208139124324
68.37198752705898,75,7.3902022012138096,0,1,1,88.30490385427936,1,1,1,1,522.0627092247372,556.7862638535089
115.74317334967493,75,3.0890457074533093,1,0,1,109.75092248986076,0,1,1,1,515.2312434953079,545.2081538746539
288.50858276402903,29,33.17969653754793,1,0,1,100.02420992802965,3,1,1,1,629.8927915606887,598.6682263441214
79.04586744016568,75,3.386117395609428,1,0,1,54.203528382214515,1,0,0,0,130.03406712148592,184.66553482460083
262.6530767044093,55,4.8039367703786375,1,0,1,145.0088482018669,2,1,1,1,664.7693813465489,609.9790199532233
77.44109400978735,55,12.249617233452827,1,0,1,35.64750382384696,0,1,1,1,495.6371794067718,433.19422771853846
67.406017579239,20,30.91075046496171,1,0,0,12.600156125852791,1,1,0,0,174.77472225398827,192.33872507004884
109.83736889444643,10,10.01168174570399,1,0,0,50.475181683275224,0,0,0,0,63.686290979824136,150.298237387081
4.555075515849372,29,7.9511928869450355,1,0,0,30.659857915011404,0,0,0,0,128.25459743202708,102.20054791374297
24.22227183907241,40,14.280227184096203,0,1,1,40.01497317451034,0,1,1,0,274.4460179462455,290.1926463464099
57.49188548380371,10,0.9296487982591332,1,0,1,25.07577708913597,1,0,0,0,92.28320589837497,122.70972768285424
57.826034615637276,75,6.594179599294933,0,1,1,103.19480246185901,4,1,1,1,583.067922894059,605.4670472944437
87.54760592123857,20,0.513386580205327,1,0,1,74.11296412010942,2,1,1,1,512.4112376056269,523.5892543885676
21.470772853754532,55,25.368132833154487,1,0,1,44.85129234567792,3,1,0,1,410.0194102345459,410.01735897084694
177.00363132553093,20,2.331489389186532,1,0,1,74.25050417321778,2,0,1,1,473.4200305986841,479.39887253082134
29.64462690528256,55,19.431909493557903,1,0,0,18.798370625022034,1,1,1,1,386.2920237055876,430.4532093457775
86.47743277294626,29,8.596048936411165,1,0,0,28.543050304520996,1,0,1,1,299.97948549502667,384.1463000988647
15.717784688689086,10,35.88486804582217,1,0,1,31.763056870787786,1,1,1,0,198.7139850596925,261.7514229577095
40.7161215673996,40,0.731189831604316,1,0,1,61.905350394299774,1,1,1,0,285.1478509733326,316.8365681844093
30.34542842450574,75,40.09084704109439,0,1,1,35.39597621534226,2,1,0,1,386.45329765468546,411.4967861385375
103.42782760533738,75,27.135369891652807,0,1,1,110.03902888504297,3,1,1,1,576.8780810110816,617.1711669341639
66.87396425288321,55,19.769656454300733,1,0,1,64.35727559910553,1,0,0,1,343.2727257231022,350.2266390490143
71.61315304615707,10,13.773720704936517,1,0,1,44.551106251369355,0,0,0,0,62.126643499106,127.4873163101774
57.105180802041005,75,15.46918494105073,1,0,1,60.89860500904713,2,1,1,0,325.2823941335616,358.6893732880597
71.18491234653459,55,4.066401399265216,1,0,1,35.84628028279592,2,1,1,1,505.64496664590484,481.1809986241796
76.93970814784375,10,27.98723619599841,1,0,1,81.8666745370349,1,1,1,1,500.88445853924964,498.244277741859
19.76227073999955,29,15.439965195003806,1,0,0,68.07796937795757,1,0,1,1,461.14576684324504,418.93791597335866
72.62676859696495,120,5.882883899004524,0,1,0,91.75060757375458,5,1,1,1,768.9232305791004,614.5764278211657
79.03679428985828,55,46.49715777230085,0,1,0,78.05925436505854,0,1,1,1,550.3630034636459,509.8428168754715
51.58921266678995,10,1.2436332195860946,1,0,0,43.083740349222964,0,0,1,0,184.47362554581971,192.56585977377168
92.1536547208434,120,4.917849624645795,1,0,1,98.99912160369433,1,1,1,1,587.36866158597,551.2557807156653
48.966043901858,55,40.52078503965709,1,0,1,43.98221245291065,0,1,1,1,515.9836053796931,439.2517850748199
46.57520307241667,120,6.567977164093728,1,0,1,79.04786145565309,2,1,1,1,576.4320698448298,553.7464150844697
51.73625642605738,40,6.220020630957929,1,0,0,60.721755755639734,0,0,0,0,139.20881445665833,155.67711737568686
41.76182806232583,55,4.576664595115674,1,0,1,20.499437954729743,3,0,0,1,316.29158936236075,332.95027919280363
111.86343239667822,55,1.703326806826781,1,0,1,95.44468974420936,1,1,1,0,355.5493848331818,378.97807102239796
35.57219219500268,20,32.333688919817796,1,0,1,54.39078021992557,1,0,0,0,117.61769990475749,152.8925081299227
57.61061480607038,55,17.68160568222759,1,0,0,35.752543385239605,0,1,1,1,400.41952779103167,431.6453999875655
58.02244658222605,20,31.60454274898684,0,1,1,69.58227620766205,3,1,1,0,379.17542870539694,364.4671186680201
49.18366517704166,55,9.109438146449545,0,1,1,100.39004521695365,1,0,1,1,475.4942040851942,482.34964978577307
145.10554545347978,20,6.894272872054693,1,0,1,71.20017059422769,1,1,0,0,267.8818677980644,268.2902671424472
47.20584179108564,20,7.301455061474827,0,1,1,80.34665520652038,1,1,0,1,418.0049321308903,441.36841278459616
112.26773003415556,29,19.676962463749078,1,0,0,82.06656581918834,0,1,0,1,418.46622176354595,421.28132608317827
140.53400812381838,29,1.8128452389261756,0,1,1,98.5606540970475,0,1,1,1,486.5661929502133,557.7654053143309
87.20249631891106,20,7.783429962623298,0,1,0,84.25619626961108,0,1,0,0,250.97938405248067,280.8414423469021
32.98690688528336,55,23.235585865515098,0,1,0,84.14105994292366,0,0,0,0,212.17735891373744,210.02205473897746
84.76727719109952,20,23.31215146120718,1,0,0,0.0,2,1,1,0,262.7304591216548,278.4120061095827
33.47302091425055,20,2.7948862191652117,1,0,1,32.25269219870849,2,1,1,0,333.61996624540865,289.2782899165246
86.54147456770815,20,30.48466061513722,1,0,1,45.852855413632334,0,0,1,1,397.5806225925611,369.6176115727674
56.03191488646688,120,8.996433230177747,0,1,0,103.34214598171454,2,0,1,1,621.9502659181555,528.2614638404011
50.002353593600176,40,15.321239031544732,1,0,1,65.57462281483954,3,1,1,1,486.1973114500774,529.2362308626376
69.53580991370592,55,1.529181171383012,1,0,1,55.188405878271396,2,1,0,1,418.3498799310781,425.52564444121066
66.97436383041165,29,9.91004216266386,0,1,0,58.52987808092456,2,1,1,0,398.8510885154209,350.13976320647805
116.36273034082298,55,44.81067297259985,1,0,0,72.4468353673185,0,1,0,1,428.9788672785134,413.28566415098965
106.11777229043776,75,14.268553112071373,1,0,1,38.50591263532054,3,1,0,0,337.1069537825371,268.45980726394833
70.44075483429981,29,18.557294589198385,1,0,0,13.74355202774785,1,0,1,0,239.14787225087335,196.53388163620426
23.22552717573507,10,8.408857262644513,0,1,1,44.400976451006876,0,1,1,0,299.77357735887125,286.1288114591211
16.688586097051775,40,7.693534974681975,1,0,1,16.870423641628346,1,1,0,0,158.77973325753416,174.3636181737933
84.33208285449696,40,1.1734021415678801,1,0,0,25.18996159120924,1,1,1,1,491.16870770238575,446.43174814305775
25.354171693245473,55,5.161685724221589,0,1,1,52.07392693868365,1,1,0,0,196.07911098833821,253.22643232009472
97.83008247781041,120,6.159186670123655,1,0,0,19.101514803877762,3,1,1,1,544.3817591854145,514.5955569204975
111.80715540727036,10,19.65890944428844,1,0,0,82.44274413393248,2,1,0,1,346.09005925034785,459.24617844809
38.01445623674611,40,2.262201395103896,1,0,0,34.072631192484394,2,1,0,0,295.4128081113629,211.99377737281398
68.99066541611192,10,26.66990473130983,0,1,0,28.20789945155459,1,1,1,0,321.4376468206291,277.0395554143126
58.80328245012164,75,16.745574499225032,1,0,0,70.10488092398062,2,0,1,0,297.64895737120673,298.78942594508936
61.440909795519225,120,2.1051276275548956,1,0,1,76.52276022006676,2,1,1,1,649.1819331818531,554.0541673141538
39.9950202006788,29,14.318840793335085,1,0,0,13.341762104957265,0,0,0,0,58.962691742084516,89.20730588377957
53.04610857633855,55,1.0506277925503056,1,0,0,49.61570670390788,0,0,0,0,185.56612214999188,148.27752982378865
66.55222979260643,40,11.03000871372775,1,0,1,63.30568328831121,0,1,1,1,463.4174119055077,462.4655927120578
196.3936915788156,55,4.9281891900057495,0,1,1,86.79316930412577,0,1,1,1,577.235392917603,568.4521478449684
119.12677473066621,120,5.86892279424062,1,0,1,68.57142263322507,1,1,0,1,489.31365562499855,447.08286669415696
6.470309647302123,40,22.626531091440896,1,0,1,56.29248082836447,3,0,1,1,516.5492091616851,426.54583801977134
41.85099143051736,55,0.9168481649769883,1,0,1,41.10568328603226,1,0,0,0,244.93676756166607,148.1100558338847
35.750082632347734,20,25.92991206764043,1,0,1,11.214869443293189,0,0,1,0,254.83662990073165,162.0276237120443
67.96804122275576,20,7.720678700754273,0,1,0,83.07741788499654,2,0,1,0,315.5599042547598,300.1686114427563
46.59665545412881,20,3.574426276965623,1,0,0,5.5868263732083,0,0,0,0,35.06105615211765,81.29960141327169
79.09319086470812,10,6.744091932772252,1,0,0,44.88315067908551,0,0,0,0,109.36255065084455,129.9117154352905
40.66002502695161,20,40.957549408822665,1,0,1,54.90125465490344,3,0,1,0,253.24226194357811,269.98354398172233
136.09354866289837,10,22.16353589103828,1,0,1,88.14901499096398,0,1,1,1,455.411718845201,509.69288063708274
48.42720061922158,29,18.62801054061335,1,0,1,38.01028709187367,0,1,0,0,216.95901192441357,181.3059562350365
81.12784592394956,20,0.8652530606021565,0,1,0,50.07290906875488,2,1,1,1,512.9614453294088,508.5633494119345
56.72253295173239,120,16.036441256040913,1,0,0,43.75443527024743,2,1,1,1,592.1172513768404,511.379457658581
16.253497437603958,120,1.0951220935035593,1,0,1,48.46060069177804,1,1,1,1,520.0333577910202,479.45084900381653
21.677134334030203,29,0.3879484796137174,0,1,1,33.062132109063455,3,0,1,0,217.07276930236796,249.05127588947857
49.73625299337875,40,9.750692598726115,1,0,1,52.99223952768498,0,1,1,1,439.9394109762621,433.68857952016515
27.771058344308564,75,8.187988162703817,0,1,1,83.87782704792068,5,1,0,1,551.3774840740307,494.10052738831484
27.70764032496869,20,1.4725905934880907,1,0,0,0.0,2,1,0,0,74.14964973836076,179.7226198021587
21.482682577005598,40,7.614210891849938,1,0,1,83.50144393430561,2,0,1,0,280.91948097424284,293.69390778398207
106.78829997011469,20,9.778892944106092,1,0,0,29.752891735020377,0,1,0,0,173.12172286277814,182.9911948771046
46.49476298733154,10,5.514812956094933,0,1,0,54.44548599003977,1,0,0,0,176.89043405255623,179.5845741413168
71.37759824893273,40,18.623251569977025,1,0,1,70.52157832945532,2,1,1,1,458.5929020060195,516.0378834056007
148.4020639968066,40,4.156051258433354,0,1,1,92.79118032964594,1,1,1,1,529.8484688491047,567.9122060510701
26.637927728838335,29,1.933459769332381,1,0,0,13.827245571009085,0,0,0,0,71.54217761527528,83.53487368037224
63.26706740913497,75,3.044410279356258,0,1,1,115.77369802206836,1,1,1,1,629.6669763836483,567.2010459535865
92.0656020228419,20,7.140502901547817,1,0,1,80.80378960204405,1,1,0,0,240.41600558285054,273.1327321354371
64.45999426693906,20,3.581039634990838,1,0,1,94.27242365288708,1,1,0,1,450.7367402470127,431.29355890636106
4.809279818207781,29,7.3808251123606885,0,1,1,111.91990627134697,2,1,0,1,502.86847519632545,470.1458980981399
117.94988859149915,10,4.013862414151916,0,1,0,74.75487738294967,1,0,0,1,423.13259402732893,384.322403230348
32.31953816445108,10,9.2689893028579,1,0,0,15.790536656783136,0,1,0,0,118.890274748534,147.82089779080454
6.001581834635901,10,1.6110483083258111,1,0,0,24.527656091327508,1,0,1,0,103.86231906319443,183.65717199165286
101.17004501743018,120,1.2941563161143341,1,0,1,80.88183669681952,1,1,1,1,499.5481012612338,543.001448826708
151.55286150775436,55,4.525606485829024,0,1,0,63.372370467181845,4,1,0,1,522.0674021553564,473.61207053072195
191.49343526479555,40,61.072199648839906,1,0,1,112.10273659182235,2,0,1,1,536.1544246767833,511.2566677809127
273.95986802500425,40,2.2976051296639644,1,0,1,101.82082577694676,0,1,0,1,425.0574841532215,456.48838354694044
36.50545178698782,120,11.322704139397016,1,0,1,60.50701491737799,3,1,1,1,523.8731823305222,547.372627841584
118.81938995631013,10,33.270106108721265,1,0,1,106.07829785801148,2,1,1,0,389.48689732211363,391.6091639388197
171.1609904803663,10,15.482539423066505,1,0,0,78.63006691879193,0,0,1,0,286.94049262104596,285.0848603188055
117.69302615541193,120,12.743660595418364,1,0,1,86.06966023332797,2,0,1,1,528.8994844094082,513.001497265939
31.61683588379264,55,25.807847717085036,1,0,1,50.633705719421684,2,1,1,1,513.1371859054999,495.017337944365
100.05644047369736,20,11.686588215353684,1,0,1,52.69357803736427,0,1,0,1,312.0472961595119,376.79991940233145
147.4455381291006,40,25.944375059942296,1,0,0,52.119659266188094,3,1,0,1,474.02081195599504,439.3452916697773
128.63110351825156,40,2.3399613588913444,1,0,1,129.99194268256136,1,1,1,0,419.0964507992531,385.2599134591694
34.659362689081675,40,12.675118647121623,1,0,0,42.42617218012682,2,0,0,0,183.8006727399978,171.58113427483374
26.293010734751075,55,7.358556713388849,1,0,0,76.06071157557184,1,1,0,1,458.064487600415,418.4303763019718
42.18772110011021,55,8.239419092934712,0,1,1,74.41946570141835,2,0,1,0,319.9444610386505,308.2971646103098
85.03413361180463,20,2.145271145593015,1,0,1,34.080332944964965,0,1,1,1,490.60705374325573,432.61588282047944
67.00326093983423,29,1.48951833366035,0,1,0,56.96781560165017,1,1,1,1,506.9981460682593,490.4902867058602
85.4931966444378,75,10.604884697824756,1,0,0,32.86923480192469,0,0,1,1,360.5878613142811,387.09762688533203
50.7027516400094,75,15.253575143306008,0,1,1,74.9701267111691,0,0,1,1,436.9372476111738,457.66574319232427
31.788211629127126,10,19.53035697070145,1,0,1,49.442287250088214,0,0,1,1,342.09062007882204,354.6622278698944
72.2711399568544,55,7.125851324191447,0,1,0,81.58610307593135,2,1,1,1,631.8266316909168,556.3226609756874
32.11491248444291,40,92.60923421185313,0,1,0,96.15006590709727,2,1,1,1,601.3980838943364,559.1587306594654
49.697075986520375,29,23.757223346173166,1,0,0,22.137114141938,0,0,0,0,7.3283585474268165,97.78636157662935
31.606190758417302,40,3.3737213574722587,0,1,0,52.96559205687676,0,1,0,1,425.00029436228016,379.7583868868606
71.41955593580084,29,65.98744600946215,1,0,0,28.866915638170234,1,1,1,1,486.24246189818155,432.43259966661327
39.946028387549006,20,32.44393204101905,1,0,0,22.688921948664465,0,0,0,0,41.804683095941535,94.91516617293398
90.17655501693226,55,3.7136433967191347,0,1,0,84.53995018375396,0,0,1,0,328.55518386361564,300.02480938913357
97.97194561851583,20,0.3200134589921724,1,0,1,47.729182627381604,2,1,0,1,389.49950981342397,407.55265930716166
217.36506950643115,55,2.2597433270401517,1,0,1,79.76805676387792,2,1,1,0,421.7766928776247,406.73667541704435
45.66431056969364,20,28.400978157154853,1,0,0,35.4704726792731,0,0,1,0,67.88847568342233,187.6248744902974
64.52606937532282,40,13.629228248886939,1,0,1,53.4259766439517,3,0,1,1,425.9114357481128,427.9453892072052
61.6875777249558,20,20.449707510710407,1,0,1,25.807472814019427,2,1,1,0,374.93207379124283,283.6669369703809
57.19485941984615,29,16.127245737761804,1,0,1,65.72175374882642,0,1,0,1,412.79926546121044,378.6825837334667
152.14559723051843,120,11.13924943961236,1,0,1,108.73933756579775,2,1,1,1,686.4241133402677,607.9445875114019
50.50934956938838,55,3.622621693631153,1,0,0,10.488215780258297,1,0,0,1,265.4164874117721,284.2684836223927
193.29991546819159,55,1.7404308440595728,1,0,1,59.632742064623855,1,1,1,0,402.7099352835236,356.4724538495143
125.1130207140804,40,13.411072787741034,1,0,0,68.40061983074617,1,1,1,1,493.22921200753797,505.8855128510846
26.028480698038386,20,11.290453808154794,1,0,1,25.45271494002902,0,1,1,1,457.19852491374877,399.8884282646043
124.87080602205162,20,29.557491223028705,1,0,0,15.319260343418847,1,0,1,0,187.2865964675334,223.3314378153122
178.69275238520785,10,30.99707828350896,1,0,0,83.69808488836632,0,1,1,1,470.1738817082288,515.0382709802311
208.50084918705818,40,4.175781589036026,1,0,1,116.43879568689822,3,1,1,1,698.5463577843957,605.6821055823071
65.8267480238975,20,3.4349201037323143,1,0,1,43.23983812134317,0,1,0,0,181.74181283553125,189.0681179402657
40.11286458681189,40,6.760666628632397,0,1,0,29.852819402926,0,0,0,0,171.72879151542952,141.14127092590704
31.2554121871584,20,20.093013780315303,1,0,1,25.508739656143064,2,1,1,1,431.07913889487696,440.81470736531315
94.54876621665585,75,2.569512314613321,0,1,1,80.2019004975398,0,1,1,1,401.1460866006206,530.1409134548342
8.515231417472707,75,19.656237345749346,1,0,1,37.46275669543097,1,0,0,0,155.32425479665932,147.03342134164197
27.140146974078693,29,36.86061012239949,1,0,0,9.151385067852964,1,1,0,0,177.24015992106106,173.1501021602602
41.96618857658582,20,1.545201058589304,1,0,0,17.72069955450417,0,0,1,0,150.45934326292152,161.50588525792517
36.921233046273336,120,19.829915144359976,1,0,0,69.15797407856931,0,1,1,1,397.4317263231581,504.4941021632376
127.47382414767866,10,45.773565619587764,1,0,1,65.69990980297479,0,0,0,0,220.79296353080636,186.53342493880692
29.8861941169341,75,18.967096173684066,1,0,0,44.29582756341049,0,0,0,0,113.33789130530764,141.9794573107841
21.55989311322298,55,10.948995844545708,1,0,1,59.632732998887676,1,0,1,0,292.71463842743776,257.52423555403453
61.44146380163668,55,40.2089333084566,0,1,0,72.64634724317023,2,1,0,1,548.0436919629045,462.0429195469698
56.04948884860405,75,14.23941636143522,1,0,1,56.8615381791277,2,1,1,0,340.27157509290026,349.14567011821185
58.22378322410355,10,35.65423910383408,1,0,1,56.039438408022605,0,0,0,1,351.48005955342177,297.4681724609544
39.25010038119943,75,20.895316554887447,1,0,1,95.53541855825759,0,1,1,1,530.5621634671279,516.8494178561295
46.40361597822323,20,0.9202787681999727,1,0,1,72.87468667139369,0,1,0,0,162.6116929705839,217.0672222897805
82.60401387911025,29,16.56787049697936,1,0,0,61.33172009272961,1,1,1,0,346.30097619546814,318.0596572665665
152.53152287028325,55,55.33799414681219,1,0,1,86.09097123138939,2,1,1,1,634.0648316655245,569.1034569751437
252.24625866789782,29,8.80877450528961,1,0,0,58.25519722716005,0,1,1,1,523.9924516499233,488.99661735883546
93.5864200002282,120,4.258028402584233,1,0,0,52.38806746434268,1,1,1,1,506.9441158371618,498.5888442335526
184.406674132937,10,15.728274256706118,1,0,1,64.58042032382946,1,1,1,1,482.51087759324116,515.9333465717701
55.025937701449735,40,41.09583667311468,1,0,1,26.634085288612297,1,0,0,0,74.27117898878849,137.944280271347
52.939724883665875,55,27.906596806533777,1,0,1,34.59641624798017,0,0,1,0,119.60784829097763,213.98565158060197
22.09204073617899,29,15.962095824438448,0,1,0,0.0,3,0,0,0,166.20525979600552,155.59009635338333
90.91791685562876,10,9.420931301039214,0,1,1,41.94509927855827,1,1,1,0,387.2653229107201,308.8095878398171
15.522520715409167,55,6.433992790865786,1,0,0,0.0,0,0,1,0,60.20363307565769,180.7019025600572
50.69118468435016,10,12.304825250568147,1,0,1,10.87215499472893,0,0,1,1,315.4909969166721,328.6907692261568
11.112425216921944,75,23.291323401082167,1,0,0,68.74750535442791,2,1,1,0,250.46638522548017,363.28676363145274
56.104215721086376,10,9.34846589256596,0,1,0,52.092343900776875,0,0,0,0,216.36377927152574,158.55649786020382
96.68654112748885,20,25.94996383935712,0,1,1,112.25153713793864,0,1,0,1,431.70966456270884,447.4272392044684
48.2617955837443,29,38.765451331267975,1,0,0,0.0,0,1,0,1,283.5303496374382,312.4235687549798
70.3635895293617,10,7.800202001238613,1,0,0,62.59147056401602,1,0,1,0,194.2193252751167,246.4727476675058
59.93664712483139,20,6.303226433600756,1,0,1,36.10431328612271,1,1,1,0,243.3682578037748,269.1723667040063
90.46557643583091,10,9.15986590446299,0,1,1,79.73256549329685,1,0,1,0,269.57652076366105,286.11035776424194
38.71274071868915,29,2.834610345568393,1,0,0,60.35659381989399,2,1,0,0,187.62513636536306,248.83700174216733
43.91851479235116,10,12.356307523324745,1,0,0,46.890115566484795,0,1,1,0,192.28119590535482,256.98998230031356
30.565793296893805,40,4.414196434777933,0,1,0,50.20580246302502,0,0,1,1,446.54703286858944,404.60439054735036
96.30460239009537,40,14.08581037015233,1,0,1,30.79519208479389,3,0,0,1,346.1967325016626,344.5052220482484
38.053484419499306,20,1.3035800497674872,1,0,1,53.024831179071505,0,0,0,1,310.58168489476736,292.890421423958
70.26674565404622,29,4.505212474295815,1,0,1,54.18985951317392,2,1,0,1,412.5586123588967,412.9844922171255
54.62229920855842,55,80.75760398824471,1,0,0,37.58058394225357,2,1,1,1,516.1135240101739,481.7526524600074
148.67596408469709,29,1.1497619693415073,1,0,1,99.65275986947663,2,1,1,1,564.2677738874843,572.5053896087175
100.06926930041176,55,3.7815574125603333,1,0,1,66.28705043758998,3,0,1,1,383.3974294776094,474.89454928370355
55.62593118520228,55,60.61618163646071,0,1,1,55.03815684800791,1,1,1,1,522.0453236489658,496.52615063198755
94.7102659522403,10,7.331061290203866,1,0,0,68.26546436613663,1,0,0,0,122.94262512852812,183.97568962828046
55.299576961052445,55,16.9695042745653,0,1,0,44.68683992340769,0,1,1,0,277.7784886178702,304.63886721722554
10.7880395987669,29,16.60997184377432,1,0,0,19.889558715579142,0,0,0,0,14.960694177675464,95.64471701860789
84.41801418873523,55,41.77129846340547,1,0,0,41.30835315178908,1,0,1,1,402.19157915753203,401.4098685176588
62.65323086978164,20,4.932931983465611,1,0,0,0.0,0,0,0,1,158.77746907211528,251.74638661243245
15.5062839266472,120,16.748543841777686,1,0,1,102.88078374375272,2,1,1,1,633.6392729903191,569.2453874437747
134.47531340738036,40,2.292673961395558,1,0,0,66.38715932565279,3,1,0,0,338.95201900390657,293.09988480511953
79.32358205936401,120,7.730459818720929,1,0,1,70.7348201948938,3,0,1,1,507.03947372524755,497.2381055101247
92.77514042261288,40,13.598124158901394,0,1,1,85.49257018020927,1,1,1,1,569.4342417123562,540.3232180942966
325.33190518213905,40,13.55613756819749,1,0,1,75.62176809055913,1,1,1,1,558.6669656872187,540.2562741030815
13.136180512291583,55,19.05461586026351,1,0,1,45.81372958833555,0,1,0,1,384.1393473229699,353.8832298067766
48.63264364499452,10,0.6380616068510353,1,0,0,24.841047384943657,2,0,0,0,142.2188146542744,154.23190449435788
38.952169557232615,20,0.04483072433680514,1,0,1,34.34009043763275,1,1,0,0,192.44165993889962,191.1745252343612
37.578192675825704,40,4.38764412954008,0,1,1,88.44181282412367,3,1,1,1,596.1389648962764,562.3731640397659
55.56835559882646,20,2.6060508483855376,1,0,1,72.2227259264152,1,0,1,1,353.4027074959938,426.63782977631143
35.89055761618713,29,19.223736071167348,1,0,0,59.36287436830215,3,1,1,1,545.7589440265546,496.4401549063001
65.6630231602244,29,24.80739554876067,1,0,1,23.80696193413758,1,1,1,1,476.1051738341841,428.2594107214464
28.61299811858087,10,2.3430974740614823,1,0,0,0.0,0,1,1,0,133.45461327329437,211.33027028278354
72.25610599046533,40,8.500445063726449,1,0,0,20.11692118033769,1,0,0,1,323.89135737363523,297.62170997192266
112.19288655180897,40,43.31291175329061,1,0,0,83.78493997171559,1,1,0,1,487.02826343380474,447.05546532654836
160.70109806072446,10,55.991401354220066,1,0,0,59.785067841344365,1,1,1,1,473.4511790877252,489.4935763337853
23.436481583256064,29,0.9723151516740491,1,0,0,21.4969693286263,0,1,0,0,134.1662475985456,157.21770554203786
58.38450496810646,29,96.0,0,1,0,60.62552385839557,1,1,1,1,466.29622358212345,499.56545855674506
22.04926624050694,29,3.5704942562795905,1,0,1,22.871551451582306,1,1,1,1,451.8369121690029,426.4652676065802
48.714966280374945,75,1.4491322002276916,0,1,0,79.54835438984922,0,1,1,0,373.3311988878229,368.8173897416168
36.62033749002756,10,17.563262267781187,1,0,1,49.642228514092004,1,1,1,0,257.51704613985106,283.3052252809363
129.0113232887168,75,9.694321465899613,1,0,0,51.40994147383339,2,1,1,1,543.8078507123248,518.6026684944871
125.20260168733368,29,17.614256219221087,1,0,0,74.58172285425024,1,1,1,1,477.4029945795525,510.1538484327646
120.79622550653956,29,1.370620135339049,1,0,1,44.77682692455964,3,1,0,1,449.6826681716001,411.84528837284296
105.29570220863002,40,23.974953677833906,1,0,1,31.746518081701133,0,1,1,0,251.71113419699623,270.00910190430693
62.50977019663499,20,9.591751497983232,1,0,0,20.66038819582342,1,0,0,1,291.17529843125965,283.0026513876049
197.72769291728426,29,25.935729789374502,1,0,1,96.4792214442573,1,1,1,0,437.12823230929325,390.50158950051906
73.02042338800894,29,22.257392509336373,1,0,1,101.62717648115529,0,0,1,1,490.97292921405824,432.7269077215398
94.61891113334701,20,11.27756710358387,0,1,0,90.46073695413726,0,1,1,1,528.91008622921,524.9538919061193
35.05881054071274,120,23.320914796797897,1,0,0,74.77053892317626,3,1,1,1,599.4347974708822,579.0533258915939
178.37099002925703,10,25.84361396848738,1,0,0,51.45905335698275,0,0,0,0,156.93022622763456,167.3855162331776
179.91319802374005,55,2.1763125024676024,0,1,0,55.282272435959506,1,1,1,1,498.2468383209533,513.610868972282
133.19324732996964,29,1.5957702555693531,1,0,0,62.00679991460183,0,1,0,0,218.08780432815203,226.13252696283803
52.400835712401616,29,1.3822352926461332,1,0,0,45.19434313789608,2,1,1,1,500.1790624048984,469.85280000869176
80.86177870366112,40,50.37008993190024,1,0,1,0.0,2,0,1,0,194.1024164819953,229.85804158085267
64.35062254313235,40,11.902906863622233,0,1,0,87.29714668656729,2,1,1,1,595.7480391644654,554.2999009449106
159.6233496511647,20,10.064222887407238,0,1,0,96.04851637122323,0,1,1,1,646.5851833306118,558.1734987219868
80.11093312361835,20,27.641157362741797,1,0,1,102.81756926263168,1,1,1,1,518.6756781282604,519.1798150878888
64.50193497601785,55,18.204838756690766,1,0,1,61.6643971582104,1,1,1,1,399.7117561094619,491.0693263855377
139.05150638729307,40,8.942770477877563,1,0,0,75.41869127081613,1,1,0,0,248.71600173378897,288.3430945890404
99.57301292136779,10,15.535536233073465,1,0,1,23.20099280716674,2,1,1,0,329.6580715235587,297.9019005395568
39.43389292980138,55,6.7893682572475536,1,0,0,15.282940172363013,3,1,1,1,441.22847420673787,466.3479888770644
34.78005239342261,20,5.082469809679326,1,0,1,34.30522102302379,0,1,1,0,258.9228616002193,237.72353148210425
65.67088291187541,29,1.8438005918514364,1,0,1,44.814918535157496,0,0,1,0,198.7324502816238,204.64343605808392
44.9049182631794,40,14.76778767528302,1,0,1,17.098447973996322,0,1,0,0,184.16231943661467,171.9963707986703
59.50850932216457,10,11.834715862291612,1,0,1,72.49504328810674,0,1,1,0,245.0352865839833,295.8579984025323
21.02570753637628,55,17.0132946007191,1,0,1,59.191290185647915,1,0,0,0,217.48307663982638,173.8870194531891
54.816787519935055,29,9.862736252400351,1,0,0,38.629384937767696,1,1,1,0,260.2761600779785,280.8913561357283
31.02763424660641,29,14.241688850669933,0,1,0,65.62415064766788,1,0,0,0,230.5002693193385,194.339583931514
255.67293513891775,75,8.31431782461356,1,0,1,154.42954740760095,1,1,1,1,680.6617032319238,588.576397415895
153.58302362041144,29,14.304690414148444,1,0,0,82.70287219785104,0,1,0,1,376.39470583884747,440.5253179257137
44.866928245231904,20,21.98566346183682,1,0,1,7.90508537451479,1,1,1,1,404.28804039782574,396.88772863465874
30.079245149261812,29,28.912579376562245,1,0,0,74.852797879322,0,0,0,0,114.39326916133281,164.01769242084967
101.60078175033944,10,12.4680552805084,1,0,1,34.53589804969205,1,0,1,0,141.75579867950464,227.96358396447258
43.50384007619745,20,12.432301363946694,0,1,0,1.6229387376067734,1,0,1,0,267.887337163515,194.28677803560032
119.89051968888592,75,0.018461654149820473,1,0,0,36.4881241488347,4,1,0,1,471.18014645187543,432.4193350738745
11.168546230240924,20,8.137495895990039,1,0,1,65.19427035704963,0,1,1,0,244.6160463213046,292.2569328596704
121.57035296316782,75,0.7506033366052783,0,1,1,94.96919205205056,1,1,0,1,522.5142025745904,486.8501694170642
49.625246480404826,20,14.772186731940113,1,0,1,48.735643309634845,1,0,1,0,239.52304895469715,223.0985086622119
50.00529261649933,29,36.327323702191336,1,0,0,49.78173292956808,0,0,1,1,379.9658994665018,362.18240336551787
70.56555442009697,29,0.5236959600650755,1,0,0,44.949905121574076,1,1,0,0,219.13242389561262,230.92729141153822
28.31508870748659,29,20.461894098233053,0,1,0,46.86478257633909,2,1,1,0,356.5763391924623,320.9115400627791
65.21186728234434,40,10.428048572597342,1,0,1,23.83857213382685,1,1,1,1,384.78704137763305,435.0713186881421
166.02313662935046,40,10.25236178523067,1,0,0,97.68558511736852,0,1,1,1,561.187109620127,529.8147617053208
116.14047643206135,20,4.956625655722542,1,0,1,68.42187808071174,1,1,1,0,353.409160930256,326.0533764270937
161.3024091990386,10,4.398322490535804,1,0,1,88.30946388250445,2,0,1,1,456.6586736190616,491.6332118082218
139.96821498163385,20,23.95040781359789,1,0,1,114.56478053254907,1,0,0,1,420.6283677421077,393.6529012858745
119.5418958838038,20,13.320758105091198,1,0,0,14.748761213073308,0,1,0,0,176.66657782200065,180.89599744142174
82.32171219652383,29,4.384992685085,1,0,0,49.18565191339834,1,0,1,1,411.0098356739963,389.2881231910596
98.29309105727394,55,1.6681384728363138,1,0,0,49.761305568791464,2,1,0,1,399.3166171082215,426.4006993433023
218.56463357530862,10,11.788884709009842,1,0,1,92.82481918373038,3,1,1,1,635.5986182363506,589.2817186685435
129.16614777631708,120,11.15998466185581,1,0,0,83.49643937994044,1,0,1,1,529.363510829844,493.9613304044899
66.74977816927716,20,24.705758886227493,0,1,1,70.75584374178987,2,1,1,0,335.2682179186047,358.7902033431346
29.266954031181776,10,11.694225211955393,1,0,1,24.90047487204232,0,0,0,0,80.9190653562504,90.88189318151669
101.71274617095929,75,8.946945376548344,0,1,0,106.8003343465321,1,1,1,0,463.4894639381151,404.3918328120971
131.13809848430878,29,17.09181748038707,1,0,1,106.52463984727473,1,1,1,0,359.49703896187924,378.9382860608286
107.00390675020778,75,6.203987271959966,1,0,0,68.45216356460443,2,1,1,0,402.6188541469649,381.68622615037793
170.7061686205425,29,0.8594456732466881,1,0,1,64.39314213580076,0,1,1,0,288.4846897513384,338.73824262708814
95.90973247517233,120,2.103609738673083,1,0,1,54.52642318244445,2,1,1,1,514.8525869941816,529.337307500271
43.67588581645876,29,6.814390951339999,0,1,0,82.09934165688844,1,0,1,0,291.4353011324817,282.70181128909854
38.512226839618805,120,0.42904952634679316,1,0,0,84.35739831492828,2,1,0,0,336.25423647282577,304.0569260172076
62.05502596194423,20,14.805505898770411,1,0,1,44.12208752046354,1,0,1,1,438.08911614360653,382.053120042292
125.98038499512718,29,6.586530736340959,1,0,0,79.52693676998094,2,0,1,0,309.9732870345703,318.65918811413565
78.65693141962942,29,0.6406551176830598,1,0,0,68.92318980881703,0,1,0,0,251.4702334275238,219.97734727333446
78.02167830069678,20,0.31667805889781786,1,0,1,51.384655919176325,0,1,1,0,266.3911215906384,286.42082709080256
21.116470636410707,10,2.8101847625784475,1,0,1,51.16033454471302,0,0,1,0,164.24910090306514,205.5377281712268
97.96932999754134,55,16.899086337783128,1,0,0,68.41761732755192,2,1,1,1,498.0171757185621,528.2789937316052
16.416969771169562,40,21.2198324924526,1,0,1,71.157170299406,0,1,1,0,240.73165091756863,302.09070952448
36.55870731651752,20,35.44395260776486,1,0,1,42.094113245891734,0,1,1,0,251.105173043651,261.7161615384091
71.95045960132191,75,31.814250479003995,0,1,0,45.46371147518454,5,0,1,1,567.029906479172,468.305078555502
72.32151463468097,20,3.93715536283688,1,0,0,0.0,1,0,0,0,77.5227014794948,116.05921426585049
79.30230263225249,75,10.492314168418185,1,0,0,59.557415825296374,2,0,1,1,444.4547928416507,451.7540076896683
12.602527195937922,29,4.43628286850601,1,0,0,19.40314346235533,1,1,0,0,139.62562920174068,173.80222344423325
40.27717431324428,10,6.096148386785612,0,1,1,55.24183165640044,1,1,1,0,372.4483508139306,319.89623921208636
73.33551526213537,10,2.3651600944361437,0,1,1,83.02054885536694,0,1,1,0,321.3457195859532,348.4310681904629
75.46129034722532,10,3.936424625122177,0,1,0,67.77085348919493,1,0,1,0,252.44027366289302,273.52275324301587
78.84293489926169,29,4.288747938322415,0,1,0,67.54682132228248,0,1,1,1,438.40737562402165,499.7467449116585
99.54373328974543,29,39.638330475076955,0,1,0,19.524910661869143,0,1,1,1,491.60905212599226,441.4900481118152
57.7447511348785,29,2.4976636235127327,1,0,0,53.40117627396881,1,0,0,1,358.3632818285889,309.0682777402255
130.26078745887384,20,21.756302564327896,1,0,0,84.2339794718697,0,1,1,1,447.61047904543204,505.87347398850505
87.52024559779377,10,4.015682106320254,1,0,1,80.22547516952775,0,0,0,1,330.9104418588496,347.2928214162039
60.34684772440336,20,12.457537695611277,1,0,0,0.0,1,1,0,0,162.03024050152735,177.57699737162497
90.09672547069472,29,28.338589998531226,1,0,1,37.92034417117667,3,1,0,0,286.02106991004456,246.79294560500125
89.56711317852495,20,0.8902951489178985,1,0,1,43.219730725511376,1,0,0,1,275.7614726395913,309.2386075937947
70.48738156275823,10,21.25016098420321,1,0,0,57.23825601631787,0,1,1,1,385.1097377072799,435.58195226706636
60.470073748392004,55,0.8861921085328613,1,0,0,8.037581313189463,1,1,0,0,228.71054025473887,192.51482027288182
33.69820797669067,29,9.439473867602079,0,1,1,62.33201872851024,1,1,0,1,448.2240888048126,418.6395829426326
78.11711835653443,55,23.620696740540147,1,0,1,50.11766022793917,1,0,0,1,318.11370438588614,326.98503406817093
53.728710946444906,55,48.398026225623255,1,0,0,50.8086851877886,0,1,0,1,519.4334289463897,371.2126683223741
122.8929439760818,40,81.0183442822039,1,0,0,71.63037140445029,1,1,1,0,310.9828243608454,341.83065708816093
44.5706468304939,20,10.419987454466582,1,0,1,44.96584201860813,4,1,1,1,456.2274451450568,485.9975648245917
62.80989034223559,10,0.17581808132209434,1,0,0,30.858695321241047,0,1,1,0,197.0818636916086,240.66726095329622
16.486852287760986,55,13.823994154829876,1,0,0,61.09157862425037,4,0,1,1,505.1248868661413,459.85918702162843
159.80050647607948,20,20.225387571565605,0,1,0,90.68384266945012,3,1,1,0,484.3723223736537,408.44737592413054
56.765919556213866,20,8.03600616834732,1,0,0,46.084836172846735,0,1,0,1,299.6891060772233,348.48418288705494
94.46130277947019,29,16.18096059067179,1,0,1,60.327434507582815,1,1,0,0,159.21002097898088,250.51959312078174
26.471606858703062,20,39.701890642765576,1,0,1,44.138715827149724,0,1,1,1,351.49034432939516,415.73881397545125
16.408491369702606,40,3.468872744646876,0,1,1,21.391260010197932,1,1,1,1,395.08842980675706,444.02262409465465
55.913549901655074,29,0.9902618467044325,1,0,0,31.74171353834094,2,0,0,0,164.45604293014443,166.52411153435207
132.99878325415537,29,9.545147394843765,0,1,0,80.58547784859697,0,1,1,1,497.9834645338907,525.5681009541132
99.03536076190872,40,19.483748133301823,1,0,1,92.99470383866283,0,1,0,1,404.4708944584453,427.7566340284269
36.387344092560646,120,4.585086900676783,1,0,0,141.27221447609833,1,0,0,0,303.33264814975405,209.51615416589289
44.441322095513556,29,4.607678544947897,0,1,1,64.52744726854395,1,1,1,1,478.3184259456689,512.4281145716295
39.088635674419265,29,19.819520350773587,1,0,1,58.09174468839363,2,1,0,0,228.84834308060795,244.12897177794457
18.97165564221834,55,5.095562995593241,1,0,1,53.102950595476486,1,0,0,0,176.5195944613589,165.21172979377533
62.683717824553355,55,16.416418956604826,1,0,0,29.368381026301286,0,1,1,1,393.76924699171224,425.1254593791224
87.80379728018514,75,3.434374405224108,0,1,1,67.34519061808791,1,1,1,1,552.3107046109903,542.1869608599362
41.8552882500092,20,38.21389063382142,1,0,1,51.33515591131927,1,1,1,1,404.58929389641884,439.3514638277385
71.83915046287294,75,12.65495983785813,1,0,1,97.18207175821428,1,1,1,1,536.9441496537922,533.7955915834831
7.2601616599746555,20,16.648791656390085,1,0,1,40.58202826614126,1,0,1,0,211.27323744329235,207.99547680056028
45.91940658735884,10,25.356806693170753,1,0,1,57.73583671820149,1,1,0,0,264.57510936975683,223.3909560449868
58.361903488253176,40,11.87294598473939,0,1,1,61.54962578624545,0,1,1,1,473.4878939397745,484.25662320158744
91.61601004430729,75,33.142317919765524,1,0,0,52.93272170632639,0,1,1,1,454.31391652939305,474.82868079289125
162.8530412104158,120,2.1314249230618447,1,0,0,41.57523115815208,3,0,1,1,491.8838945768255,462.33859344286697
75.64310474902112,10,32.09055319523511,1,0,1,51.61925631603303,3,1,1,0,312.68748064256573,330.2252987947311
24.396240748645003,40,12.717379683862859,0,1,0,35.33033709450012,1,1,1,1,502.6805533297771,456.5429070170532
127.94772298749845,120,3.604696007612949,1,0,1,74.01723327595704,3,0,1,1,559.8958456673724,515.8129201321972
106.81336707948171,20,1.4668527695702387,1,0,1,50.634071157227574,2,0,1,1,436.27517138451014,422.3341890872571
65.86696179726228,10,17.385861217680738,1,0,0,23.65128975016028,1,1,1,1,402.4308025014343,424.5978351584515
113.28525561699138,40,2.71901575985804,0,1,1,98.93260657340302,1,1,1,0,354.3076493321622,388.0332729769532
69.06643110609764,10,14.372636802258748,1,0,1,57.89372638981374,0,0,0,1,297.0969037365696,306.29891482588044
166.5134128495235,40,0.9958104634237169,1,0,0,71.71146680796268,1,1,1,1,623.7455133851591,521.1937012765025
99.57436667035141,40,9.457889388911026,1,0,1,70.05498072894223,0,0,1,0,263.9421193833408,257.96121553282404
130.72436115695805,40,21.75996443866123,1,0,0,55.48984094901239,1,1,1,1,461.6564141846667,484.6246546411767
49.26252790803441,20,0.8620974392080147,1,0,0,32.65579255665944,1,1,1,0,304.58793710733875,259.66257419718386
63.10647517927325,29,16.12731804698326,1,0,1,53.92807134576883,0,1,1,1,476.3281904509084,432.5502597552596
41.76242910370693,20,17.338448887540736,0,1,0,66.05976840443299,0,1,0,0,316.48217738917026,245.45821577120702
82.64953382941383,75,1.8371546778730659,1,0,1,46.49647178612036,4,1,1,1,645.8842773092413,532.7980189531154
62.80556717974199,10,0.7123011424891702,1,0,0,23.388627622562012,1,1,1,0,290.82939939858966,252.61156936066394
118.6095557148829,10,32.720850528250146,1,0,1,61.86292510287101,0,1,0,0,182.99208775885418,223.54459702695894
335.70979013628124,29,2.3756126178235855,1,0,0,88.27660174093332,2,1,1,1,610.6359368461748,575.897806825538
86.66005945714994,20,2.7118019017477146,0,1,0,59.228425957824825,3,1,1,0,359.15458443891663,358.40197839867113
16.629293809220734,10,13.978725417361774,1,0,1,12.216799796815081,0,0,0,1,267.7910715175905,245.59270316158577
111.17750922636232,29,9.03598851319397,0,1,1,80.88076849270232,0,1,1,1,579.1503261350553,511.7857081786389
91.27566497874587,75,1.8720668833351615,0,1,1,75.25795045802684,0,1,1,1,544.1567961841287,525.9591368372329
85.4534078135984,55,11.308204460275155,1,0,0,73.89252112880106,2,1,1,0,363.11982572150805,366.4136028776861
91.68758330725036,20,2.3508386954302,1,0,0,49.75109993889416,0,1,1,0,240.35580324871484,285.70741522699507
107.76879977703274,10,6.77074594032843,1,0,0,49.0909839285145,0,1,0,0,203.18740222557926,206.3219048283173
25.064723036141988,55,10.073834063084306,1,0,1,14.164103344201727,1,1,1,1,425.23568029512717,420.89081689257586
98.25659283385336,29,22.64577780569264,1,0,0,59.16914252905762,0,1,0,1,441.93857307329574,383.9435175171706
16.681437860947238,10,1.8860657747135252,0,1,0,48.87204228385939,1,0,1,0,212.00095085761956,235.88985548804416
60.58518533322032,40,2.9220395414538363,1,0,0,73.3726797510791,2,0,1,1,453.1995215653422,455.4885977211127
23.503934495703657,20,24.062769107705183,1,0,1,49.30473067015925,1,1,0,1,350.2296781238738,372.6250844647925
82.45377834504701,10,20.014112602186515,1,0,0,43.53602356569223,0,0,0,0,181.0910714019377,130.18236374939679
188.43958041181608,20,34.07682490667974,1,0,0,76.0397877130692,1,1,0,1,445.6497447764471,442.2634011580306
71.7167517222734,10,17.55681730286432,1,0,1,32.22276738145875,1,0,0,0,114.4973521092843,134.89257306037302
60.89871539247808,29,0.08460764299559227,1,0,1,23.99515974948563,1,1,0,0,271.83837795492485,196.25678345534922
122.37196543804203,55,22.804248928598437,1,0,1,63.10540675478111,2,1,1,1,546.7236023726142,527.9672835141856
162.94270319902446,10,18.437650895320076,1,0,1,64.54054730754646,0,0,1,1,394.74365367301044,425.8079376728144
84.31265331665831,55,2.9656955604053556,1,0,0,14.457903009129701,2,1,0,1,355.7322063248563,379.88634066828007
34.75350638191309,40,22.344755533575952,0,1,0,62.745330520169155,1,0,1,0,312.59567120714695,273.99447876391787
9.274728775109429,55,11.873091184489025,1,0,1,55.48084943229753,2,1,1,1,454.2575415310734,493.2360261492306
41.77477603378234,55,14.135037461772313,1,0,1,25.117379184682086,1,1,1,1,382.64943070417974,436.33918213461203
23.91071470529426,55,9.591544790242944,1,0,1,56.714578393673776,3,1,1,1,540.9674170770617,509.98144663912245
96.52161649924466,29,8.268176438882023,0,1,1,93.91331077851027,1,1,0,0,277.72650938199456,304.0224768633946
154.21132862580953,10,46.255034318989814,1,0,1,71.1981060423857,2,1,1,1,524.7624337777805,535.0954795776904
140.87750401165218,75,18.28879368690969,1,0,1,120.37913358946747,1,1,0,0,320.4020070378958,322.527328593773
71.41006593201698,55,4.321492500222906,0,1,0,69.39339962869482,1,1,1,1,523.2029203229176,531.5278504523804
8.22824803285626,75,28.90310825954843,1,0,1,85.27278710809729,2,0,0,0,334.41477545415546,234.53176338212913
85.94941789417868,20,63.96995001023732,1,0,1,34.237684100310204,1,1,1,1,395.9849496056107,446.9586489776023
67.48163835231038,40,1.6328714169159675,1,0,0,39.923778162577776,0,0,0,0,93.53727236202195,131.01913065320042
35.779688696669005,20,10.494245028539742,1,0,1,57.75168083238557,1,1,0,1,404.23611994528557,382.1704837392416
121.05026584939023,29,23.96408964270732,0,1,1,72.75081319156077,2,1,1,1,508.379825183003,554.5313826458363
32.55171575859883,55,9.885679062182161,1,0,0,74.20357040513136,2,0,0,0,288.26969264018015,219.21313672531494
25.34630464075656,20,0.6531401192063714,1,0,0,33.84459441534387,0,0,1,1,309.1147369125251,344.30389025672616
30.679546114155013,20,13.974424850419398,1,0,1,53.59125840966834,0,0,0,0,77.78621884441375,137.91671146615786
78.66976895806808,40,1.638953982497584,1,0,1,100.86997586347695,0,1,0,1,393.1666711861081,425.8771458039084
56.95473102086057,75,35.53810810922929,0,1,0,76.57635319054725,1,1,1,1,621.1093018142271,538.8748078246681
104.50643134458272,29,4.815354921190777,1,0,0,23.484202301425714,1,1,0,0,229.03273042362727,217.1567717434301
62.99183140463567,75,9.051444796026367,1,0,0,27.07304757199483,1,1,1,1,463.58395879043087,452.44264631958157
37.844481759077176,10,5.021190787562311,1,0,1,29.451398967901042,1,1,0,1,340.0865686607061,349.9868632916274
77.98343884115114,29,33.680091776838886,1,0,0,35.74705757302089,0,0,0,0,53.54495545061489,126.99338340910786
33.32396220535743,75,7.915175809228255,1,0,0,32.1594436845845,1,0,0,1,308.730025204847,309.4388965675734
350.0,40,22.88310110581772,1,0,1,204.0136250715199,0,1,1,1,715.4884489283647,568.2519505126625
125.19373769508363,40,29.459578558016048,1,0,1,92.60605874742075,1,1,1,1,542.4870385071673,531.2463556605793
30.162111885033603,20,0.818838076950531,0,1,0,76.32155620075125,0,0,0,0,208.87431406903596,190.66829268733
168.26218083734202,29,3.881131439891356,1,0,1,81.17100484410433,0,1,1,0,386.331150275897,363.7903592716828
49.22207589041777,20,32.22056286375293,1,0,0,0.0,0,1,0,1,260.76138794022773,309.3836168357107
55.14065010464421,75,96.0,1,0,0,14.985598695924338,0,1,1,1,474.1426597045528,431.3487396317005
67.34420120031281,40,22.87173624575192,1,0,1,28.512066923843605,1,0,0,1,320.3675866196623,300.40470319401857
34.89514536390242,40,10.207500715810715,1,0,0,26.951592282679965,2,1,0,0,190.148483130846,202.8789190589458
42.85035714371607,20,22.659296419162665,1,0,0,2.948118043640296,0,0,0,0,25.57592111453959,80.43921600871968
126.74240456902197,29,7.393518080914486,1,0,0,47.45495418684678,2,1,1,0,314.697008488338,335.24222365446604
92.28219798877461,75,1.7356219037106397,1,0,0,71.67915084194112,2,1,0,1,435.8871715389776,465.27951049982426
132.95108234440815,40,8.575799578212136,0,1,1,140.86419073628207,2,1,0,1,590.418254435946,506.71778529122713
39.34813675167881,29,2.014364232758952,1,0,1,51.84822571846087,0,1,1,1,388.25997992132,431.283187236506
55.33456151191621,20,10.785595692519916,0,1,1,65.49916276146017,0,1,1,0,279.3444008190654,333.59423228228394
6.343270855688196,120,9.952736446650704,0,1,1,94.86982514100096,1,1,1,1,521.3621993630625,564.915149202907
46.17044424715906,40,3.1402153565960393,0,1,1,66.68801886398236,0,1,1,0,365.9433007579001,344.45475728660534
48.4035119904006,40,15.512842761828166,1,0,0,35.006851986133675,1,0,1,0,292.5903169375721,222.65780528525667
18.296711009858825,20,2.0377938944810112,0,1,1,71.51376887327851,1,0,0,1,273.3723800795842,364.5262540614391
90.16054237934696,10,4.491565217859953,1,0,0,44.38325654143803,1,0,1,1,391.9590374758242,389.2346414146534
99.42966551445907,40,0.7694935319785999,0,1,0,98.31269277753476,2,0,1,0,317.5262726058462,327.8664079261015
139.60519768318758,20,9.031096680998425,0,1,0,92.32845856206347,1,1,1,1,517.448609936016,560.1032847582236
62.935532614969645,55,0.19227883196321618,1,0,0,49.92615015037012,1,1,0,1,411.80862043338846,395.73325993065714
32.51315125295391,75,2.647678370034531,1,0,1,63.87843448917774,1,0,0,0,203.5333145553765,182.34488829457334
64.62930239625466,55,35.84644614592605,1,0,1,68.04574143215389,3,1,1,0,478.97995619828316,368.52266273487203
72.0848141105001,20,12.533008572005198,1,0,1,44.5338918813637,1,0,0,1,287.267487224879,302.8377520031172
43.663569979754584,75,1.0355143641175093,1,0,1,52.812647069958956,2,1,1,1,568.3951550637084,503.01375467379626
69.37568944132586,40,34.67288008567824,1,0,1,30.023586642016458,2,1,1,1,479.73747360558224,459.66522050247033
6.171370940806589,20,29.34086707900492,1,0,1,43.4817112980238,1,1,0,0,203.1666974018046,202.6202239667346
23.156444441676605,120,11.352480693795025,1,0,0,41.84584353322941,3,1,1,1,601.3421133922253,520.7921571345053
53.10210375574041,20,34.51337540928357,1,0,1,52.30637575001243,0,1,1,0,292.4392223739791,278.69418114046215
88.61025268645882,29,11.913231593904863,1,0,1,41.547992622670535,0,1,0,1,349.4065398991814,351.56662358194677
79.8407609043025,75,11.000966804768526,0,1,1,79.00766871813981,0,1,1,1,482.08454468984615,525.2900657558861
123.69576223309453,20,2.2609299906625515,1,0,1,69.23292997440184,1,1,0,1,449.2543138140374,423.27138318157
196.11674427413277,10,30.370420277346497,1,0,0,43.225471421011264,2,1,1,1,507.43867996265783,497.6242035800983
9.126982069271914,20,8.233149736061105,1,0,1,29.92265107541377,1,1,0,0,236.38053021489733,176.82741282211813
41.37735228939952,29,3.013661915714808,1,0,0,0.0,2,0,0,1,306.08960003490563,300.60230459555055
39.190972735864655,40,9.315297382226547,1,0,1,44.15717654948356,1,1,1,1,488.9905964910943,442.36559323906704
143.92557828906732,20,1.8383052302831726,0,1,1,65.83176521522834,0,1,0,0,262.2784466212372,264.6324221928748
71.96381193230816,29,8.668978008586494,0,1,1,56.308707966961244,0,1,1,0,256.13681053150356,325.94414178842106
111.46316401016672,10,28.19412113730239,1,0,1,52.369239795692614,0,1,1,0,249.32570331082277,287.560454553544
50.203070862862475,20,9.664480263861227,1,0,0,46.61103663037594,2,1,0,0,190.54743224810244,227.61789539127204
28.874595489003163,75,4.788043447470205,1,0,1,22.543294897307327,1,0,0,1,284.55494314614776,301.04207432332225
236.80304210851048,40,10.797343008251781,1,0,1,117.39288784897704,1,1,1,1,654.1216297889409,575.8870637753606
42.76992427119269,10,13.61439450071598,1,0,0,29.38740932574714,0,0,1,0,150.74927074034542,174.52164507157457
54.708766290385256,40,1.3002850312017726,0,1,0,53.81833205520807,2,1,1,1,543.3353888001445,511.0925841943547
36.54028235799125,75,21.627422334298764,1,0,0,23.628850968566063,1,1,0,0,174.14745034532626,200.86095306749814
65.83538664628514,40,12.234561850708591,1,0,1,0.0,2,1,1,0,248.42008430519593,277.1128835908429
45.96085091301575,20,17.20729807026283,1,0,0,23.793479568225,1,0,1,0,222.58293052136668,186.41138018803855
92.9461286875311,29,15.049454304130823,1,0,1,49.64802199007217,1,0,1,1,338.9481669954981,399.3223970589297
25.107930978055826,29,5.594635876170182,1,0,0,14.551140145595754,1,0,0,0,180.32494413418024,99.45055202562612
39.00515498138705,20,70.09988476981614,1,0,0,35.321903919355826,1,0,1,1,386.68590082615447,376.5840425602038
119.77181115488632,10,12.589940435427724,1,0,0,36.518786139081314,0,1,1,1,305.2897952368604,438.17583861931234
58.69673491160222,29,17.434130888791035,1,0,0,23.98820515179215,3,0,0,1,330.4405772651507,320.20093608260026
65.32329961045885,20,43.85047031746844,1,0,1,35.50661475930478,0,0,1,1,353.0254127467311,354.6780542235959
64.39577511684428,55,21.449517591695383,1,0,0,50.023871827675144,1,0,1,1,510.8518604124031,403.83845047136697
133.71546627245044,75,3.0872972392426745,1,0,1,68.3320286151376,0,1,1,1,553.3289679796342,512.5790218230792
127.74183782083455,40,5.553305770883882,1,0,0,44.347712732002755,1,1,1,1,473.54317035485946,471.7360133009072
101.3209402170018,40,3.5691684769226426,1,0,1,53.692188868804436,2,1,0,0,234.5839959461413,268.1138859242415
28.51689449606795,10,15.872181042854834,1,0,1,46.03637462057023,0,0,0,0,97.19983222222382,116.16047026708007
42.55739852610245,75,9.799142673939494,0,1,1,94.03954529401238,3,1,1,0,473.7699105546075,406.63031048171604
23.267829527835353,55,23.580265400864075,1,0,1,19.1543448590857,2,1,1,1,376.5572973074659,456.505120409116
78.91872647194161,29,25.757763930349068,1,0,0,34.18077779923585,1,0,0,1,381.89491761423733,301.6933335162938
37.168521968295295,20,11.486322243941215,1,0,0,0.0,0,1,0,1,368.9242797943667,307.8249035762021
14.768973289283046,55,3.4274107789677113,1,0,1,30.13332684700821,2,1,0,1,348.03206953302333,382.5673675465289
203.4000012120193,20,27.79378665908023,1,0,1,113.64115965901097,2,1,0,1,582.2955780555105,495.64415488193424
19.28427399299192,20,10.064113684061752,1,0,0,4.685409952459327,0,0,0,0,47.36182260464644,77.04661817819381
89.44597727186135,29,0.5106043866193105,1,0,0,68.00368851478771,2,0,0,0,145.959730912933,209.2542884093886
77.4980884776984,20,0.516059825634895,1,0,0,46.183029466744976,0,0,0,1,230.30614666326068,292.8969002236025
51.87416390948536,10,6.312480204750189,1,0,1,46.51146493424593,0,1,1,1,431.05804232703497,421.8114289520829
20.15192846400046,20,35.74529792769615,1,0,1,60.089247215728605,1,0,1,0,182.37715293066344,241.85288342955707
71.61669347622158,29,38.78342569971852,1,0,0,0.0,1,0,1,0,121.77768134589357,199.86847055131958
14.80773524589041,29,15.384752241514578,1,0,1,48.58210196387747,0,0,0,0,178.71595894107367,122.77540182985375
71.92581574621609,40,6.240612925291326,1,0,0,17.883944911152554,1,0,1,1,420.98491349902855,367.44604905195376
51.219477258290695,29,35.65970593415829,1,0,1,89.29666415891731,0,1,0,1,302.59072823435116,410.58475446095235
40.68487249891903,20,17.840452573661356,0,1,0,37.3174732970774,0,1,1,0,263.3563763830481,275.0407579074681
49.04786076514507,20,37.68220381201734,1,0,0,18.896317651790145,0,0,0,0,92.61795656557403,98.8713528941937
116.4005802813373,55,31.38444398024108,1,0,0,39.31017575819641,3,1,0,1,492.15550064792444,420.7396771915661
58.61393150762531,29,0.46891538996446835,1,0,0,37.17037768030992,0,0,0,1,310.81232529561186,269.9244608307251
71.1364254568614,40,4.752507465509428,1,0,0,38.49502639087717,0,0,0,1,233.86184614199368,290.64550341308245
27.98372124817256,10,7.843054916355307,1,0,0,24.6746215024433,0,1,0,1,298.6917050533554,310.93269237651447
93.79259604069617,40,8.451262870154665,1,0,1,56.795063862072354,6,1,0,0,377.5403041364968,275.1721728793746
59.64197283790589,75,4.590001973999465,1,0,1,55.07238677097099,1,1,1,0,337.28283843789643,326.39325299918386
60.427621969523386,10,7.8106233521795545,0,1,1,26.65539549118553,1,0,1,1,411.04879170026874,406.98140567398985
24.948510236786483,29,34.44816306359851,1,0,1,16.278559386862874,0,1,0,0,173.27365134413228,155.8952096285734
99.57542193907595,10,6.866221366579735,1,0,0,24.210355554135997,0,0,0,1,290.38610771066,282.1841385773518
138.988525416913,40,9.466334298679563,1,0,0,74.57160126649376,1,1,0,1,489.6300970607462,437.1219401984689
42.43218536243238,75,30.24723480658713,0,1,1,86.57679408755644,4,1,1,1,663.854281277274,591.9859787756932
15.42829947438589,55,54.96932021786508,0,1,1,84.42657598202985,2,0,1,1,574.3253010762414,502.2441776354472
44.126649445708736,20,15.544106938936189,1,0,1,73.27438591320013,1,1,0,0,189.6363467861357,236.56945924646814
11.958412202743501,75,5.743251152286556,1,0,1,51.3456419322549,1,1,1,0,270.64463855501407,311.74235166678824
42.07181602589462,120,11.680994532601446,1,0,1,89.35934066556132,1,1,0,1,466.94100560872937,459.83652605217287
59.568156540602104,10,5.502613113697999,1,0,0,18.28715622147633,0,1,0,0,198.64241949969428,155.4328506991099
48.80801105426934,10,69.00540986595433,1,0,1,55.7102646651186,0,1,1,1,426.6707035868172,430.59143673066563
84.69516699678131,20,5.00295688355734,0,1,1,72.4792922108256,1,1,1,1,515.7899012875025,525.1008293562136
106.00683280390001,40,5.847056838801453,0,1,0,72.49513501514257,1,1,1,0,465.801088870974,364.15128807583426
152.24134946635945,20,13.836023077835028,1,0,1,39.85857722675914,1,1,0,1,351.3873902322539,381.71070214999924
25.158703714400588,120,7.644345307466,1,0,0,16.438053566333956,1,1,1,1,475.32529692620943,451.3428165788942
96.61504449388468,55,37.234208752943935,1,0,1,70.5553866247423,1,1,1,1,447.582775570261,504.564281941724
154.59723786184875,40,12.550779282535931,1,0,0,74.97576613710842,1,0,1,0,270.019045098194,295.39270475536154
15.461520944620936,120,0.23800545215214972,1,0,0,58.25320962838977,0,0,0,1,242.55079376081835,328.20202126935845
68.12620734329941,55,41.895927533031475,1,0,0,12.498716041315241,1,1,1,1,467.68330663217165,427.66381576773233
78.1587559313727,120,45.90232595107954,1,0,1,86.52753306053184,2,1,1,1,544.9253755071181,570.3951369384024
103.47041518616905,29,10.217247994745373,1,0,0,16.887809039244743,1,1,1,0,252.3939419805136,268.7658308570524
93.61377482677926,40,1.8939899966120517,1,0,1,12.806891057030484,1,1,0,1,333.8492612590261,357.27304393009734
15.589319305458474,55,61.142586892440725,1,0,0,57.03766250244908,2,1,0,0,257.3999577132801,248.4385941613969
16.651730940380368,10,6.279575912943652,1,0,0,0.0,0,1,0,0,182.07322574231517,138.38961080657742
32.64860966693345,10,0.9456638833759482,1,0,1,21.002346574452556,0,0,0,1,283.2564759676968,256.63232850986884
17.3363567556762,10,6.275378339065122,1,0,1,26.346389764457463,0,0,0,0,156.03549991550307,92.67771568044502
55.89489412656288,40,0.49156909652076997,1,0,1,77.77907912601854,1,1,1,0,375.6232321305687,330.1497064441875
22.8454791139261,120,7.764236980699059,0,1,0,45.97456015048414,6,1,1,1,652.9194982897037,535.8847867981514
46.588552219545946,29,21.112459573364735,1,0,0,36.18606711802702,0,1,1,1,363.5557550958465,412.84106124099816
2.259261019481372,10,3.9283993325413507,1,0,1,39.4678819519729,1,1,1,0,254.3444184574959,271.9551794884373
51.56936665741851,40,0.34398941525776966,1,0,1,47.733398220854234,0,0,0,1,319.7981588909642,293.7421900511629
28.229664765069426,29,10.438333661920415,1,0,0,7.489637304860587,1,0,0,0,43.34727511935345,92.18023000867979
117.82482903992305,75,20.869050931390717,1,0,1,96.39286397638612,2,1,1,1,557.8166327717852,581.6462645585406
73.23692489767387,40,16.400271171994536,1,0,0,31.593690410397212,1,1,1,0,260.9511843223153,281.77330552774276
41.16035922168577,55,4.799617716950409,1,0,0,66.69280428401987,1,0,0,1,352.14915122118856,348.1586089646249
45.46892692035764,75,8.678363843991956,1,0,0,71.69651992942585,2,1,0,0,406.3527448117728,286.4134968930543
65.34845500746805,75,10.929772340558031,0,1,1,127.64691790962715,4,1,1,1,666.3402380475214,610.418790326423
45.244896005159966,40,2.138216979513264,1,0,1,36.21443525251571,2,1,1,0,248.37006458895394,304.8734122978402
114.69962201325245,10,12.736274929392563,1,0,1,62.33330295800357,0,1,0,0,215.54664750156903,218.83909317234085
22.379313028505642,10,0.26784804722255906,1,0,1,17.98177871271518,1,1,0,0,166.70286729129927,170.04171921139616
202.14209778539222,29,5.469401211445444,1,0,1,84.8701929057648,1,1,0,0,260.1941059534583,306.58404899945475
76.14069493498697,120,10.20399934720264,0,1,1,103.81106013614051,1,1,1,1,505.6816094629021,573.4740549889614
163.0825617663254,55,10.61366272762938,1,0,0,72.36234372973598,3,1,1,1,570.3460722781927,573.9015269420516
20.106272400190736,55,27.013795011459955,1,0,0,29.010446778810422,1,0,0,0,154.47005885532624,132.5012218921676
177.30891030078521,20,23.754645312899623,0,1,0,65.44516334952958,1,1,1,1,589.2129595914141,536.5069312476783
143.2936503991769,55,14.77018141880095,0,1,1,130.57109866444938,1,1,1,1,602.1485177633776,590.9964437049164
64.1900918591482,20,23.51647071355245,0,1,0,71.95009211933306,0,1,1,1,421.7510155341042,493.5559385948742
33.92170829535147,20,8.36574629133606,0,1,0,69.37564656245243,0,0,1,1,459.7180601796361,424.36820806217446
228.22297942636882,40,17.224113817991455,1,0,0,95.09097528050003,0,1,1,1,577.5600557364688,545.5387862725817
47.471171800306735,55,0.34871995045915577,1,0,0,66.72145488596294,1,1,1,0,329.2748210896415,331.99139535938707
24.54123042881244,75,51.2210856978403,1,0,0,37.27053671786126,2,1,1,1,438.3088856596352,489.87256624214797
82.8672485404155,20,7.105212257527064,0,1,1,58.86631837205212,2,0,0,1,426.37255525277743,376.73818851544274
72.35140938275957,55,8.142948837416293,1,0,0,15.98009622563448,2,1,1,0,263.1283607409296,304.28161720171
24.82946009167349,55,9.4604819981594,0,1,1,74.88071980082324,1,1,1,1,557.9725966805446,526.6616074795788
72.49785431721676,120,4.779393915369069,1,0,1,72.56829251463186,2,1,1,1,592.9757794588721,556.1124963586897
29.68687998528501,29,6.462553208279245,1,0,0,32.95905887860384,0,0,1,0,155.80030974026477,183.05677558856848
106.45409611984641,120,43.06718905694574,1,0,1,87.58686992566909,1,1,1,1,577.4908587667585,552.228883149629
77.23622390884024,29,2.5364832661471772,1,0,0,25.484664384712453,1,1,1,0,253.7502124724154,266.7617458350612
33.580015300535365,20,22.20567249407545,1,0,1,94.5830677331746,0,1,0,1,334.5592947054356,408.6455294683127
55.76615493475624,20,34.79579297734354,1,0,1,20.05033936717083,2,1,1,1,486.1501771477971,441.34120214436075
60.021580156517864,10,7.51566926058662,1,0,1,43.39852824254034,0,1,1,0,280.2328634703066,260.73835308219384
37.72221369067761,40,37.59064660369224,1,0,0,23.68887673893228,1,0,1,1,372.16110032851975,375.893060041921
109.31278090673258,20,13.386879824257061,1,0,1,89.1445633384313,1,1,1,0,397.27145763425824,348.6023823247688
95.09522245461815,55,10.34506753753456,1,0,1,71.37132389513238,2,1,1,0,391.5996463031738,367.9645467922756
9.291871995615807,10,8.043834216854192,1,0,0,0.0,0,0,1,0,85.53538985987487,155.60251437487807
104.98942076501774,75,7.7816391300004,1,0,0,69.8934165057279,0,1,1,0,411.03918000749405,345.3011045162393
107.56744179322129,55,11.535561256090926,1,0,0,45.137159481143286,0,1,1,1,416.20602311410323,453.77599497363707
37.68322400791911,29,18.094578040192566,0,1,0,24.7549365198598,0,1,1,1,434.9409773226452,425.8091995141848
19.39664896056158,40,24.456764518918536,1,0,1,39.48512035896739,1,1,1,1,390.76646708389893,433.5435764725907
57.26258466163071,29,13.918070703736449,1,0,0,5.112077925744611,1,0,1,0,117.08075822976234,180.1106988951878
18.872106539594725,75,23.10048752627462,1,0,1,43.38969073745051,1,1,1,0,206.77446275538898,302.3594480900313
133.00990167656659,55,51.20783578628883,1,0,0,100.24489587007594,0,1,1,1,530.6267322868154,537.6012032976614
48.661474648908275,40,24.89867599382914,1,0,1,32.03882714297728,2,0,1,0,324.43961369169153,241.83022910882676
30.94482409656803,10,84.47292109805328,1,0,1,48.06108286567985,0,1,1,1,383.5212530766436,418.33480585161385
2.4512737555060484,29,5.2763004034474426,1,0,1,19.519262155340567,1,1,1,0,170.3931541123195,245.79317202925506
228.89218974571318,40,3.834370478013389,0,1,1,105.20766738413286,2,1,1,0,533.8844737033196,424.77066191817784
32.309709753639716,120,20.77071620712596,0,1,0,89.92899183398512,4,1,1,1,665.9352778369546,604.827199944365
135.97993864626608,29,20.671063410858387,1,0,0,70.37508893397614,0,1,1,1,474.5871726300559,486.9242033832778
127.32659146095008,40,18.361650163149505,0,1,0,66.61450103771737,3,1,1,1,622.4191951180303,560.6803078500263
6.069127306866217,20,6.867726983198218,1,0,1,3.318081031058483,0,0,0,0,86.25217147046347,76.52515042494333
47.893075547731016,40,15.257689980823027,1,0,1,3.3567005161934205,1,1,1,1,362.78857104644163,400.3451255992329
73.77979112476224,10,3.755212731337147,1,0,0,28.30576989809897,0,0,0,0,111.47828378606596,109.2449988458791
93.32588623849895,20,2.9441679829039624,1,0,0,37.87628620760803,0,1,0,0,203.41385142141846,178.8889051295028
80.29116478052937,20,5.373990027523066,1,0,1,44.24521138789547,4,1,0,1,391.6255938996148,404.98081263942765
64.41943988868397,40,3.153077610979184,1,0,1,28.620632067475807,0,1,0,1,307.6781968278009,335.589817228066
68.25283982471346,120,16.585241833650958,1,0,0,54.30929966352166,2,1,0,1,433.00663893288964,446.79714614782483
153.8609516084926,20,6.236191063435526,1,0,1,61.903335533973774,0,1,1,1,528.8898943557897,484.3287455374905
58.04938972755169,10,4.954939964926775,1,0,1,32.371173793801404,0,0,0,1,269.7170486788546,262.9702704242747
43.66321298259238,29,23.572467597114464,1,0,1,31.45660955489784,1,0,1,0,168.7510530851788,209.87589407428007
96.8126504773851,40,36.66848771706176,0,1,0,70.43294194536936,0,1,1,0,269.6491242070015,350.29509885251673
38.26345613834976,29,7.85990083733185,1,0,1,42.39042659718539,3,1,0,1,406.3383229675975,385.9333535691826
63.114049074876675,75,0.7042852541865932,1,0,1,96.54899338682415,2,0,1,1,418.9284848560001,492.6772803708878
9.85073141250004,20,18.253239483459723,1,0,0,29.766370534726036,0,0,0,1,245.10416642379164,256.32219119765705
56.87343506447282,75,4.362119195813656,0,1,0,101.69337140625026,0,0,1,1,498.9531099093182,481.2910511482496
108.93810017039728,40,1.7435241714928067,1,0,0,55.58337449958289,0,1,1,1,492.76146611889635,462.49624313810256
234.41794543656596,20,1.981198637877852,1,0,1,99.70026634268349,0,1,1,1,583.4618725199748,543.9058476430135
112.62858550911768,120,14.39636715469735,1,0,1,116.09246973599235,4,1,1,1,610.6119636960274,623.2715677275529
64.48409138011702,20,11.166305781322828,1,0,0,63.398430048226615,0,1,1,0,322.5697806697416,297.53398464029704
109.70430586917556,40,51.20766066436851,1,0,0,63.71027745011245,1,1,0,1,468.359457668357,416.223631041327
36.81955235131898,29,18.212283403297445,0,1,0,34.524897094463256,1,1,1,0,185.3704935145763,290.61525500653033
48.9948471828414,10,6.58802982037481,0,1,1,46.68433826764539,1,1,1,0,212.6906019251922,301.04321460817596
92.56699008084257,40,3.5420932160018768,0,1,0,37.22832617916416,1,1,1,0,364.2966082953385,307.82131533920466
171.50239512347653,20,13.006860417672746,1,0,1,80.522110672215,0,1,1,1,535.6191992080031,505.1940418961163
198.43813177233056,75,86.2419922259357,1,0,1,101.71668876957435,0,1,1,1,637.1626994311057,557.7962664887301
72.9490007120599,29,12.527241471989203,0,1,0,33.26781004116195,1,0,0,1,309.74848444141753,322.30071282054297
23.44155254812082,55,13.08552555838,1,0,0,64.37058104314144,0,0,0,0,95.9495374340804,168.42967388085452
11.464787347707155,10,0.43396168326898293,0,1,1,105.12374467680725,2,1,1,1,579.5359378866807,561.4788603465578
98.51359306926052,20,18.752303422577487,1,0,1,63.54802194272405,4,1,1,1,581.551008064086,538.4825429153968
58.16617650649091,75,11.882908548335946,1,0,1,45.18808665965684,1,1,1,0,249.74696194435035,309.1390164806847
55.3357406220697,40,25.855411582974344,1,0,0,40.53715145193055,0,1,1,1,392.6166207148294,419.38036034416035
92.64725343226168,29,9.365051079310918,1,0,1,40.041953507888465,0,0,1,1,398.1746094076175,374.4428334704553
64.98333267749263,10,12.036290540101287,1,0,0,33.34362169577234,0,0,0,0,50.028512672069056,115.59554450303267
126.99231730540637,75,1.3077376228774789,1,0,0,98.6720827067038,1,1,1,1,553.3711634565757,564.6494681626483
204.01373014609786,29,2.585244998270393,1,0,1,99.07432566998486,1,0,1,0,335.8123103226522,311.560104698136
15.55012709371885,40,5.274559871908225,1,0,0,14.538001936086497,1,1,0,0,129.910894337017,171.9300688289041
62.66989580098887,10,11.421099458419231,1,0,1,56.81700628594712,1,1,0,0,239.3808343253666,225.0830803528642
42.94991235434549,20,1.4388435305761227,1,0,1,26.13688557261309,0,1,0,0,212.46817138577893,156.4086868366143
141.5142733228902,55,38.372658861376394,1,0,1,65.60418160576927,1,1,1,1,488.13884324192867,518.2637436901101
62.668198210150464,20,47.90222514702517,1,0,0,35.13917965416801,0,0,0,1,226.47640667928863,269.0085760742355
108.85376761090232,55,6.474171057355443,1,0,1,54.98139899477697,0,1,1,0,305.9963257485373,310.9694009989647
40.0250577274723,20,17.986091667091795,0,1,0,51.580514839916816,2,1,1,1,516.8652762804492,503.22246590675707
51.278813093545125,75,7.380069383152083,1,0,1,58.95818052685167,1,1,0,1,442.1288802310567,416.54204146143013
63.65563288432486,10,22.317431577806225,0,1,0,8.596437321435168,1,1,1,1,406.9465260488522,435.58786600987895
184.36400964535864,20,2.078752022198575,1,0,0,53.579219311124135,0,1,0,0,263.93158198694755,223.91907348011668
283.4271275209885,29,6.418605691473558,1,0,0,87.57820043228253,1,1,1,1,583.8507726060124,554.6111084034404
13.830148256887066,75,0.13707700139587842,1,0,1,48.03266605652951,1,1,0,1,322.21436623830635,392.17102062851507
92.38666770128793,75,2.746798940418132,1,0,0,65.42860319663865,1,1,1,1,580.3903471498531,513.9844665781745
49.16310157008805,20,10.344893137866872,1,0,1,52.59930252938186,1,1,0,0,182.98117352781486,220.29871892544236
117.31643832238608,10,10.38278734419299,1,0,0,28.91153902694358,1,0,1,0,258.0998276052213,225.24061407224454
73.19763286132103,55,29.628054544848396,1,0,1,91.41211274980625,1,0,1,0,287.7041378648174,292.5339227435108
100.65569892746979,120,25.836134440273607,1,0,0,64.47711895356345,2,1,1,1,617.7184579312918,557.4483052458575
91.58511392019449,29,33.621164399040595,1,0,1,66.12982732950222,0,1,1,1,433.94759409625954,468.05822687502734
69.51154214655224,20,4.672457090824747,1,0,1,28.0786191451811,0,0,0,0,103.60668753052852,109.18527063762406
128.20259868040918,10,34.22719239259484,1,0,0,22.672611231281923,0,0,1,1,424.5699965030149,383.13846843726964
70.82979748554365,40,7.3576583945961795,1,0,1,61.87350603416948,1,1,1,1,484.5146729592389,484.5051040243494
161.44735693511717,10,7.608197645179932,1,0,0,64.69726168074955,0,1,1,1,429.2581044381111,487.2027522080743
67.29050536105561,10,3.7644956875554767,1,0,0,26.646006955207636,0,0,0,0,101.68208471094826,104.10704365511839
65.98853203057266,55,47.918767380181365,1,0,0,41.82766021545333,1,1,0,1,455.6295829860766,385.9531681006548
98.73914212516492,20,18.587055915376784,0,1,1,92.8961124543003,0,1,1,1,545.6813498355838,527.7863045194913
200.03627132029933,29,13.847617481415181,1,0,1,72.66748022519614,1,0,1,1,486.3883930069706,462.782153265358
16.63752453783975,29,24.88410289455976,1,0,1,0.0,0,1,1,1,272.91305961859064,381.8163195580191
47.26293443764192,75,8.288059008555523,1,0,1,88.66010599920926,1,1,0,0,322.11563025507746,283.3035064899473
56.5615239327827,20,5.18652115955012,1,0,0,0.0,0,0,1,1,450.0267773392186,332.3220041129305
17.840960121126198,29,23.34325887371625,0,1,1,59.771981371547845,0,1,1,1,428.19736194663614,470.6472470974356
69.47085819695114,55,47.67842694131844,1,0,1,77.35297002100062,2,1,1,1,508.0432617070178,528.0622186192376
76.52228801220696,40,9.362118203033909,1,0,1,52.966828578179815,0,1,1,1,405.99443712952177,439.55375227816916
95.00323991765596,20,0.49202058988311664,1,0,1,60.80593953957224,0,0,1,1,411.71034259157994,399.6037112803886
87.6647033167176,75,13.294972418100212,0,1,0,24.91343813262195,1,1,1,1,571.6547263189512,476.204148537513
54.15663393063735,20,4.856159616949817,1,0,0,14.321422268052213,1,0,1,1,289.12520647267837,354.04897336718943
93.2000510427563,75,15.597587786341514,1,0,1,60.64350524576881,0,1,1,1,527.6122224645005,485.41940698837317
41.66478050742883,10,7.991505318213221,1,0,0,41.900176627095846,1,1,1,0,200.84924435445265,275.9644338942199
16.334259303923286,29,0.30947479575358244,0,1,1,69.70594277120657,0,1,0,1,339.5345187443437,400.2739240920378
50.027699413690264,75,1.6373456659422319,1,0,0,47.83528326277519,0,0,0,0,70.94642143919555,146.80363739430956
24.369780185444522,75,27.065379874552082,1,0,0,28.2701747989469,0,1,0,1,376.2946595083672,347.29134604275384
128.22966617597427,40,91.32155010722606,1,0,0,46.88672143013842,4,1,0,0,301.0958707999332,275.33889120784437
12.53252147228694,75,13.091702507275247,1,0,0,10.343303671821758,0,0,0,0,138.44566457163046,107.74410871826566
47.36005822683608,75,2.938568308428172,1,0,1,5.751422943058202,1,1,1,1,375.11339231208314,433.60824257409183
123.65069373617887,75,9.905692426938552,1,0,0,59.72579345268813,3,1,1,1,587.3167084964388,547.0897667200624
64.86788432998863,20,41.98169396969546,1,0,1,29.094851171647278,1,1,1,1,439.73155048158753,429.0555624971426
56.073284721456446,40,2.5461788928303557,1,0,1,87.98890424299869,3,1,0,0,277.0368807232598,286.9745780872626
69.20126148798013,10,28.667365604164676,1,0,1,47.08186719410151,1,1,1,1,483.4851459992993,438.02384502980715
42.05555185363725,10,4.016451876572292,0,1,0,49.41750414164024,0,1,1,0,227.32097202716434,298.435274816629
83.50870137320248,20,3.8691140562626267,1,0,0,0.0,0,0,0,0,91.98357378270188,98.13600896686165
132.64185845102435,29,5.227325211190567,1,0,0,76.97336087589956,0,0,0,0,232.8142043842473,213.0437994965666
171.61905784112102,75,2.11434604994551,1,0,1,86.8720145623009,0,1,0,1,405.6010056437059,458.25285029442216
161.1265408411724,29,13.309023123269474,1,0,1,114.01674642054962,0,1,1,1,550.737663325741,542.9420210138683
71.59628692886608,40,2.71043460258134,0,1,1,107.45861804575162,0,1,1,1,492.9025916475546,533.8233073223204
91.43526157529811,29,0.17022739701687523,1,0,1,32.61324614156273,1,1,1,0,261.2261237236576,274.6964701285156
50.28097632402499,55,4.588688431947814,1,0,0,21.463677859359723,0,1,0,1,352.2386306819546,325.59531564579794
151.66285866545277,40,16.259308651197813,0,1,0,41.13471217619305,0,1,1,1,492.0125596769346,472.08477865195385
45.62162830586171,10,0.11949617755904104,1,0,1,32.516487071028855,0,1,0,0,91.25645247865867,160.86174105931093
77.83059996789486,29,32.44435301301151,0,1,0,48.03652425215367,2,1,1,1,582.93364399351,505.3635322805725
79.89167511550899,20,10.932991654199789,1,0,1,37.371384990793615,1,1,1,1,425.6170225206669,440.4604913508537
57.941322896171705,10,13.571891616614232,1,0,0,24.747430991797202,0,0,0,0,-6.345537739412151,97.26744502089551
9.124938378993697,40,21.830509058851103,1,0,0,42.6364310208202,2,0,0,1,289.3722763280172,331.20931764610543
79.74422135246087,10,7.83500898438781,1,0,0,58.450893983866706,0,0,1,1,408.13867912798145,381.46583761097855
88.46014593374731,29,11.958125603068519,1,0,0,41.687742558771184,0,0,1,0,148.26288412642327,215.92526430794058
38.64164761456454,10,1.861575395157865,1,0,0,18.18704409210623,2,0,1,0,182.84102169797598,210.23553512375855
33.3759497174184,75,21.42685868188865,0,1,0,82.6916673706684,2,1,1,1,604.9437304798241,566.1481190430552
22.65915610363478,10,12.938691265125401,1,0,1,63.82230101994967,0,1,1,1,352.5148784691372,456.6939830467645
100.02409636662863,29,12.155368207799665,1,0,1,66.72207113667406,0,1,1,0,241.21915089494954,306.5610010947297
80.31839238088905,10,1.6534155382979046,1,0,0,23.23367300229843,0,0,1,0,187.44520140699015,181.49828802021486
88.84557166884225,120,8.442582276600223,1,0,0,43.9499648462465,1,1,0,1,476.3401614770498,405.64250943330444
95.72570201439478,10,1.9200560262788329,0,1,0,3.1209842300640744,0,0,1,0,141.9940306669488,203.62096800923223
34.402516161379154,10,3.2247845426087753,1,0,1,43.6023779751827,0,1,1,1,386.411500312141,422.77797979044965
24.984193241071782,10,8.17642594860347,0,1,1,61.3124105719875,1,0,0,1,319.3101494953868,350.0347207596917
128.33945210589857,40,1.2324804027936238,1,0,0,112.65430919514223,0,1,0,0,288.39085843591675,279.90332687273906
49.22231428929022,120,54.379835852450846,1,0,1,52.5373068578186,3,0,1,1,485.6546377862148,455.1629272038017
24.783881900324282,10,47.79792195097409,1,0,1,39.4024139463789,1,1,1,1,447.5406127615119,428.9120222376835
109.56101549647484,55,9.614795339460196,0,1,0,81.77551027318904,0,1,1,1,516.5847985654908,525.5843449690001
142.38622206316643,75,34.58108549978984,1,0,1,136.02606053158107,0,1,1,1,530.6258123959747,564.3503735840349
14.530317005476546,40,8.292774215775317,0,1,1,65.06545221548248,1,1,0,0,351.28363047947477,260.6793133918825
77.86130855012203,120,12.855120932733668,1,0,1,71.1013027968711,3,1,0,1,573.7419351972035,492.00146026997663
76.56990006007874,75,14.282270026321816,1,0,1,65.35273858031279,0,1,1,0,274.031696279079,338.40172888939816
80.83936665323235,120,0.8343835845463915,1,0,0,31.578804049651744,2,1,1,1,566.2433326715512,505.97397044130463
85.58833973605316,75,21.55350799232999,1,0,0,71.28639223670832,0,1,1,1,447.18708515038816,496.905283505246
89.32151185996727,20,4.1701275464616,1,0,0,45.380208828931856,0,1,0,0,184.3125147271277,197.35928606003802
91.65133865386406,20,5.442948042530483,0,1,1,44.74730382435392,1,1,1,1,546.5998277894945,476.55854263397595
120.93735248277694,20,21.043768731579643,0,1,1,61.08164995041472,0,1,1,1,598.9994885404803,500.23562661482333
50.88166982162835,29,18.765719364020526,0,1,0,44.72370836632726,0,0,1,0,230.55281573185624,219.8778933516058
88.62802509878397,75,13.235316840801946,1,0,0,70.39167375221464,2,0,1,1,428.0797524866132,470.83254354953914
23.526596930726427,40,6.661068177205717,1,0,1,57.83957120625099,1,0,0,1,329.55989662368273,324.4784949061209
61.8218923075986,40,29.3657584048104,1,0,0,0.0,0,0,1,0,119.66067371243658,176.4963897354887
215.87327007141246,40,3.62150220141974,1,0,0,57.882463883206995,1,1,1,1,539.9290701243768,501.0605647710515
66.45201609535282,75,3.9215251548359067,1,0,1,115.71551761031387,0,1,1,1,502.1724891487443,528.5183270601195
23.745661814944064,20,62.31258554404752,0,1,0,59.77107719255981,2,1,1,1,538.6670185295933,511.5433330492361
52.475190095839025,40,43.451242002978596,1,0,0,41.54751875453565,2,0,0,1,387.29895723225945,333.38149667867907
22.119225551877744,40,28.008281840468413,1,0,1,38.86877397859699,0,0,0,0,108.98171436565593,123.1072137297269
87.22028655346087,55,59.60663090476394,1,0,1,93.72943525372709,1,1,0,1,494.25455359997454,448.75748869077495
42.04241622614501,75,27.662677549797532,1,0,0,43.035066406710456,1,1,0,0,172.34627104729967,229.6718949314354
33.05857492707488,29,5.066977755025088,1,0,1,20.369252375060167,0,1,1,0,281.0539326560863,229.09722623643418
113.12318193265536,40,9.135649909669683,1,0,1,36.96036573188766,2,1,0,0,273.0298694398508,247.8670892397481
25.03784027536527,75,17.620114861601873,1,0,0,49.88571248519267,3,1,1,1,464.53097997133744,522.4036262715415
38.94004965797441,20,3.6268642996018867,1,0,0,6.257294561585617,0,1,1,0,219.35365529860724,211.3199748963637
82.99562386187485,40,1.2783495148544761,1,0,0,57.25158476872342,0,1,1,1,401.7028087901562,456.31850602340603
312.73370312729537,20,3.5269918047088895,1,0,1,157.20963568570986,4,1,1,1,777.0343238017684,605.7333773966955
35.32762067406094,29,37.67159916791149,1,0,1,19.70432532117849,1,1,0,0,217.46549666611213,187.00869168294767
74.67825347518429,20,31.223913309172946,0,1,0,72.21457316407123,0,1,0,1,409.47675331977183,416.23656706022757
113.5193115309124,29,17.558060934530747,1,0,0,75.64802874468101,0,1,0,0,288.5534503517728,251.50100843260074
96.07222385844358,29,25.466738027958794,1,0,1,50.65910795670429,3,1,1,1,514.0214633731538,507.43973155522514
169.23046362942333,29,14.741716494201755,1,0,0,85.3397626990079,0,1,1,1,496.2169877096933,515.2000111548961
64.20879282306142,29,2.8891736843829685,1,0,1,95.4445098189862,3,0,1,0,370.15739013008573,305.5039085850424
106.76782771782808,55,12.008808812260693,0,1,0,112.85868348693313,0,1,1,1,522.5051602006889,550.0749562411357
224.46435539346484,10,13.548275173265212,1,0,1,64.27958625333507,3,1,1,1,634.9915236096406,554.6889266410241
48.94561451427444,75,18.234732174713486,1,0,0,45.5094910365427,0,0,0,0,131.46163744538998,146.18164672031824
12.316014137309105,40,23.733800470761004,1,0,0,24.668777364608022,1,1,0,0,149.62694953336097,182.01115197799274
28.432086160368762,40,6.017052384461746,1,0,0,17.545039796440477,2,0,1,0,140.85971947891426,214.14127972489723
65.04546643253991,120,5.213337291639544,1,0,0,70.30562980452602,1,0,0,1,290.86578382624464,369.28796672951876
18.40149436445856,55,44.93759445682928,1,0,1,46.3488686466088,4,1,1,1,559.4174091787951,507.2277872751985
28.381563992845958,20,4.629955789917404,1,0,0,8.257886622345886,0,1,1,1,380.80730519989896,386.1340255557613
75.27184848992118,120,6.105674103999909,1,0,1,90.32946595895882,1,1,1,1,557.7238302193001,542.0464027790274
102.38538563178146,40,0.7326161953259964,1,0,1,82.18744188140191,0,1,0,0,275.0814069137419,261.3158302350658
48.41133353933421,29,13.711588780443618,1,0,0,43.40726622041799,0,1,0,1,308.0376430924251,340.4832328737438
45.19314324939884,10,5.562043303684853,1,0,1,22.08517911165056,1,0,1,1,338.8230448438747,362.5488410071643
74.8609283722941,29,15.180948046321435,0,1,1,63.14722641656549,1,1,0,1,448.9318794742817,429.96866865962863
78.04432360314183,29,31.323797892267546,1,0,0,69.14599522249986,0,0,0,0,207.06219821093214,174.40211661225464
21.486256133446858,20,16.74982871869166,1,0,1,53.615683011895506,0,0,1,0,208.40456211823113,213.78476903931778
50.56563435185255,55,26.90766999040695,1,0,0,59.829826938043404,4,1,1,1,549.0191696990709,526.666527518531
41.58081337725772,10,1.5276564592985835,1,0,1,18.999656473781723,0,0,0,1,214.97988624446603,257.47525128327277
67.20882742111932,120,18.969909054871362,0,1,0,92.86143982638663,3,1,1,1,604.4048926588216,608.8550191447023
122.44838185854056,55,35.557263616101054,1,0,1,65.45738190283377,2,1,0,1,506.6382451242881,453.5856392002035
9.426112208728211,55,2.1111811414578154,1,0,0,54.280264387762045,1,0,0,0,146.37974047954276,166.12094426198666
22.77536089785336,20,3.3319236837165582,0,1,1,64.89778488636809,1,1,1,1,461.59328754862634,510.5886133181509
201.3633793507092,10,15.603343901782296,1,0,1,75.128768157223,2,1,1,0,366.55587208345537,377.1076967384326
63.33495429657749,120,27.005207468086045,1,0,0,76.76816497135536,0,0,0,1,315.57663926492836,364.24606923387387
50.10293192259878,20,3.5412605591391824,1,0,0,30.34073101788372,1,0,1,1,405.46502182313895,371.8322151467557
104.00117160154484,55,10.949985631387662,0,1,0,76.3183353697936,1,1,1,1,575.1883971278894,540.0224515238933
71.57206824133782,40,73.60099046144181,1,0,1,79.23751661832291,0,0,1,0,224.42410203467867,263.55293576206293
59.626896838290406,40,33.67218275915827,1,0,0,50.59719229793581,1,1,0,1,363.262386650593,393.3114250990498
170.6353372522733,120,1.2244928493223843,1,0,1,77.42084846530541,2,1,1,1,550.7259775700953,579.6360023767716
77.34825882521103,10,12.860973923395163,0,1,1,72.70032946988404,0,1,1,1,448.34343813028624,497.34930628942413
78.30873098905478,29,3.761153909635634,1,0,1,58.40297125818826,1,1,1,1,460.96461553654575,465.28272618152755
217.70635796070195,10,37.737342493835435,1,0,0,52.07182557731702,1,1,1,0,301.12112693703773,325.6254801636146
41.07364316046838,120,23.108210804572717,1,0,0,59.93356423887432,1,0,1,1,417.9826270422798,429.9149433265667
159.0837177229613,75,18.432983920322584,1,0,0,50.70421534077978,3,1,1,1,483.6671741663955,544.01782862774
67.45581002702676,20,9.045098951142718,0,1,0,58.65761548916295,1,1,1,0,410.98492059294716,332.38650828813326
52.97970575177418,20,17.41785806099635,1,0,0,53.902532430424664,1,1,1,0,255.37801189630932,294.34364452301054
87.8938664393558,10,5.319375879824243,1,0,1,41.85458851405931,1,1,0,0,237.661649668668,220.73196279221904
164.16852033306333,75,62.982865033365464,0,1,0,100.07709291381455,2,1,1,1,614.9278467838045,620.3672235408795
88.75762311426044,55,19.027169413549256,1,0,1,75.16107867256578,1,0,1,1,422.6369855695571,446.7843513367287
158.31566593772203,29,31.097855222591665,1,0,1,53.23604222498372,0,1,0,0,245.69901543190375,227.63572326778885
42.57658703218526,10,7.283268676066647,1,0,1,47.26929277816509,1,0,1,0,202.10684219039894,219.08167846508528
120.94911236649547,10,0.9504888648344006,1,0,0,30.54273909698228,0,1,0,0,153.52911126588793,183.09825536670925
53.78034945828229,10,3.2809427502618487,1,0,1,64.43484110917615,0,1,0,0,218.60481992583001,203.1748334456954
39.585393435233094,40,25.630916722102093,0,1,1,93.52685640070965,1,1,1,1,525.6396984371244,536.5364140038884
135.50743267610795,40,10.6705624133112,1,0,1,57.42865652670605,0,1,0,0,222.9849378076498,226.7256629516763
117.9141959138271,20,7.825442420796646,0,1,1,82.86351539866311,2,0,1,1,537.8320963804148,499.2219253885406
132.12739670111966,29,12.237472449538128,1,0,0,88.60298079076112,0,0,0,0,189.15064185970294,220.4314463263243
88.58889454533222,20,14.168347178406723,0,1,1,104.48530022130788,1,1,1,0,356.16861199862444,373.3327873485077
22.22457485691465,29,27.070899288241502,1,0,0,0.0,2,1,0,1,362.41145276844117,354.14941266224776
210.69341196942204,55,0.0016717546092481419,0,1,0,94.1991956868522,2,1,1,0,420.993371487472,423.2137158375377
76.21533576524543,20,18.49611100952843,1,0,1,35.921401303337475,1,0,1,1,366.7109595930767,382.06070390750114
12.453407826309117,29,3.7007142338784322,1,0,0,51.12986993285057,0,1,1,1,343.468421917991,428.93297865950547
5.628450661444841,40,32.55207015524419,1,0,0,13.256746210373942,0,0,0,0,54.35431146731344,99.11069268062367
104.11082572879818,20,7.06631644586533,1,0,0,10.774781661549802,1,0,1,1,340.2773038874709,374.2402343256224
77.61120439418254,10,15.096392952371941,1,0,1,23.92200097446017,1,1,1,1,480.1609267815013,428.3091414184059
117.7074107777371,20,29.330338232415006,1,0,1,39.0347505458631,1,1,0,0,212.7629548940151,226.03702525793867
132.93485251307922,75,1.5504454418735962,1,0,1,71.0384719243771,1,1,1,1,511.4543141090628,532.4517930626084
4.300678656713044,120,0.19102155936536314,0,1,0,64.16630711518714,1,1,0,0,290.23093149178237,278.08056944428523
41.77744889427632,75,1.8955120338952036,1,0,0,94.64165212683795,0,0,0,1,407.63451771433773,369.3740545639799
110.06803490165593,29,32.49449161802134,1,0,0,69.2679796582527,0,1,1,1,513.8430413264198,471.67404357847573
80.71244119349525,10,6.958899045806797,0,1,0,38.81984616356122,0,1,1,1,413.2989988798435,448.26711032033705
82.17455154165258,55,1.4795668856357522,1,0,0,65.99184167028079,1,1,1,0,349.01563558367144,339.4619575112663
119.27426223046061,20,28.569301561228375,1,0,1,42.93191831829426,0,0,1,1,396.50911404466507,391.0872281931132
21.989367627693767,20,8.513134943477887,1,0,0,74.51782800570042,1,0,1,0,203.8700287737593,249.29850921136847
162.1001264832764,75,9.15247255425695,1,0,1,136.17603186520282,2,0,0,1,573.6448024711337,444.9190617861913
146.01673877921974,40,3.662353865618488,1,0,1,64.42818017854727,0,1,1,1,419.40571546941675,490.042365225453
141.6408549309757,40,2.6758513713764165,1,0,1,85.66045398559977,1,1,1,1,575.7679937672798,530.4485838817255
120.82132261123036,10,34.72746216368018,1,0,1,9.473810153477515,1,0,1,1,399.30553182558737,387.31925875333684
26.246364482385633,20,51.029631268294345,1,0,1,19.0042353550412,1,1,0,0,139.7867491159133,177.60316314036191
71.2673738959421,75,40.00274169052973,1,0,0,73.6114253018509,0,1,0,1,429.51319204988727,421.80100054236
27.5742840049653,55,29.86339041562017,1,0,0,30.074820216096896,0,1,0,1,306.886973358632,337.4925987539166
44.94822087261109,120,8.98320575586094,1,0,1,43.974352764406696,1,1,1,1,462.0464849681903,476.4322408967527
116.10952806209173,55,67.77608463037974,0,1,0,21.4030205381844,1,1,1,1,491.90822303502415,470.7506773159725
42.34124285894551,20,18.37927282547057,1,0,0,30.518571311995917,2,1,1,1,422.45509346914747,448.7620973337038
21.859731849547337,29,14.339519258072919,1,0,1,67.29686845062375,0,1,0,0,271.03049597207473,207.7045130735873
30.384571991337474,55,20.14352778958268,0,1,1,57.18861670479759,2,0,1,1,463.8276868257358,457.6820886853314
18.308766529262407,20,3.505867404319962,1,0,0,0.0,0,1,0,0,88.78849268419941,138.27131852523664
113.2646560084331,29,14.885649741103125,1,0,0,65.84301194510721,1,0,1,0,251.48341922714178,271.1712155522848
198.91350060066094,10,4.517906823714169,1,0,0,93.8418045462759,0,1,1,0,374.9095850479964,376.0444107464637
34.13657881512964,10,24.93011000162522,1,0,0,9.31394049959048,0,1,0,0,150.13467029503283,146.27373893206612
101.22063092344513,10,2.7887442432627085,1,0,0,38.175911980305685,2,1,1,0,270.74184712009463,316.1726678685865
160.6006789107216,10,5.710440712562358,1,0,0,82.82562554391444,0,0,0,1,283.3519775865809,371.1825633436339
20.913721362085816,10,8.583989906831977,0,1,0,40.282879204906514,0,0,0,0,131.94309711941514,136.50808626198446
66.03700964212334,75,3.55086183222598,1,0,1,89.02749135151699,2,1,1,1,530.2534904687122,554.7528220434776
45.241828962583654,40,22.08244424726851,0,1,1,63.84030972879177,1,0,1,0,303.55946469637547,275.4284054751972
8.304735173975534,10,22.870470668312958,1,0,0,25.298832715642185,0,0,1,0,91.34794577599703,166.65021354197302
33.05765340888968,40,5.167645771132978,1,0,1,68.26664656569625,0,1,1,1,409.8509157095467,459.94428939107206
155.371317682615,20,4.215620596000681,1,0,1,65.32088860324106,2,1,1,1,554.8449810974064,532.6622750750884
82.77379652785976,29,4.279091319843285,0,1,0,67.9477076263345,0,0,0,0,227.82948832710014,196.69819441754382
107.68513218777454,10,34.58603018062453,1,0,0,52.09837582713633,1,1,1,1,449.8368773429548,467.86489014689005
129.3148727796154,55,2.056330105389101,0,1,0,64.0931198057118,1,1,1,0,267.0880460277759,370.7262583742111
106.23437038550887,29,13.071321880190423,1,0,0,50.27001272396772,1,0,1,1,472.74905534107285,405.36737399848073
87.11689998534085,75,5.1887042494743465,1,0,1,75.70297970395688,1,0,1,1,405.85434254659634,458.743006575756
81.53280295575794,10,28.03265952347628,0,1,1,80.68773161713119,0,1,1,0,372.6147931671521,346.16309215236896
106.90028901715297,20,0.5540182416717823,1,0,0,29.70380946590776,0,1,0,0,139.59537633592288,179.28383625093608
49.69772918563097,20,6.740638960941175,1,0,1,15.889775764450377,1,0,0,0,65.49951645491205,118.51044577524114
268.77194633609514,40,0.9895446897925907,1,0,0,55.489047469784595,2,1,1,1,532.8409369630945,514.6429033428614
43.615427225751965,120,14.709384696387326,1,0,0,42.11176417762977,1,0,0,1,352.1775087237076,321.49208098051844
111.67530406959855,75,10.324443248967048,0,1,1,44.03021934178528,1,1,1,1,402.1918524731895,491.17041083165446
84.57606994821379,29,13.82179667748544,1,0,1,49.029992494638535,0,0,1,1,299.7808804657028,372.0547018132158
123.57351179813256,10,11.439936165835764,1,0,0,35.310230369614985,0,1,0,1,361.0755796569471,352.7552273066852
56.65508211504963,20,3.590753913245449,1,0,0,69.95041040301864,0,0,0,0,172.2513363067588,161.8974329203916
36.1999043946695,55,9.11824770412001,1,0,0,13.305819743154693,5,1,0,1,519.1690879868493,379.0138401163935
117.8130799356899,40,3.7773685601228126,1,0,0,96.41120805342422,1,1,0,1,387.6956494527483,464.22916964128194
69.26236312560131,29,30.379935170675243,1,0,0,44.855643132227115,1,0,0,0,201.25029996829215,157.83033886486172
54.86119283294586,29,4.922301459366323,0,1,0,63.59874767047686,0,0,1,1,384.3598492241189,422.9639790015745
114.17349232856265,29,6.0018586825752145,1,0,1,69.59458617064807,1,1,1,1,450.5174811838805,498.627583295934
59.06524219285043,29,0.9549409655185981,0,1,1,52.745679004007364,1,0,0,0,249.23985453885732,181.2861220195506
92.21535318179849,29,19.168232271285554,1,0,0,23.994094183004048,0,1,1,1,440.4138361749031,422.61344003304214
47.29074999356321,55,8.270424873257069,1,0,1,85.61674966390308,2,1,1,1,522.5044460764572,536.2071438736191
156.33117892464085,55,14.927537192688234,1,0,0,55.04367746322119,3,1,1,1,516.8567911960807,536.5734343986911
30.058531342000197,10,27.578028684401335,0,1,0,0.0,1,0,0,0,113.94331016928358,117.2652127084938
142.90884593448007,20,29.556673233887082,0,1,0,22.526611781018943,1,0,1,0,203.3533766993079,244.7204219997554
22.33300161048124,10,29.442083629113537,1,0,1,19.635660704040973,1,0,1,1,349.34379214247565,360.7156524526918
125.29333178826741,29,11.607819952764128,1,0,1,80.74202574411295,0,1,1,1,607.933466348746,496.4048580485657
19.899753425788976,29,5.594361207300505,0,1,0,54.06746492610927,0,1,1,1,456.24648561802513,461.89641684111217
56.61432909289246,10,11.032964078453029,1,0,1,64.841713105026,0,0,1,0,324.6697727229757,225.11920983170592
116.12747498816076,20,27.953616739543254,1,0,0,48.057124259302654,1,0,0,0,209.69815224645117,171.6875910268916
37.13530328059796,20,6.25551386813089,1,0,1,33.61013404241912,1,1,1,0,207.35363243452034,259.58114284724024
300.87718002169294,20,20.616438282067783,0,1,0,83.04142213636594,1,1,1,1,567.5856823515257,556.431298815572
29.47426478463545,120,21.426527975371815,1,0,1,76.59847038005852,1,1,1,1,574.188609624632,530.7450763359775
65.92126960225043,120,34.43918232406359,0,1,1,104.9303162442586,1,1,1,1,586.611616898471,574.6356347565156
103.48917582759837,29,16.743875665969984,1,0,1,68.38312854381769,1,1,1,1,511.1339801148566,496.17351168466433
90.82533026225045,55,3.203659332361435,1,0,0,38.63445120735736,0,0,0,1,254.51046440175452,304.22444572087676
109.82406236291855,20,28.198855973217505,0,1,0,81.9424883789734,2,1,1,1,480.1590699040969,551.8578009385724
66.77560761612666,40,1.693753750542256,1,0,1,30.78092570109125,1,0,0,0,244.92277967078778,144.16419631024107
84.62897140178075,75,13.782216232497506,0,1,0,18.26612778308221,2,1,0,1,407.5057157545124,405.54390216980767
89.22560671318371,55,1.906112085510698,1,0,0,42.79736368735235,0,0,0,1,254.5000231641655,307.2089476042792
39.72216861514062,75,18.455037277113995,1,0,0,46.01297441822635,2,1,1,0,369.5189793745542,333.8275166284658
27.671850626423723,29,5.148492755340269,0,1,0,65.77443842171317,0,0,1,0,224.75924815543607,261.4382166173764
49.05921119290142,29,7.977110778877739,0,1,1,75.88765168569108,1,1,1,1,523.1710133211099,517.5263746346777
15.65227990118664,55,0.11555580291707838,1,0,1,75.05731892004196,1,0,0,0,273.7010616597714,186.28221438440278
89.83441772565516,20,27.27306033832708,1,0,1,79.35994310462155,0,1,1,0,294.6138178799559,319.88725707273534
238.3378619008196,20,5.514366800535905,1,0,0,106.77594690520914,1,1,1,0,464.2848596087393,396.15404406662066
119.77998954793684,55,5.581657529928882,1,0,1,66.45111205918886,2,1,0,1,368.59884483891665,452.1758889442559
144.7019604741825,29,28.08617417077048,1,0,0,51.677289560744256,1,0,0,1,327.0297559590934,343.48392111140356
63.68678977488692,55,1.4705059382526384,1,0,1,73.50686911307581,0,1,1,1,439.9956013874763,483.26518435232157
157.0065742993505,10,21.04777470247783,1,0,1,9.183616483953877,1,1,1,1,453.3498222634869,433.8886341637532
219.32872321087368,55,5.932613700517076,1,0,0,77.55970510597562,1,1,1,0,390.26922013141416,381.0418048839654
47.754302024749585,20,22.148068110501377,1,0,1,7.733899814249909,1,1,0,1,334.59697457800445,336.0022123093021
66.4848074235405,29,0.5253064503297017,1,0,0,36.42389918225386,0,1,1,1,411.259280539757,423.8082523397071
63.71198003203387,20,28.37381620420446,0,1,0,66.37285180838789,3,0,0,1,471.2321804424489,398.2151100330337
56.08438046233626,120,8.882171973914167,1,0,0,69.72121514242217,0,1,1,1,507.630444370713,504.59168417723276
60.762516217184924,29,1.5830382703393717,1,0,0,24.111705452026726,1,1,1,0,272.28924917994226,257.4816092268091
50.75374663683843,40,76.47871086877073,1,0,0,9.682127579706748,0,1,1,1,406.12886341374474,392.9039297128218
193.41179227277044,40,13.622719021444096,1,0,1,106.27708675340078,1,1,1,0,452.84966535572096,399.8649326046449
79.88025599143512,10,13.641327418780019,1,0,1,58.4552274642817,0,0,1,0,224.0321443662285,231.1483142487352
51.831125816688946,40,7.989669808624264,1,0,0,43.701789800945015,0,0,0,0,103.82474674486679,132.06558517722004
99.78746134264496,29,8.824152407208832,1,0,1,31.723890336189783,4,1,0,0,327.95913838187715,243.27360510093237
34.22178753472195,55,4.500901636488584,1,0,0,3.9813516278366166,0,0,0,0,139.71298400625645,101.959824886994
97.69412027045301,55,18.454229371156377,1,0,1,62.36942760240533,0,0,1,0,195.99729191040677,268.8730006460696
40.60641330228982,29,28.984683267131707,1,0,0,26.4202229265116,0,0,0,0,60.325782299652005,102.19070824982605
76.05640861794397,55,1.529171161671654,1,0,0,25.759177717860453,2,1,0,0,193.636649971534,233.95554709462274
54.06570088417606,10,42.80861214286765,0,1,0,69.48429879025142,1,1,1,1,464.87103929345074,515.8087676767758
29.40044078307609,55,30.306003338362352,0,1,1,73.10795681530924,1,1,1,0,437.9496467454406,357.0708746439496
11.609467094886513,20,1.758554700744454,1,0,1,35.15127190950829,2,1,1,1,424.812036846717,456.56473262626173
27.830947098187096,55,43.839853533449926,0,1,1,78.48990169676914,2,1,1,1,590.6861861586108,546.6370252554032
71.88507785986721,10,0.6669730658636313,1,0,1,65.79245341329043,0,0,0,0,154.95635942483827,155.30733383410302
107.35942951251167,75,1.1787427013555283,1,0,1,76.17838928959306,2,1,1,1,571.8105092464034,548.9000756045458
84.24080732912277,120,2.1064473118432967,1,0,1,110.3857075232637,3,1,1,1,689.2351189530567,610.584915298443
94.0490454528333,29,25.206468690341595,0,1,0,62.295782024857616,1,1,1,1,513.4837845448283,518.2879784000204
21.10631511169468,29,4.9411380720413085,1,0,0,29.14772315387471,0,1,0,0,103.39489578594689,159.7151397096772
73.74710927767217,29,9.965519461070409,1,0,0,10.94921321143304,1,1,0,1,283.11478964182675,344.8627919132528
69.23357776258386,20,6.283595984617558,0,1,1,56.259898551291464,0,1,0,0,184.1925431649044,240.48382676924473
213.76818303543854,29,21.898215634927958,1,0,0,108.97310522240141,1,1,0,1,526.4370789442587,479.2001391644514
35.987800872558516,10,19.486482698738744,1,0,1,48.470116008099,1,1,1,1,451.70489111030827,437.81229941751985
35.50768578302942,55,3.009334136931873,1,0,1,56.313730980365705,2,0,0,1,373.4152840386045,358.8815855266294
61.78397661138275,10,5.827654601854747,1,0,1,64.00920418224212,2,1,1,1,490.704661963154,506.9730258143131
66.75804108455313,40,13.617808176430064,1,0,1,40.632248732735114,0,0,0,0,177.17462750255626,134.15188623947853
34.084357856125045,20,13.780360755744038,1,0,1,52.14420995592131,3,0,0,0,136.29562591961138,183.86446953116814
41.06323549294221,40,5.621341237363931,1,0,1,32.582344721864736,0,0,0,0,131.33198939071107,119.93455483036206
53.25067926858574,75,1.4516203086631583,1,0,1,0.0,2,1,1,1,440.6163900408145,462.73752252334594
134.00240860961705,40,2.2087214149196144,1,0,0,62.805068119697964,2,1,1,1,526.803209835927,527.1131594779207
105.52429896088748,20,9.91721841310909,0,1,0,50.37272344257708,2,1,1,1,461.31237437837615,514.132240839376
51.10969894789376,20,2.249682414228493,1,0,0,44.88309682859561,1,0,0,1,290.24945626944,294.82087757094985
65.96290687171529,20,1.5735039511622118,1,0,1,33.15586179777965,1,1,1,0,369.3140855401224,265.9021810992132
82.30623100390402,75,0.9634837471612755,0,1,1,67.02010356403285,1,0,0,1,498.9959894019772,385.4998686346601
50.905501294818606,29,8.811033911322598,1,0,1,43.643076211799986,2,1,1,0,283.8106140201409,314.00974103946845
45.10777738053897,20,12.398558432988683,1,0,1,67.27512042322812,1,1,1,0,325.85228106933874,307.4817028102936
120.31672916743568,75,0.8688380683715147,1,0,0,44.28530993679715,0,1,0,1,379.7554450267839,382.11546064557734
30.330432271505508,29,3.2780981449938063,0,1,0,15.423559621245126,2,1,1,1,389.80185789246707,461.2194137747887
127.9310307937113,55,10.760958300883297,1,0,0,94.16163251574896,0,1,1,1,409.48344632605307,531.0183450806459
5.1833805181968255,20,8.052985365695134,0,1,1,34.3081552107797,0,1,0,1,337.24889159158766,352.82262891330885
21.060933514764407,20,5.9387998170497145,0,1,0,68.70008273073883,0,1,1,1,493.58076552852117,491.67719606653236
49.47038008234403,55,20.698719476939104,1,0,0,67.46031221712599,0,1,1,1,484.70799657077737,475.77061465222806
91.70931605620055,10,22.51694675124022,1,0,0,8.853517516974534,1,1,1,1,343.5196948698784,419.290278311783
131.90152766726442,40,39.8879088590142,1,0,1,97.29628339239753,0,1,1,1,523.3821031953511,523.8979565428609
82.80458191174381,20,13.959433666485705,1,0,0,11.137038033182645,1,0,1,1,285.17781102158483,362.00015165818877
14.874888244346527,29,26.47391118543155,1,0,1,76.30266477872976,1,1,1,1,478.04853025325633,491.3691520393275
139.5624748926387,10,0.7307861608809397,1,0,1,85.45304610730659,0,1,1,0,270.81483817161563,350.82548373499776
67.67628529528173,40,0.9732046119179963,1,0,0,24.79170959785672,0,1,1,0,262.9417819917275,246.0904359718164
61.93230659573246,29,3.356282213398094,1,0,0,37.10211584862148,1,1,0,0,192.5463631929127,208.29026735822748
20.825164055050955,40,1.7467374150761967,1,0,1,54.53774166993665,1,1,1,0,302.56402005102956,305.37809573881106
114.87539365460742,75,7.883784807632623,1,0,0,59.65442426817445,0,1,1,1,495.0694840862407,486.10984370822075
71.86230613346459,20,41.224318401426245,0,1,0,65.34415690336861,2,1,1,1,506.8587891247484,534.5030417338825
75.23344539807869,55,21.768360654314876,1,0,0,9.537498194094333,0,0,0,1,253.42305860067347,277.9760226385757
38.02733005461493,20,61.31140220196576,1,0,0,59.858926057754466,0,1,0,1,291.0253901690882,367.98394692706336
36.21899526085985,20,12.375921511201849,0,1,0,40.53763725554905,3,1,1,1,603.8875343678255,496.15153358011827
10.860183278848602,20,2.0863631115506536,0,1,0,49.32020217283622,1,0,0,1,365.5052959078268,322.4974605806632
20.37526083504094,10,14.763595831225707,1,0,0,41.60362763412341,0,1,0,0,143.8118351494303,178.19417347015073
10.791384650500717,40,5.25610776772889,1,0,1,18.795378067071457,0,1,1,0,152.23613347044903,229.094957825368
74.29371675204096,40,6.925031617508561,1,0,0,63.434820438287844,1,0,1,0,179.99849520056821,260.2431720397877
80.14348820361323,40,5.280108297783733,1,0,0,52.22388593302293,0,1,1,1,473.6045694920249,440.93606646569214
24.538415107103233,40,13.936039821815497,1,0,0,23.502425174395597,0,1,1,1,342.06621412003244,402.16823531742887
35.66307286016927,40,39.097538440849384,1,0,1,72.25131862651199,1,1,0,0,253.39569795047782,247.1068568778345
334.6327009938089,75,9.777845278855628,1,0,1,167.85241381128512,1,1,1,1,763.1340479577183,588.140396781131
55.47154697180506,55,0.07558893522266427,1,0,1,42.62784333223806,2,1,1,0,201.64908459312784,329.26606342560757
82.77079654166361,75,4.155903970292787,1,0,0,49.43551030750039,0,0,0,1,315.20247436391463,322.2027160817759
26.72461993189353,10,39.492515601166055,1,0,1,9.722122026644435,0,0,1,0,91.61602345281747,163.88185414800768
98.49919994033137,20,20.812725820046797,1,0,1,55.700406817886176,1,0,1,1,434.4133430051821,404.87576070115944
19.018631483407276,40,5.014927610202896,1,0,1,0.0,0,1,0,1,342.2688643202333,307.935789791879
47.4288361210509,75,3.1941523310073583,1,0,1,62.37103511389882,0,0,1,0,196.13074164525366,259.8320206120037
27.216143225842753,75,0.8564145351861601,1,0,0,38.081758868827684,1,1,0,1,302.652437375602,385.63581009859763
59.85398814015665,75,15.097768491974817,1,0,0,68.99786587087902,1,0,0,1,342.71229995718954,363.9561822261152
18.214090374129988,20,3.1812406791335053,0,1,1,65.90102469768225,1,1,1,1,504.9588662482717,514.239588306607
130.77762711716565,20,1.384438372218011,1,0,0,50.10240583852029,1,0,0,0,169.94327482426255,179.8378750597489
47.11574253137522,40,6.306285157210675,1,0,0,45.14255796310833,1,0,0,0,94.9902698758458,151.44651173098094
93.49548395453894,40,3.927479909826655,0,1,1,64.2178596294285,2,1,1,1,535.9648108939367,542.2947160975228
46.35491563896164,120,3.554194527788619,1,0,1,107.5436139799771,1,1,1,1,504.35509142971426,549.7077948161896
101.30227072764453,20,1.5623292882933901,1,0,0,35.35394989576763,1,1,0,0,208.8383229095464,215.9360513801286
31.220116091090794,20,13.828823603248162,1,0,1,80.350649234109,1,0,1,0,258.4472430374442,256.6716503024772
23.03845621235909,40,3.342056996936892,1,0,1,8.434719001834694,2,1,0,1,429.30621598005865,360.2008308844751
44.42611576437544,75,3.648778318793911,1,0,1,77.60266502870321,3,1,1,1,522.7176922186178,566.3416174909028
151.61923120394655,40,0.5906417869110532,1,0,0,75.07027723998107,0,1,1,1,481.287849416657,497.74590019918776
12.128351087633188,29,15.191471663773715,1,0,0,26.445167534501092,0,1,0,0,136.09364376563605,157.82735506607844
34.276027060587495,40,1.2563646807231343,1,0,1,19.41739063269504,0,1,0,1,296.5087667026884,318.64239335099853
30.498480485951376,29,0.43361271186331485,1,0,0,71.1212419941177,1,0,0,0,169.509929888423,167.54620661469127
29.596712884682308,10,32.17603319291536,1,0,0,0.0,0,1,0,1,277.58310765484487,307.6410767812293
58.00173148181923,10,33.07359318148017,1,0,0,15.047575022616446,0,1,1,0,260.54763222547354,227.20214771350328
81.987736775808,20,29.197143942683812,1,0,1,33.298582124266545,1,0,0,1,293.77890610886817,300.1427504622859
68.97468265835067,75,29.214686009129117,1,0,0,52.56904463664744,4,1,1,1,588.845554149305,539.8518383976849
129.73194776829507,55,8.132473257327092,1,0,0,51.43358886108101,0,1,1,1,446.46431674732065,469.7065905158453
69.49469096214253,10,0.4911298300692423,0,1,1,53.68067379296363,3,0,1,0,362.62821702417466,280.3389861586217
175.65042244641867,10,3.829721933923187,1,0,0,23.021638646769432,1,1,1,0,391.70676816854564,286.60133661210864
145.9856140373356,20,7.173388512672977,1,0,0,17.650934003721233,1,1,1,0,258.9702319575085,278.9554312357119
172.67553867640706,75,25.389480840040594,1,0,0,68.4845944473482,2,1,0,1,424.02138209121966,476.4223144033554
159.72407175280776,75,6.270755677338331,1,0,0,85.73021454812421,0,0,0,1,362.15957431527244,395.02886349301593
20.80075754104819,29,7.797709692600295,1,0,1,32.87431687804835,2,0,0,1,325.1264536523293,314.63835670163604
131.4828381084931,40,35.66510645243548,1,0,0,17.910189684375922,2,1,0,0,137.01784673584496,236.55545402151844
46.7957627744034,20,8.624235266916536,1,0,1,41.692949039373886,3,0,0,0,202.03015856851593,176.11021988353357
84.529840645001,120,4.316100860517448,1,0,1,115.07464444218292,0,0,0,1,478.7294209739888,386.2455789319109
5.668534204846686,120,14.98706095960683,1,0,1,75.7421456455921,0,1,1,1,461.95337019524123,508.5753559075554
7.133235530162667,40,2.4865313418516126,1,0,0,41.068436504603795,0,1,1,0,281.9484186735973,266.844183897318
64.40144196522698,55,4.939513434376962,0,1,1,65.68916117756329,0,1,1,1,438.83901263442544,505.15505864661714
17.680572280036486,29,80.5642728361171,1,0,0,0.0,0,1,0,1,228.76917007034632,310.44486963437436
95.36484857008688,10,24.488095237497003,1,0,1,43.764842645005956,2,1,1,0,332.03073398347135,320.95261899413714
18.1557067922959,29,53.00797160284757,1,0,0,12.112603459140175,2,1,0,1,400.59347541144854,358.2844242173414
79.77870906721266,55,1.313879178755591,1,0,0,86.26220462952594,0,1,1,0,418.99453198611104,345.13589969806986
54.13972269570639,20,46.84855880815324,1,0,0,9.69916839013808,0,1,0,0,123.80655708714161,156.07608143515287
32.367116376222256,20,1.1741878011613727,1,0,0,43.54116754379429,1,1,0,0,258.40843694163976,206.17263991160746
184.39477513480514,55,2.046197161469641,1,0,0,92.09679470981547,0,1,0,1,461.9757440339145,453.2211617810381
90.99081217575795,20,12.181740813023787,1,0,0,29.50132590792143,3,1,1,1,495.1997908711231,474.38348766605475
28.916599963824716,29,1.3766633255583935,1,0,1,32.95246207760756,0,1,1,0,216.09734374027258,242.57719102249854
130.4083065713511,55,2.499973650196979,0,1,0,50.15992835315882,2,1,0,1,508.3138318473687,440.40039022190416
133.5817339110232,29,1.0401342528646866,1,0,1,82.15047081271453,2,1,0,1,459.13764440394283,472.17903105093563
83.02024043364294,20,1.8650711071298534,1,0,0,16.625181898262557,2,0,1,0,181.64329369199118,225.47406126457466
34.48748655056083,29,96.0,1,0,0,15.373879854378531,2,1,1,1,342.4403247845684,437.25770575713193
40.88650765320094,75,0.5045267914739846,1,0,0,44.67741305965854,1,1,1,1,455.30476786074166,467.0358000977378
173.1177454372068,120,11.326889356594188,1,0,1,84.62455748354401,2,1,1,1,532.9314846298088,591.4812563507555
24.112792195933782,120,4.111016073976936,1,0,1,87.24910935564401,1,0,0,1,375.59422542712656,383.52274909777225
54.47086346036017,75,25.607178624259628,0,1,0,59.100613606234376,3,1,1,1,559.3507215383905,546.4277592034313
87.00716103180041,75,2.3447285352815697,1,0,0,75.12638563032888,3,0,1,0,366.8614886863959,329.42548088681406
55.205871950823365,55,39.33850765243034,1,0,0,62.38103646146236,1,1,1,0,313.69648329760815,325.2116257046486
30.011840631094092,10,1.6824762276083711,1,0,0,21.71749272453315,0,1,0,0,80.33087192373986,147.7278082710711
18.336194548590132,75,4.471228918545454,0,1,1,54.63776646275362,2,1,1,1,526.0571523204577,520.915198118291
66.55077527720971,120,4.320160088032363,1,0,0,50.99509886178839,1,1,1,1,484.189000121977,489.9479588622716
37.98194954184339,20,30.366143502178385,1,0,0,24.408469786807068,1,1,1,0,233.89989466648979,252.6329462283937
35.38794337590962,120,2.512335462925462,0,1,0,70.82970429630576,5,1,0,1,629.7661551998472,490.3011824829466
71.5082065785539,75,1.3780505972942012,1,0,0,69.13224487727754,0,0,1,0,215.17747876620888,271.54334472589926
279.4163507013517,29,18.857218546924482,1,0,0,75.36385350475469,0,1,1,1,502.47868090556557,518.7304493808102
65.81618144874828,55,7.100825582624201,1,0,0,39.77264647437755,0,1,0,1,333.0843468637403,356.7097328342177
18.8533616603767,40,5.92994170200902,1,0,0,35.70289230571242,1,0,0,1,280.73828998562766,295.289766110144
95.65104393989927,29,11.467901835060427,0,1,1,53.95121697242273,1,1,1,1,482.2008276548497,498.18249935182666
40.92847824606756,29,13.229430700592149,1,0,0,49.707244553541265,0,1,1,1,496.4884839545814,424.46625379103733
42.81852345830815,75,0.6447641383977942,1,0,1,53.29310363051919,1,0,0,1,370.3264752596348,327.21010015405807
89.71498660977547,20,3.701853244644919,1,0,0,42.17402227077933,1,0,1,0,216.7674625076617,227.50964081121018
52.49186662548678,55,13.473453481264512,1,0,1,58.01305631388404,4,1,0,1,480.71643523000387,435.9291985099613
117.15998937677323,40,13.89624640574039,1,0,1,77.21676410974547,0,1,1,1,401.5605824547108,485.3518618630953
227.43157338294688,29,30.28812143232428,1,0,1,102.51794250717649,1,1,1,1,552.3664007058138,563.8958803665117
43.85401118140794,20,20.735962340680857,1,0,0,14.486747732902053,2,1,0,0,126.74624490504024,192.08144444470105
27.674378836796265,29,3.4088233746707077,1,0,1,38.900724462113345,1,1,1,1,564.4538477684749,438.13141299137254
7.556712474221977,75,14.80901885396292,1,0,1,68.98820843505595,0,0,0,1,291.7228703559098,349.01292353024854
51.607710285824695,10,8.479726399660091,1,0,1,27.9611170128113,0,1,0,1,267.7473767977276,318.16878849654165
45.31798795240467,75,2.791806291501114,1,0,1,46.34646134953917,0,0,0,1,348.3302827908953,300.9017305340408
53.63690033776923,10,5.387340631106126,0,1,0,75.37396639892711,1,0,0,1,395.10829666782564,368.4874419291625
50.70566716673139,120,2.1135228370084054,1,0,1,74.62450974983453,3,1,1,1,463.1855152018456,580.216706918248
17.561656292022363,120,2.227166676002308,1,0,1,89.73420026152476,2,1,1,1,606.5577258005111,561.0208194315883
35.37145848299146,40,22.41798958047096,1,0,0,56.24482852958516,1,0,1,0,274.3587746797084,244.27548808513043
121.0231315496514,75,17.285931176976337,1,0,0,66.86529002806876,1,1,1,0,288.4128547837239,364.7177374756841
95.84462458869825,55,29.717077035414217,0,1,1,81.05802966765556,1,1,1,1,534.1859680087347,538.6683690128322
25.553573542795384,75,7.413108541785579,1,0,0,0.0,4,0,1,1,333.3854853116349,415.5640987414424
118.13390446236706,20,45.31183211423217,1,0,1,61.85619993584438,0,0,1,1,421.03040060445716,416.45886343764664
44.2952982063325,55,29.781115933301383,1,0,0,20.470171680032028,2,1,0,0,185.3702504437353,211.49055082790017
94.28759244965572,20,22.291969379694994,1,0,1,49.81749083846789,1,0,1,0,235.75578354731633,244.45317678433165
82.03610693805729,20,32.05754342790127,0,1,1,61.18624265147633,1,1,1,1,528.2075401750326,512.0809024517254
54.14463227845399,40,15.894924899672645,1,0,1,66.65503277481096,0,0,0,1,305.5553017104783,329.44465388466347
67.00653977836457,55,55.335866559737056,1,0,0,45.52913261866755,0,1,1,1,421.69214962632395,443.66804140778083
93.8796305845414,10,18.174367009739232,1,0,1,38.358926598543285,0,1,1,0,288.25950247051077,266.282927302148
35.28822931875398,29,20.594807290068598,0,1,1,71.90815717624184,1,1,1,1,501.867188098762,516.63872972917
40.169558246390025,20,51.02989391265009,0,1,1,119.58645132650733,2,1,1,1,548.7685191559998,566.9805785921259
91.7349707561181,55,0.25616585636608336,1,0,1,74.58951763343595,1,1,1,0,349.3568134593287,344.40354056442226
117.43572605411869,75,11.713737450333525,0,1,0,70.98997177884857,0,1,1,1,513.5943162261212,532.9470889221402
156.4899707014398,75,42.18612135808152,1,0,1,121.30483978193881,1,1,1,1,529.903309034464,579.5863168654932
41.928813801139164,10,12.490597580579495,1,0,0,0.0,0,0,1,1,292.4584302185979,326.534040219759
44.72609908412872,40,2.336045880560146,1,0,0,8.49548659284563,0,1,0,0,140.71857555628907,163.5515125152266
39.73386308292805,55,0.4219976791465604,1,0,1,50.342125566133845,0,1,0,1,285.9413963527585,364.6098118281846
91.65892932652963,29,11.535072480891513,1,0,1,38.617667281430116,1,1,0,0,180.40447744975611,220.38215140333176
54.810589085508255,10,7.75798141528446,1,0,1,44.11362182961361,1,1,1,1,442.7482356986345,439.29175323687883
25.57314876973867,55,0.3520651299233453,0,1,0,62.30580701940411,1,1,0,1,409.0433990678079,424.45920187493715
14.179780351360886,75,40.67836967720209,1,0,1,84.49603514146105,3,1,1,0,376.6198415651229,390.0566548721059
129.71561597414453,29,21.038600109659896,0,1,1,97.74842687492098,3,1,1,1,666.1757179725962,595.2989222526396
64.6162123936324,20,5.167498531486085,1,0,1,50.85853024706157,2,1,0,0,221.6736606787845,237.8234521659707
38.070235459160784,20,26.865098278845643,1,0,0,0.0,1,1,0,0,151.40478993040944,170.87067191111987
71.1430131735678,40,3.6984589904209098,1,0,1,19.315887905191317,3,0,0,0,178.4775588215887,172.1638189790555
28.88406974920545,55,6.542533095745711,1,0,1,51.98825421660805,0,0,1,1,359.63204564925616,380.7925822409773
80.02175385044312,40,1.591728370322741,1,0,1,65.34086232756435,0,0,1,1,394.2684271077794,407.78374422570226
58.69470439879033,55,18.61526335155689,1,0,1,72.89931726620534,1,0,0,1,317.93752806141333,356.4117034086465
6.652574783548389,75,4.431340961855702,1,0,0,63.95471603664698,2,0,0,0,279.02396217209116,220.92826238536998
54.81266575158339,40,14.03040819531762,1,0,1,46.35705332618051,2,1,0,1,388.83088026639746,400.2436261941637
101.6037330017707,75,5.40562108866801,1,0,0,68.53530430398818,1,0,1,1,463.37363558961675,451.2650862323317
34.91054513967966,20,1.9960770730107436,1,0,1,42.365562374156255,0,0,0,0,-23.61789644403619,113.24919296733098
16.954662147247838,120,8.069696384209971,1,0,0,43.949410987268436,1,1,1,1,436.6960263383471,471.205563153386
51.328032074695564,75,10.776203505373948,0,1,1,121.37650829494899,0,1,1,1,548.9244005410046,553.168341596908
84.7072603134728,55,2.1489846590237063,1,0,1,56.24467795185168,1,0,0,0,169.79373157254827,184.25864855628996
86.85497938624923,29,3.9474888238229426,1,0,0,64.98702460394033,0,0,0,0,160.85766003013168,163.8302667151814
88.94638686491014,40,24.398091837177862,1,0,0,38.064736647310596,0,0,1,1,383.1704352628625,377.8117471620455
63.108381026336964,40,12.641954996662477,1,0,0,51.55125501174705,1,1,0,1,398.4890561673589,391.15190179516816
125.62832659128082,29,26.67570138978065,1,0,1,92.66478290787283,0,1,0,1,371.4411330482508,439.547394029297
39.115221950457055,29,3.6230120641146937,1,0,0,74.18716247748746,0,0,0,0,124.50024070123379,162.097887959471
